asignatura,año,tipo,ccaa,link,operativo
Alemán,2015,Ordinaria,Andalucía,https://www.juntadeandalucia.es/economiaconocimientoempresasyuniversidad/sguit/examanes_anios_anteriores/selectividad/sel_2015_aleman.zip,si
Alemán,2016,Ordinaria,Andalucía,https://www.juntadeandalucia.es/economiaconocimientoempresasyuniversidad/sguit/examanes_anios_anteriores/selectividad/sel_2016_aleman.zip,si
Alemán,2017,Ordinaria,Andalucía,https://www.juntadeandalucia.es/economiaconocimientoempresasyuniversidad/sguit/examanes_anios_anteriores/selectividad/sel_2017_aleman.zip,si
Alemán,2018,Ordinaria,Andalucía,https://www.juntadeandalucia.es/economiaconocimientoempresasyuniversidad/sguit/examanes_anios_anteriores/selectividad/sel_2018_aleman.zip,si
Alemán,2019,Ordinaria,Andalucía,https://www.juntadeandalucia.es/economiaconocimientoempresasyuniversidad/sguit/examanes_anios_anteriores/selectividad/sel_2019_aleman.zip,si
Alemán,2020,Ordinaria,Andalucía,https://www.juntadeandalucia.es/economiaconocimientoempresasyuniversidad/sguit/examanes_anios_anteriores/selectividad/sel_2020_aleman.zip,si
Alemán,2021,Ordinaria,Andalucía,https://www.juntadeandalucia.es/economiaconocimientoempresasyuniversidad/sguit/examanes_anios_anteriores/selectividad/sel_2021_aleman.zip,si
Alemán,2022,Ordinaria,Andalucía,https://www.juntadeandalucia.es/economiaconocimientoempresasyuniversidad/sguit/examanes_anios_anteriores/selectividad/sel_2022_aleman.zip,si
Alemán,2023,Ordinaria,Andalucía,https://www.juntadeandalucia.es/economiaconocimientoempresasyuniversidad/sguit/examanes_anios_anteriores/selectividad/sel_2023_aleman.zip,si
Alemán,2024,Ordinaria,Andalucía,https://www.juntadeandalucia.es/economiaconocimientoempresasyuniversidad/sguit/examanes_anios_anteriores/selectividad/sel_2024_aleman.zip,si
Alemán,2025,Ordinaria,Andalucía,https://www.juntadeandalucia.es/economiaconocimientoempresasyuniversidad/sguit/examanes_anios_anteriores/selectividad/sel_2025_aleman.zip,si
Biología,2015,Ordinaria,Andalucía,https://www.juntadeandalucia.es/economiaconocimientoempresasyuniversidad/sguit/examanes_anios_anteriores/selectividad/sel_2015_biologia.zip,si
Biología,2016,Ordinaria,Andalucía,https://www.juntadeandalucia.es/economiaconocimientoempresasyuniversidad/sguit/examanes_anios_anteriores/selectividad/sel_2016_biologia.zip,si
Biología,2017,Ordinaria,Andalucía,https://www.juntadeandalucia.es/economiaconocimientoempresasyuniversidad/sguit/examanes_anios_anteriores/selectividad/sel_2017_biologia.zip,si
Biología,2018,Ordinaria,Andalucía,https://www.juntadeandalucia.es/economiaconocimientoempresasyuniversidad/sguit/examanes_anios_anteriores/selectividad/sel_2018_biologia.zip,si
Biología,2019,Ordinaria,Andalucía,https://www.juntadeandalucia.es/economiaconocimientoempresasyuniversidad/sguit/examanes_anios_anteriores/selectividad/sel_2019_biologia.zip,si
Biología,2020,Ordinaria,Andalucía,https://www.juntadeandalucia.es/economiaconocimientoempresasyuniversidad/sguit/examanes_anios_anteriores/selectividad/sel_2020_biologia.zip,si
Biología,2021,Ordinaria,Andalucía,https://www.juntadeandalucia.es/economiaconocimientoempresasyuniversidad/sguit/examanes_anios_anteriores/selectividad/sel_2021_biologia.zip,si
Biología,2022,Ordinaria,Andalucía,https://www.juntadeandalucia.es/economiaconocimientoempresasyuniversidad/sguit/examanes_anios_anteriores/selectividad/sel_2022_biologia.zip,si
Biología,2023,Ordinaria,Andalucía,https://www.juntadeandalucia.es/economiaconocimientoempresasyuniversidad/sguit/examanes_anios_anteriores/selectividad/sel_2023_biologia.zip,si
Biología,2024,Ordinaria,Andalucía,https://www.juntadeandalucia.es/economiaconocimientoempresasyuniversidad/sguit/examanes_anios_anteriores/selectividad/sel_2024_biologia.zip,si
Biología,2025,Ordinaria,Andalucía,https://www.juntadeandalucia.es/economiaconocimientoempresasyuniversidad/sguit/examanes_anios_anteriores/selectividad/sel_2025_biologia.zip,si
Ciencias Generales,2024,Ordinaria,Andalucía,https://www.juntadeandalucia.es/economiaconocimientoempresasyuniversidad/sguit/examanes_anios_anteriores/selectividad/sel_2024_ciencias_generales.zip,si
Ciencias Generales,2025,Ordinaria,Andalucía,https://www.juntadeandalucia.es/economiaconocimientoempresasyuniversidad/sguit/examanes_anios_anteriores/selectividad/sel_2025_ciencias_generales.zip,si
Ciencias de la Tierra,2015,Ordinaria,Andalucía,https://www.juntadeandalucia.es/economiaconocimientoempresasyuniversidad/sguit/examanes_anios_anteriores/selectividad/sel_2015_ciencias_tierra.zip,si
Ciencias de la Tierra,2016,Ordinaria,Andalucía,https://www.juntadeandalucia.es/economiaconocimientoempresasyuniversidad/sguit/examanes_anios_anteriores/selectividad/sel_2016_ciencias_tierra.zip,si
Ciencias de la Tierra,2017,Ordinaria,Andalucía,https://www.juntadeandalucia.es/economiaconocimientoempresasyuniversidad/sguit/examanes_anios_anteriores/selectividad/sel_2017_ciencias_tierra.zip,si
Ciencias de la Tierra,2018,Ordinaria,Andalucía,https://www.juntadeandalucia.es/economiaconocimientoempresasyuniversidad/sguit/examanes_anios_anteriores/selectividad/sel_2018_ciencias_tierra.zip,si
Coro y Técnica Vocal II,2024,Ordinaria,Andalucía,https://www.juntadeandalucia.es/economiaconocimientoempresasyuniversidad/sguit/examanes_anios_anteriores/selectividad/sel_2024_coro_tecnica.zip,si
Coro y Técnica Vocal II,2025,Ordinaria,Andalucía,https://www.juntadeandalucia.es/economiaconocimientoempresasyuniversidad/sguit/examanes_anios_anteriores/selectividad/sel_2025_coro_tecnica.zip,si
Dibujo Artístico II,2015,Ordinaria,Andalucía,https://www.juntadeandalucia.es/economiaconocimientoempresasyuniversidad/sguit/examanes_anios_anteriores/selectividad/sel_2015_dibujo_artistico.zip,si
Dibujo Artístico II,2016,Ordinaria,Andalucía,https://www.juntadeandalucia.es/economiaconocimientoempresasyuniversidad/sguit/examanes_anios_anteriores/selectividad/sel_2016_dibujo_artistico.zip,si
Dibujo Artístico II,2017,Ordinaria,Andalucía,https://www.juntadeandalucia.es/economiaconocimientoempresasyuniversidad/sguit/examanes_anios_anteriores/selectividad/sel_2017_dibujo_artistico.zip,si
Dibujo Artístico II,2018,Ordinaria,Andalucía,https://www.juntadeandalucia.es/economiaconocimientoempresasyuniversidad/sguit/examanes_anios_anteriores/selectividad/sel_2018_dibujo_artistico.zip,si
Dibujo Artístico II,2024,Ordinaria,Andalucía,https://www.juntadeandalucia.es/economiaconocimientoempresasyuniversidad/sguit/examanes_anios_anteriores/selectividad/sel_2024_dibujo_artistico.zip,si
Dibujo Artístico II,2025,Ordinaria,Andalucía,https://www.juntadeandalucia.es/economiaconocimientoempresasyuniversidad/sguit/examanes_anios_anteriores/selectividad/sel_2025_dibujo_artistico.zip,si
Dibujo Técnico II,2015,Ordinaria,Andalucía,https://www.juntadeandalucia.es/economiaconocimientoempresasyuniversidad/sguit/examanes_anios_anteriores/selectividad/sel_2015_dibujo_tecnico.zip,si
Dibujo Técnico II,2016,Ordinaria,Andalucía,https://www.juntadeandalucia.es/economiaconocimientoempresasyuniversidad/sguit/examanes_anios_anteriores/selectividad/sel_2016_dibujo_tecnico.zip,si
Dibujo Técnico II,2017,Ordinaria,Andalucía,https://www.juntadeandalucia.es/economiaconocimientoempresasyuniversidad/sguit/examanes_anios_anteriores/selectividad/sel_2017_dibujo_tecnico.zip,si
Dibujo Técnico II,2018,Ordinaria,Andalucía,https://www.juntadeandalucia.es/economiaconocimientoempresasyuniversidad/sguit/examanes_anios_anteriores/selectividad/sel_2018_dibujo_tecnico.zip,si
Dibujo Técnico II,2019,Ordinaria,Andalucía,https://www.juntadeandalucia.es/economiaconocimientoempresasyuniversidad/sguit/examanes_anios_anteriores/selectividad/sel_2019_dibujo_tecnico.zip,si
Dibujo Técnico II,2020,Ordinaria,Andalucía,https://www.juntadeandalucia.es/economiaconocimientoempresasyuniversidad/sguit/examanes_anios_anteriores/selectividad/sel_2020_dibujo_tecnico.zip,si
Dibujo Técnico II,2021,Ordinaria,Andalucía,https://www.juntadeandalucia.es/economiaconocimientoempresasyuniversidad/sguit/examanes_anios_anteriores/selectividad/sel_2021_dibujo_tecnico.zip,si
Dibujo Técnico II,2022,Ordinaria,Andalucía,https://www.juntadeandalucia.es/economiaconocimientoempresasyuniversidad/sguit/examanes_anios_anteriores/selectividad/sel_2022_dibujo_tecnico.zip,si
Dibujo Técnico II,2023,Ordinaria,Andalucía,https://www.juntadeandalucia.es/economiaconocimientoempresasyuniversidad/sguit/examanes_anios_anteriores/selectividad/sel_2023_dibujo_tecnico.zip,si
Dibujo Técnico II,2024,Ordinaria,Andalucía,https://www.juntadeandalucia.es/economiaconocimientoempresasyuniversidad/sguit/examanes_anios_anteriores/selectividad/sel_2024_dibujo_tecnico_aplicado.zip,si
Dibujo Técnico II,2024,Ordinaria,Andalucía,https://www.juntadeandalucia.es/economiaconocimientoempresasyuniversidad/sguit/examanes_anios_anteriores/selectividad/sel_2024_dibujo_tecnico.zip,si
Dibujo Técnico II,2025,Ordinaria,Andalucía,https://www.juntadeandalucia.es/economiaconocimientoempresasyuniversidad/sguit/examanes_anios_anteriores/selectividad/sel_2025_dibujo_tecnico_aplicado.zip,si
Dibujo Técnico II,2025,Ordinaria,Andalucía,https://www.juntadeandalucia.es/economiaconocimientoempresasyuniversidad/sguit/examanes_anios_anteriores/selectividad/sel_2025_dibujo_tecnico.zip,si
Diseño,2015,Ordinaria,Andalucía,https://www.juntadeandalucia.es/economiaconocimientoempresasyuniversidad/sguit/examanes_anios_anteriores/selectividad/sel_2015_diseno.zip,si
Diseño,2016,Ordinaria,Andalucía,https://www.juntadeandalucia.es/economiaconocimientoempresasyuniversidad/sguit/examanes_anios_anteriores/selectividad/sel_2016_diseno.zip,si
Diseño,2017,Ordinaria,Andalucía,https://www.juntadeandalucia.es/economiaconocimientoempresasyuniversidad/sguit/examanes_anios_anteriores/selectividad/sel_2017_diseno.zip,si
Diseño,2018,Ordinaria,Andalucía,https://www.juntadeandalucia.es/economiaconocimientoempresasyuniversidad/sguit/examanes_anios_anteriores/selectividad/sel_2018_diseno.zip,si
Diseño,2019,Ordinaria,Andalucía,https://www.juntadeandalucia.es/economiaconocimientoempresasyuniversidad/sguit/examanes_anios_anteriores/selectividad/sel_2019_diseno.zip,si
Diseño,2020,Ordinaria,Andalucía,https://www.juntadeandalucia.es/economiaconocimientoempresasyuniversidad/sguit/examanes_anios_anteriores/selectividad/sel_2020_diseno.zip,si
Diseño,2021,Ordinaria,Andalucía,https://www.juntadeandalucia.es/economiaconocimientoempresasyuniversidad/sguit/examanes_anios_anteriores/selectividad/sel_2021_diseno.zip,si
Diseño,2022,Ordinaria,Andalucía,https://www.juntadeandalucia.es/economiaconocimientoempresasyuniversidad/sguit/examanes_anios_anteriores/selectividad/sel_2022_diseno.zip,si
Diseño,2023,Ordinaria,Andalucía,https://www.juntadeandalucia.es/economiaconocimientoempresasyuniversidad/sguit/examanes_anios_anteriores/selectividad/sel_2023_diseno.zip,si
Diseño,2024,Ordinaria,Andalucía,https://www.juntadeandalucia.es/economiaconocimientoempresasyuniversidad/sguit/examanes_anios_anteriores/selectividad/sel_2024_diseno.zip,si
Diseño,2024,Ordinaria,Andalucía,https://www.juntadeandalucia.es/economiaconocimientoempresasyuniversidad/sguit/examanes_anios_anteriores/selectividad/sel_2024_empresa_diseno.zip,si
Diseño,2025,Ordinaria,Andalucía,https://www.juntadeandalucia.es/economiaconocimientoempresasyuniversidad/sguit/examanes_anios_anteriores/selectividad/sel_2025_diseno.zip,si
Diseño,2025,Ordinaria,Andalucía,https://www.juntadeandalucia.es/economiaconocimientoempresasyuniversidad/sguit/examanes_anios_anteriores/selectividad/sel_2025_empresa_diseno.zip,si
Francés,2015,Ordinaria,Andalucía,https://www.juntadeandalucia.es/economiaconocimientoempresasyuniversidad/sguit/examanes_anios_anteriores/selectividad/sel_2015_frances.zip,si
Francés,2016,Ordinaria,Andalucía,https://www.juntadeandalucia.es/economiaconocimientoempresasyuniversidad/sguit/examanes_anios_anteriores/selectividad/sel_2016_frances.zip,si
Francés,2017,Ordinaria,Andalucía,https://www.juntadeandalucia.es/economiaconocimientoempresasyuniversidad/sguit/examanes_anios_anteriores/selectividad/sel_2017_frances.zip,si
Francés,2018,Ordinaria,Andalucía,https://www.juntadeandalucia.es/economiaconocimientoempresasyuniversidad/sguit/examanes_anios_anteriores/selectividad/sel_2018_frances.zip,si
Francés,2019,Ordinaria,Andalucía,https://www.juntadeandalucia.es/economiaconocimientoempresasyuniversidad/sguit/examanes_anios_anteriores/selectividad/sel_2019_frances.zip,si
Francés,2020,Ordinaria,Andalucía,https://www.juntadeandalucia.es/economiaconocimientoempresasyuniversidad/sguit/examanes_anios_anteriores/selectividad/sel_2020_frances.zip,si
Francés,2021,Ordinaria,Andalucía,https://www.juntadeandalucia.es/economiaconocimientoempresasyuniversidad/sguit/examanes_anios_anteriores/selectividad/sel_2021_frances.zip,si
Francés,2022,Ordinaria,Andalucía,https://www.juntadeandalucia.es/economiaconocimientoempresasyuniversidad/sguit/examanes_anios_anteriores/selectividad/sel_2022_frances.zip,si
Francés,2023,Ordinaria,Andalucía,https://www.juntadeandalucia.es/economiaconocimientoempresasyuniversidad/sguit/examanes_anios_anteriores/selectividad/sel_2023_frances.zip,si
Francés,2024,Ordinaria,Andalucía,https://www.juntadeandalucia.es/economiaconocimientoempresasyuniversidad/sguit/examanes_anios_anteriores/selectividad/sel_2024_frances.zip,si
Francés,2025,Ordinaria,Andalucía,https://www.juntadeandalucia.es/economiaconocimientoempresasyuniversidad/sguit/examanes_anios_anteriores/selectividad/sel_2025_frances.zip,si
Fundamentos Artísticos,2017,Ordinaria,Andalucía,https://www.juntadeandalucia.es/economiaconocimientoempresasyuniversidad/sguit/examanes_anios_anteriores/selectividad/sel_2017_fundamentos_arte.zip,si
Fundamentos Artísticos,2018,Ordinaria,Andalucía,https://www.juntadeandalucia.es/economiaconocimientoempresasyuniversidad/sguit/examanes_anios_anteriores/selectividad/sel_2018_fundamentos_arte.zip,si
Fundamentos Artísticos,2019,Ordinaria,Andalucía,https://www.juntadeandalucia.es/economiaconocimientoempresasyuniversidad/sguit/examanes_anios_anteriores/selectividad/sel_2019_fundamentos_arte.zip,si
Fundamentos Artísticos,2020,Ordinaria,Andalucía,https://www.juntadeandalucia.es/economiaconocimientoempresasyuniversidad/sguit/examanes_anios_anteriores/selectividad/sel_2020_fundamentos_arte.zip,si
Fundamentos Artísticos,2021,Ordinaria,Andalucía,https://www.juntadeandalucia.es/economiaconocimientoempresasyuniversidad/sguit/examanes_anios_anteriores/selectividad/sel_2021_fundamentos_arte.zip,si
Fundamentos Artísticos,2022,Ordinaria,Andalucía,https://www.juntadeandalucia.es/economiaconocimientoempresasyuniversidad/sguit/examanes_anios_anteriores/selectividad/sel_2022_fundamentos_arte.zip,si
Fundamentos Artísticos,2023,Ordinaria,Andalucía,https://www.juntadeandalucia.es/economiaconocimientoempresasyuniversidad/sguit/examanes_anios_anteriores/selectividad/sel_2023_fundamentos_arte.zip,si
Fundamentos Artísticos,2024,Ordinaria,Andalucía,https://www.juntadeandalucia.es/economiaconocimientoempresasyuniversidad/sguit/examanes_anios_anteriores/selectividad/sel_2024_fundamentos_artisticos.zip,si
Fundamentos Artísticos,2024,Ordinaria,Andalucía,https://www.juntadeandalucia.es/economiaconocimientoempresasyuniversidad/sguit/examanes_anios_anteriores/selectividad/sel_2024_fundamentos_arte.zip,si
Fundamentos Artísticos,2025,Ordinaria,Andalucía,https://www.juntadeandalucia.es/economiaconocimientoempresasyuniversidad/sguit/examanes_anios_anteriores/selectividad/sel_2025_fundamentos_artisticos.zip,si
Física,2015,Ordinaria,Andalucía,https://www.juntadeandalucia.es/economiaconocimientoempresasyuniversidad/sguit/examanes_anios_anteriores/selectividad/sel_2015_fisica.zip,si
Física,2016,Ordinaria,Andalucía,https://www.juntadeandalucia.es/economiaconocimientoempresasyuniversidad/sguit/examanes_anios_anteriores/selectividad/sel_2016_fisica.zip,si
Física,2017,Ordinaria,Andalucía,https://www.juntadeandalucia.es/economiaconocimientoempresasyuniversidad/sguit/examanes_anios_anteriores/selectividad/sel_2017_fisica.zip,si
Física,2018,Ordinaria,Andalucía,https://www.juntadeandalucia.es/economiaconocimientoempresasyuniversidad/sguit/examanes_anios_anteriores/selectividad/sel_2018_fisica.zip,si
Física,2019,Ordinaria,Andalucía,https://www.juntadeandalucia.es/economiaconocimientoempresasyuniversidad/sguit/examanes_anios_anteriores/selectividad/sel_2019_fisica.zip,si
Física,2020,Ordinaria,Andalucía,https://www.juntadeandalucia.es/economiaconocimientoempresasyuniversidad/sguit/examanes_anios_anteriores/selectividad/sel_2020_fisica.zip,si
Física,2021,Ordinaria,Andalucía,https://www.juntadeandalucia.es/economiaconocimientoempresasyuniversidad/sguit/examanes_anios_anteriores/selectividad/sel_2021_fisica.zip,si
Física,2022,Ordinaria,Andalucía,https://www.juntadeandalucia.es/economiaconocimientoempresasyuniversidad/sguit/examanes_anios_anteriores/selectividad/sel_2022_fisica.zip,si
Física,2023,Ordinaria,Andalucía,https://www.juntadeandalucia.es/economiaconocimientoempresasyuniversidad/sguit/examanes_anios_anteriores/selectividad/sel_2023_fisica.zip,si
Física,2024,Ordinaria,Andalucía,https://www.juntadeandalucia.es/economiaconocimientoempresasyuniversidad/sguit/examanes_anios_anteriores/selectividad/sel_2024_fisica.zip,si
Física,2025,Ordinaria,Andalucía,https://www.juntadeandalucia.es/economiaconocimientoempresasyuniversidad/sguit/examanes_anios_anteriores/selectividad/sel_2025_fisica.zip,si
Geografía,2015,Ordinaria,Andalucía,https://www.juntadeandalucia.es/economiaconocimientoempresasyuniversidad/sguit/examanes_anios_anteriores/selectividad/sel_2015_geografia.zip,si
Geografía,2016,Ordinaria,Andalucía,https://www.juntadeandalucia.es/economiaconocimientoempresasyuniversidad/sguit/examanes_anios_anteriores/selectividad/sel_2016_geografia.zip,si
Geografía,2017,Ordinaria,Andalucía,https://www.juntadeandalucia.es/economiaconocimientoempresasyuniversidad/sguit/examanes_anios_anteriores/selectividad/sel_2017_geografia.zip,si
Geografía,2018,Ordinaria,Andalucía,https://www.juntadeandalucia.es/economiaconocimientoempresasyuniversidad/sguit/examanes_anios_anteriores/selectividad/sel_2018_geografia.zip,si
Geografía,2019,Ordinaria,Andalucía,https://www.juntadeandalucia.es/economiaconocimientoempresasyuniversidad/sguit/examanes_anios_anteriores/selectividad/sel_2019_geografia.zip,si
Geografía,2020,Ordinaria,Andalucía,https://www.juntadeandalucia.es/economiaconocimientoempresasyuniversidad/sguit/examanes_anios_anteriores/selectividad/sel_2020_geografia.zip,si
Geografía,2021,Ordinaria,Andalucía,https://www.juntadeandalucia.es/economiaconocimientoempresasyuniversidad/sguit/examanes_anios_anteriores/selectividad/sel_2021_geografia.zip,si
Geografía,2022,Ordinaria,Andalucía,https://www.juntadeandalucia.es/economiaconocimientoempresasyuniversidad/sguit/examanes_anios_anteriores/selectividad/sel_2022_geografia.zip,si
Geografía,2023,Ordinaria,Andalucía,https://www.juntadeandalucia.es/economiaconocimientoempresasyuniversidad/sguit/examanes_anios_anteriores/selectividad/sel_2023_geografia.zip,si
Geografía,2024,Ordinaria,Andalucía,https://www.juntadeandalucia.es/economiaconocimientoempresasyuniversidad/sguit/examanes_anios_anteriores/selectividad/sel_2024_geografia.zip,si
Geografía,2025,Ordinaria,Andalucía,https://www.juntadeandalucia.es/economiaconocimientoempresasyuniversidad/sguit/examanes_anios_anteriores/selectividad/sel_2025_geografia.zip,si
Geología y Ciencias Ambientales,2024,Ordinaria,Andalucía,https://www.juntadeandalucia.es/economiaconocimientoempresasyuniversidad/sguit/examanes_anios_anteriores/selectividad/sel_2024_geologia_ciencias_ambientales.zip,si
Geología y Ciencias Ambientales,2025,Ordinaria,Andalucía,https://www.juntadeandalucia.es/economiaconocimientoempresasyuniversidad/sguit/examanes_anios_anteriores/selectividad/sel_2025_geologia_ciencias_ambientales.zip,si
Griego II,2015,Ordinaria,Andalucía,https://www.juntadeandalucia.es/economiaconocimientoempresasyuniversidad/sguit/examanes_anios_anteriores/selectividad/sel_2015_griego.zip,si
Griego II,2016,Ordinaria,Andalucía,https://www.juntadeandalucia.es/economiaconocimientoempresasyuniversidad/sguit/examanes_anios_anteriores/selectividad/sel_2016_griego.zip,si
Griego II,2017,Ordinaria,Andalucía,https://www.juntadeandalucia.es/economiaconocimientoempresasyuniversidad/sguit/examanes_anios_anteriores/selectividad/sel_2017_griego.zip,si
Griego II,2018,Ordinaria,Andalucía,https://www.juntadeandalucia.es/economiaconocimientoempresasyuniversidad/sguit/examanes_anios_anteriores/selectividad/sel_2018_griego.zip,si
Griego II,2019,Ordinaria,Andalucía,https://www.juntadeandalucia.es/economiaconocimientoempresasyuniversidad/sguit/examanes_anios_anteriores/selectividad/sel_2019_griego.zip,si
Griego II,2020,Ordinaria,Andalucía,https://www.juntadeandalucia.es/economiaconocimientoempresasyuniversidad/sguit/examanes_anios_anteriores/selectividad/sel_2020_griego.zip,si
Griego II,2021,Ordinaria,Andalucía,https://www.juntadeandalucia.es/economiaconocimientoempresasyuniversidad/sguit/examanes_anios_anteriores/selectividad/sel_2021_griego.zip,si
Griego II,2022,Ordinaria,Andalucía,https://www.juntadeandalucia.es/economiaconocimientoempresasyuniversidad/sguit/examanes_anios_anteriores/selectividad/sel_2022_griego.zip,si
Griego II,2023,Ordinaria,Andalucía,https://www.juntadeandalucia.es/economiaconocimientoempresasyuniversidad/sguit/examanes_anios_anteriores/selectividad/sel_2023_griego.zip,si
Griego II,2024,Ordinaria,Andalucía,https://www.juntadeandalucia.es/economiaconocimientoempresasyuniversidad/sguit/examanes_anios_anteriores/selectividad/sel_2024_griego.zip,si
Griego II,2025,Ordinaria,Andalucía,https://www.juntadeandalucia.es/economiaconocimientoempresasyuniversidad/sguit/examanes_anios_anteriores/selectividad/sel_2025_griego.zip,si
Historia de España,2015,Ordinaria,Andalucía,https://www.juntadeandalucia.es/economiaconocimientoempresasyuniversidad/sguit/examanes_anios_anteriores/selectividad/sel_2015_historia_arte.zip,si
Historia de España,2015,Ordinaria,Andalucía,https://www.juntadeandalucia.es/economiaconocimientoempresasyuniversidad/sguit/examanes_anios_anteriores/selectividad/sel_2015_historia_espana.zip,si
Historia de España,2015,Ordinaria,Andalucía,https://www.juntadeandalucia.es/economiaconocimientoempresasyuniversidad/sguit/examanes_anios_anteriores/selectividad/sel_2015_historia_filosofia.zip,si
Historia de España,2016,Ordinaria,Andalucía,https://www.juntadeandalucia.es/economiaconocimientoempresasyuniversidad/sguit/examanes_anios_anteriores/selectividad/sel_2016_historia_arte.zip,si
Historia de España,2016,Ordinaria,Andalucía,https://www.juntadeandalucia.es/economiaconocimientoempresasyuniversidad/sguit/examanes_anios_anteriores/selectividad/sel_2016_historia_espana.zip,si
Historia de España,2016,Ordinaria,Andalucía,https://www.juntadeandalucia.es/economiaconocimientoempresasyuniversidad/sguit/examanes_anios_anteriores/selectividad/sel_2016_historia_filosofia.zip,si
Historia de España,2016,Ordinaria,Andalucía,https://www.juntadeandalucia.es/economiaconocimientoempresasyuniversidad/sguit/examanes_anios_anteriores/selectividad/sel_2016_historia_musica.zip,si
Historia de España,2017,Ordinaria,Andalucía,https://www.juntadeandalucia.es/economiaconocimientoempresasyuniversidad/sguit/examanes_anios_anteriores/selectividad/sel_2017_historia_arte.zip,si
Historia de España,2017,Ordinaria,Andalucía,https://www.juntadeandalucia.es/economiaconocimientoempresasyuniversidad/sguit/examanes_anios_anteriores/selectividad/sel_2017_historia_espana.zip,si
Historia de España,2017,Ordinaria,Andalucía,https://www.juntadeandalucia.es/economiaconocimientoempresasyuniversidad/sguit/examanes_anios_anteriores/selectividad/sel_2017_historia_filosofia.zip,si
Historia de España,2017,Ordinaria,Andalucía,https://www.juntadeandalucia.es/economiaconocimientoempresasyuniversidad/sguit/examanes_anios_anteriores/selectividad/sel_2017_historia_musica.zip,si
Historia de España,2018,Ordinaria,Andalucía,https://www.juntadeandalucia.es/economiaconocimientoempresasyuniversidad/sguit/examanes_anios_anteriores/selectividad/sel_2018_historia_arte.zip,si
Historia de España,2018,Ordinaria,Andalucía,https://www.juntadeandalucia.es/economiaconocimientoempresasyuniversidad/sguit/examanes_anios_anteriores/selectividad/sel_2018_historia_espana.zip,si
Historia de España,2018,Ordinaria,Andalucía,https://www.juntadeandalucia.es/economiaconocimientoempresasyuniversidad/sguit/examanes_anios_anteriores/selectividad/sel_2018_historia_filosofia.zip,si
Historia de España,2018,Ordinaria,Andalucía,https://www.juntadeandalucia.es/economiaconocimientoempresasyuniversidad/sguit/examanes_anios_anteriores/selectividad/sel_2018_historia_musica.zip,si
Historia de España,2019,Ordinaria,Andalucía,https://www.juntadeandalucia.es/economiaconocimientoempresasyuniversidad/sguit/examanes_anios_anteriores/selectividad/sel_2019_historia_arte.zip,si
Historia de España,2019,Ordinaria,Andalucía,https://www.juntadeandalucia.es/economiaconocimientoempresasyuniversidad/sguit/examanes_anios_anteriores/selectividad/sel_2019_historia_espana.zip,si
Historia de España,2019,Ordinaria,Andalucía,https://www.juntadeandalucia.es/economiaconocimientoempresasyuniversidad/sguit/examanes_anios_anteriores/selectividad/sel_2019_historia_filosofia.zip,si
Historia de España,2020,Ordinaria,Andalucía,https://www.juntadeandalucia.es/economiaconocimientoempresasyuniversidad/sguit/examanes_anios_anteriores/selectividad/sel_2020_historia_arte.zip,si
Historia de España,2020,Ordinaria,Andalucía,https://www.juntadeandalucia.es/economiaconocimientoempresasyuniversidad/sguit/examanes_anios_anteriores/selectividad/sel_2020_historia_espana.zip,si
Historia de España,2020,Ordinaria,Andalucía,https://www.juntadeandalucia.es/economiaconocimientoempresasyuniversidad/sguit/examanes_anios_anteriores/selectividad/sel_2020_historia_filosofia.zip,si
Historia de España,2021,Ordinaria,Andalucía,https://www.juntadeandalucia.es/economiaconocimientoempresasyuniversidad/sguit/examanes_anios_anteriores/selectividad/sel_2021_historia_arte.zip,si
Historia de España,2021,Ordinaria,Andalucía,https://www.juntadeandalucia.es/economiaconocimientoempresasyuniversidad/sguit/examanes_anios_anteriores/selectividad/sel_2021_historia_espana.zip,si
Historia de España,2021,Ordinaria,Andalucía,https://www.juntadeandalucia.es/economiaconocimientoempresasyuniversidad/sguit/examanes_anios_anteriores/selectividad/sel_2021_historia_filosofia.zip,si
Historia de España,2022,Ordinaria,Andalucía,https://www.juntadeandalucia.es/economiaconocimientoempresasyuniversidad/sguit/examanes_anios_anteriores/selectividad/sel_2022_historia_arte.zip,si
Historia de España,2022,Ordinaria,Andalucía,https://www.juntadeandalucia.es/economiaconocimientoempresasyuniversidad/sguit/examanes_anios_anteriores/selectividad/sel_2022_historia_espana.zip,si
Historia de España,2022,Ordinaria,Andalucía,https://www.juntadeandalucia.es/economiaconocimientoempresasyuniversidad/sguit/examanes_anios_anteriores/selectividad/sel_2022_historia_filosofia.zip,si
Historia de España,2023,Ordinaria,Andalucía,https://www.juntadeandalucia.es/economiaconocimientoempresasyuniversidad/sguit/examanes_anios_anteriores/selectividad/sel_2023_historia_arte.zip,si
Historia de España,2023,Ordinaria,Andalucía,https://www.juntadeandalucia.es/economiaconocimientoempresasyuniversidad/sguit/examanes_anios_anteriores/selectividad/sel_2023_historia_espana.zip,si
Historia de España,2023,Ordinaria,Andalucía,https://www.juntadeandalucia.es/economiaconocimientoempresasyuniversidad/sguit/examanes_anios_anteriores/selectividad/sel_2023_historia_filosofia.zip,si
Historia de España,2024,Ordinaria,Andalucía,https://www.juntadeandalucia.es/economiaconocimientoempresasyuniversidad/sguit/examanes_anios_anteriores/selectividad/sel_2024_historia_arte.zip,si
Historia de España,2024,Ordinaria,Andalucía,https://www.juntadeandalucia.es/economiaconocimientoempresasyuniversidad/sguit/examanes_anios_anteriores/selectividad/sel_2024_historia_espana.zip,si
Historia de España,2024,Ordinaria,Andalucía,https://www.juntadeandalucia.es/economiaconocimientoempresasyuniversidad/sguit/examanes_anios_anteriores/selectividad/sel_2024_historia_filosofia.zip,si
Historia de España,2024,Ordinaria,Andalucía,https://www.juntadeandalucia.es/economiaconocimientoempresasyuniversidad/sguit/examanes_anios_anteriores/selectividad/sel_2024_historia_musica.zip,si
Historia de España,2025,Ordinaria,Andalucía,https://www.juntadeandalucia.es/economiaconocimientoempresasyuniversidad/sguit/examanes_anios_anteriores/selectividad/sel_2025_historia_arte.zip,si
Historia de España,2025,Ordinaria,Andalucía,https://www.juntadeandalucia.es/economiaconocimientoempresasyuniversidad/sguit/examanes_anios_anteriores/selectividad/sel_2025_historia_espana.zip,si
Historia de España,2025,Ordinaria,Andalucía,https://www.juntadeandalucia.es/economiaconocimientoempresasyuniversidad/sguit/examanes_anios_anteriores/selectividad/sel_2025_historia_filosofia.zip,si
Historia de España,2025,Ordinaria,Andalucía,https://www.juntadeandalucia.es/economiaconocimientoempresasyuniversidad/sguit/examanes_anios_anteriores/selectividad/sel_2025_historia_musica.zip,si
Inglés,2015,Ordinaria,Andalucía,https://www.juntadeandalucia.es/economiaconocimientoempresasyuniversidad/sguit/examanes_anios_anteriores/selectividad/sel_2015_ingles.zip,si
Inglés,2016,Ordinaria,Andalucía,https://www.juntadeandalucia.es/economiaconocimientoempresasyuniversidad/sguit/examanes_anios_anteriores/selectividad/sel_2016_ingles.zip,si
Inglés,2017,Ordinaria,Andalucía,https://www.juntadeandalucia.es/economiaconocimientoempresasyuniversidad/sguit/examanes_anios_anteriores/selectividad/sel_2017_ingles.zip,si
Inglés,2018,Ordinaria,Andalucía,https://www.juntadeandalucia.es/economiaconocimientoempresasyuniversidad/sguit/examanes_anios_anteriores/selectividad/sel_2018_ingles.zip,si
Inglés,2019,Ordinaria,Andalucía,https://www.juntadeandalucia.es/economiaconocimientoempresasyuniversidad/sguit/examanes_anios_anteriores/selectividad/sel_2019_ingles.zip,si
Inglés,2020,Ordinaria,Andalucía,https://www.juntadeandalucia.es/economiaconocimientoempresasyuniversidad/sguit/examanes_anios_anteriores/selectividad/sel_2020_ingles.zip,si
Inglés,2021,Ordinaria,Andalucía,https://www.juntadeandalucia.es/economiaconocimientoempresasyuniversidad/sguit/examanes_anios_anteriores/selectividad/sel_2021_ingles.zip,si
Inglés,2022,Ordinaria,Andalucía,https://www.juntadeandalucia.es/economiaconocimientoempresasyuniversidad/sguit/examanes_anios_anteriores/selectividad/sel_2022_ingles.zip,si
Inglés,2023,Ordinaria,Andalucía,https://www.juntadeandalucia.es/economiaconocimientoempresasyuniversidad/sguit/examanes_anios_anteriores/selectividad/sel_2023_ingles.zip,si
Inglés,2024,Ordinaria,Andalucía,https://www.juntadeandalucia.es/economiaconocimientoempresasyuniversidad/sguit/examanes_anios_anteriores/selectividad/sel_2024_ingles.zip,si
Inglés,2025,Ordinaria,Andalucía,https://www.juntadeandalucia.es/economiaconocimientoempresasyuniversidad/sguit/examanes_anios_anteriores/selectividad/sel_2025_ingles.zip,si
Italiano,2015,Ordinaria,Andalucía,https://www.juntadeandalucia.es/economiaconocimientoempresasyuniversidad/sguit/examanes_anios_anteriores/selectividad/sel_2015_italiano.zip,si
Italiano,2016,Ordinaria,Andalucía,https://www.juntadeandalucia.es/economiaconocimientoempresasyuniversidad/sguit/examanes_anios_anteriores/selectividad/sel_2016_italiano.zip,si
Italiano,2017,Ordinaria,Andalucía,https://www.juntadeandalucia.es/economiaconocimientoempresasyuniversidad/sguit/examanes_anios_anteriores/selectividad/sel_2017_italiano.zip,si
Italiano,2018,Ordinaria,Andalucía,https://www.juntadeandalucia.es/economiaconocimientoempresasyuniversidad/sguit/examanes_anios_anteriores/selectividad/sel_2018_italiano.zip,si
Italiano,2019,Ordinaria,Andalucía,https://www.juntadeandalucia.es/economiaconocimientoempresasyuniversidad/sguit/examanes_anios_anteriores/selectividad/sel_2019_italiano.zip,si
Italiano,2020,Ordinaria,Andalucía,https://www.juntadeandalucia.es/economiaconocimientoempresasyuniversidad/sguit/examanes_anios_anteriores/selectividad/sel_2020_italiano.zip,si
Italiano,2021,Ordinaria,Andalucía,https://www.juntadeandalucia.es/economiaconocimientoempresasyuniversidad/sguit/examanes_anios_anteriores/selectividad/sel_2021_italiano.zip,si
Italiano,2022,Ordinaria,Andalucía,https://www.juntadeandalucia.es/economiaconocimientoempresasyuniversidad/sguit/examanes_anios_anteriores/selectividad/sel_2022_italiano.zip,si
Italiano,2023,Ordinaria,Andalucía,https://www.juntadeandalucia.es/economiaconocimientoempresasyuniversidad/sguit/examanes_anios_anteriores/selectividad/sel_2023_italiano.zip,si
Italiano,2024,Ordinaria,Andalucía,https://www.juntadeandalucia.es/economiaconocimientoempresasyuniversidad/sguit/examanes_anios_anteriores/selectividad/sel_2024_italiano.zip,si
Italiano,2025,Ordinaria,Andalucía,https://www.juntadeandalucia.es/economiaconocimientoempresasyuniversidad/sguit/examanes_anios_anteriores/selectividad/sel_2025_italiano.zip,si
Latín II,2015,Ordinaria,Andalucía,https://www.juntadeandalucia.es/economiaconocimientoempresasyuniversidad/sguit/examanes_anios_anteriores/selectividad/sel_2015_latin.zip,si
Latín II,2016,Ordinaria,Andalucía,https://www.juntadeandalucia.es/economiaconocimientoempresasyuniversidad/sguit/examanes_anios_anteriores/selectividad/sel_2016_latin.zip,si
Latín II,2017,Ordinaria,Andalucía,https://www.juntadeandalucia.es/economiaconocimientoempresasyuniversidad/sguit/examanes_anios_anteriores/selectividad/sel_2017_latin.zip,si
Latín II,2018,Ordinaria,Andalucía,https://www.juntadeandalucia.es/economiaconocimientoempresasyuniversidad/sguit/examanes_anios_anteriores/selectividad/sel_2018_latin.zip,si
Latín II,2019,Ordinaria,Andalucía,https://www.juntadeandalucia.es/economiaconocimientoempresasyuniversidad/sguit/examanes_anios_anteriores/selectividad/sel_2019_latin.zip,si
Latín II,2020,Ordinaria,Andalucía,https://www.juntadeandalucia.es/economiaconocimientoempresasyuniversidad/sguit/examanes_anios_anteriores/selectividad/sel_2020_latin.zip,si
Latín II,2021,Ordinaria,Andalucía,https://www.juntadeandalucia.es/economiaconocimientoempresasyuniversidad/sguit/examanes_anios_anteriores/selectividad/sel_2021_latin.zip,si
Latín II,2022,Ordinaria,Andalucía,https://www.juntadeandalucia.es/economiaconocimientoempresasyuniversidad/sguit/examanes_anios_anteriores/selectividad/sel_2022_latin.zip,si
Latín II,2023,Ordinaria,Andalucía,https://www.juntadeandalucia.es/economiaconocimientoempresasyuniversidad/sguit/examanes_anios_anteriores/selectividad/sel_2023_latin.zip,si
Latín II,2024,Ordinaria,Andalucía,https://www.juntadeandalucia.es/economiaconocimientoempresasyuniversidad/sguit/examanes_anios_anteriores/selectividad/sel_2024_latin.zip,si
Latín II,2025,Ordinaria,Andalucía,https://www.juntadeandalucia.es/economiaconocimientoempresasyuniversidad/sguit/examanes_anios_anteriores/selectividad/sel_2025_latin.zip,si
Lengua Castellana y Literatura,2015,Ordinaria,Andalucía,https://www.juntadeandalucia.es/economiaconocimientoempresasyuniversidad/sguit/examanes_anios_anteriores/selectividad/sel_2015_lengua_castellana.zip,si
Lengua Castellana y Literatura,2016,Ordinaria,Andalucía,https://www.juntadeandalucia.es/economiaconocimientoempresasyuniversidad/sguit/examanes_anios_anteriores/selectividad/sel_2016_lengua_castellana.zip,si
Lengua Castellana y Literatura,2017,Ordinaria,Andalucía,https://www.juntadeandalucia.es/economiaconocimientoempresasyuniversidad/sguit/examanes_anios_anteriores/selectividad/sel_2017_lengua_castellana.zip,si
Lengua Castellana y Literatura,2018,Ordinaria,Andalucía,https://www.juntadeandalucia.es/economiaconocimientoempresasyuniversidad/sguit/examanes_anios_anteriores/selectividad/sel_2018_lengua_castellana.zip,si
Lengua Castellana y Literatura,2019,Ordinaria,Andalucía,https://www.juntadeandalucia.es/economiaconocimientoempresasyuniversidad/sguit/examanes_anios_anteriores/selectividad/sel_2019_lengua_castellana.zip,si
Lengua Castellana y Literatura,2020,Ordinaria,Andalucía,https://www.juntadeandalucia.es/economiaconocimientoempresasyuniversidad/sguit/examanes_anios_anteriores/selectividad/sel_2020_lengua_castellana.zip,si
Lengua Castellana y Literatura,2021,Ordinaria,Andalucía,https://www.juntadeandalucia.es/economiaconocimientoempresasyuniversidad/sguit/examanes_anios_anteriores/selectividad/sel_2021_lengua_castellana.zip,si
Lengua Castellana y Literatura,2022,Ordinaria,Andalucía,https://www.juntadeandalucia.es/economiaconocimientoempresasyuniversidad/sguit/examanes_anios_anteriores/selectividad/sel_2022_lengua_castellana.zip,si
Lengua Castellana y Literatura,2023,Ordinaria,Andalucía,https://www.juntadeandalucia.es/economiaconocimientoempresasyuniversidad/sguit/examanes_anios_anteriores/selectividad/sel_2023_lengua_castellana.zip,si
Lengua Castellana y Literatura,2024,Ordinaria,Andalucía,https://www.juntadeandalucia.es/economiaconocimientoempresasyuniversidad/sguit/examanes_anios_anteriores/selectividad/sel_2024_lengua_castellana.zip,si
Lengua Castellana y Literatura,2025,Ordinaria,Andalucía,https://www.juntadeandalucia.es/economiaconocimientoempresasyuniversidad/sguit/examanes_anios_anteriores/selectividad/sel_2025_lengua_castellana.zip,si
Literatura Dramática,2024,Ordinaria,Andalucía,https://www.juntadeandalucia.es/economiaconocimientoempresasyuniversidad/sguit/examanes_anios_anteriores/selectividad/sel_2024_literatura_dramatica.zip,si
Literatura Dramática,2025,Ordinaria,Andalucía,https://www.juntadeandalucia.es/economiaconocimientoempresasyuniversidad/sguit/examanes_anios_anteriores/selectividad/sel_2025_literatura_dramatica.zip,si
Matemáticas II,2015,Ordinaria,Andalucía,https://www.juntadeandalucia.es/economiaconocimientoempresasyuniversidad/sguit/examanes_anios_anteriores/selectividad/sel_2015_matematicas.zip,si
Matemáticas II,2015,Ordinaria,Andalucía,https://www.juntadeandalucia.es/economiaconocimientoempresasyuniversidad/sguit/examanes_anios_anteriores/selectividad/sel_2015_matematicas_aplicadas.zip,si
Matemáticas II,2016,Ordinaria,Andalucía,https://www.juntadeandalucia.es/economiaconocimientoempresasyuniversidad/sguit/examanes_anios_anteriores/selectividad/sel_2016_matematicas.zip,si
Matemáticas II,2016,Ordinaria,Andalucía,https://www.juntadeandalucia.es/economiaconocimientoempresasyuniversidad/sguit/examanes_anios_anteriores/selectividad/sel_2016_matematicas_aplicadas.zip,si
Matemáticas II,2017,Ordinaria,Andalucía,https://www.juntadeandalucia.es/economiaconocimientoempresasyuniversidad/sguit/examanes_anios_anteriores/selectividad/sel_2017_matematicas.zip,si
Matemáticas II,2017,Ordinaria,Andalucía,https://www.juntadeandalucia.es/economiaconocimientoempresasyuniversidad/sguit/examanes_anios_anteriores/selectividad/sel_2017_matematicas_aplicadas.zip,si
Matemáticas II,2018,Ordinaria,Andalucía,https://www.juntadeandalucia.es/economiaconocimientoempresasyuniversidad/sguit/examanes_anios_anteriores/selectividad/sel_2018_matematicas.zip,si
Matemáticas II,2018,Ordinaria,Andalucía,https://www.juntadeandalucia.es/economiaconocimientoempresasyuniversidad/sguit/examanes_anios_anteriores/selectividad/sel_2018_matematicas_aplicadas.zip,si
Matemáticas II,2019,Ordinaria,Andalucía,https://www.juntadeandalucia.es/economiaconocimientoempresasyuniversidad/sguit/examanes_anios_anteriores/selectividad/sel_2019_matematicas.zip,si
Matemáticas II,2019,Ordinaria,Andalucía,https://www.juntadeandalucia.es/economiaconocimientoempresasyuniversidad/sguit/examanes_anios_anteriores/selectividad/sel_2019_matematicas_aplicadas.zip,si
Matemáticas II,2020,Ordinaria,Andalucía,https://www.juntadeandalucia.es/economiaconocimientoempresasyuniversidad/sguit/examanes_anios_anteriores/selectividad/sel_2020_matematicas.zip,si
Matemáticas II,2020,Ordinaria,Andalucía,https://www.juntadeandalucia.es/economiaconocimientoempresasyuniversidad/sguit/examanes_anios_anteriores/selectividad/sel_2020_matematicas_aplicadas.zip,si
Matemáticas II,2021,Ordinaria,Andalucía,https://www.juntadeandalucia.es/economiaconocimientoempresasyuniversidad/sguit/examanes_anios_anteriores/selectividad/sel_2021_matematicas.zip,si
Matemáticas II,2021,Ordinaria,Andalucía,https://www.juntadeandalucia.es/economiaconocimientoempresasyuniversidad/sguit/examanes_anios_anteriores/selectividad/sel_2021_matematicas_aplicadas.zip,si
Matemáticas II,2022,Ordinaria,Andalucía,https://www.juntadeandalucia.es/economiaconocimientoempresasyuniversidad/sguit/examanes_anios_anteriores/selectividad/sel_2022_matematicas.zip,si
Matemáticas II,2022,Ordinaria,Andalucía,https://www.juntadeandalucia.es/economiaconocimientoempresasyuniversidad/sguit/examanes_anios_anteriores/selectividad/sel_2022_matematicas_aplicadas.zip,si
Matemáticas II,2023,Ordinaria,Andalucía,https://www.juntadeandalucia.es/economiaconocimientoempresasyuniversidad/sguit/examanes_anios_anteriores/selectividad/sel_2023_matematicas.zip,si
Matemáticas II,2023,Ordinaria,Andalucía,https://www.juntadeandalucia.es/economiaconocimientoempresasyuniversidad/sguit/examanes_anios_anteriores/selectividad/sel_2023_matematicas_aplicadas.zip,si
Matemáticas II,2024,Ordinaria,Andalucía,https://www.juntadeandalucia.es/economiaconocimientoempresasyuniversidad/sguit/examanes_anios_anteriores/selectividad/sel_2024_matematicas.zip,si
Matemáticas II,2024,Ordinaria,Andalucía,https://www.juntadeandalucia.es/economiaconocimientoempresasyuniversidad/sguit/examanes_anios_anteriores/selectividad/sel_2024_matematicas_aplicadas.zip,si
Matemáticas II,2025,Ordinaria,Andalucía,https://www.juntadeandalucia.es/economiaconocimientoempresasyuniversidad/sguit/examanes_anios_anteriores/selectividad/sel_2025_matematicas.zip,si
Matemáticas II,2025,Ordinaria,Andalucía,https://www.juntadeandalucia.es/economiaconocimientoempresasyuniversidad/sguit/examanes_anios_anteriores/selectividad/sel_2025_matematicas_aplicadas.zip,si
Movimientos Culturales y Artísticos,2024,Ordinaria,Andalucía,https://www.juntadeandalucia.es/economiaconocimientoempresasyuniversidad/sguit/examanes_anios_anteriores/selectividad/sel_2024_movimientos_culturales.zip,si
Movimientos Culturales y Artísticos,2025,Ordinaria,Andalucía,https://www.juntadeandalucia.es/economiaconocimientoempresasyuniversidad/sguit/examanes_anios_anteriores/selectividad/sel_2025_movimientos_culturales.zip,si
Portugués,2015,Ordinaria,Andalucía,https://www.juntadeandalucia.es/economiaconocimientoempresasyuniversidad/sguit/examanes_anios_anteriores/selectividad/sel_2015_portugues.zip,si
Portugués,2016,Ordinaria,Andalucía,https://www.juntadeandalucia.es/economiaconocimientoempresasyuniversidad/sguit/examanes_anios_anteriores/selectividad/sel_2016_portugues.zip,si
Portugués,2017,Ordinaria,Andalucía,https://www.juntadeandalucia.es/economiaconocimientoempresasyuniversidad/sguit/examanes_anios_anteriores/selectividad/sel_2017_portugues.zip,si
Portugués,2018,Ordinaria,Andalucía,https://www.juntadeandalucia.es/economiaconocimientoempresasyuniversidad/sguit/examanes_anios_anteriores/selectividad/sel_2018_portugues.zip,si
Portugués,2019,Ordinaria,Andalucía,https://www.juntadeandalucia.es/economiaconocimientoempresasyuniversidad/sguit/examanes_anios_anteriores/selectividad/sel_2019_portugues.zip,si
Portugués,2020,Ordinaria,Andalucía,https://www.juntadeandalucia.es/economiaconocimientoempresasyuniversidad/sguit/examanes_anios_anteriores/selectividad/sel_2020_portugues.zip,si
Portugués,2021,Ordinaria,Andalucía,https://www.juntadeandalucia.es/economiaconocimientoempresasyuniversidad/sguit/examanes_anios_anteriores/selectividad/sel_2021_portugues.zip,si
Portugués,2022,Ordinaria,Andalucía,https://www.juntadeandalucia.es/economiaconocimientoempresasyuniversidad/sguit/examanes_anios_anteriores/selectividad/sel_2022_portugues.zip,si
Portugués,2023,Ordinaria,Andalucía,https://www.juntadeandalucia.es/economiaconocimientoempresasyuniversidad/sguit/examanes_anios_anteriores/selectividad/sel_2023_portugues.zip,si
Portugués,2024,Ordinaria,Andalucía,https://www.juntadeandalucia.es/economiaconocimientoempresasyuniversidad/sguit/examanes_anios_anteriores/selectividad/sel_2024_portugues.zip,si
Portugués,2025,Ordinaria,Andalucía,https://www.juntadeandalucia.es/economiaconocimientoempresasyuniversidad/sguit/examanes_anios_anteriores/selectividad/sel_2025_portugues.zip,si
Química,2015,Ordinaria,Andalucía,https://www.juntadeandalucia.es/economiaconocimientoempresasyuniversidad/sguit/examanes_anios_anteriores/selectividad/sel_2015_quimica.zip,si
Química,2016,Ordinaria,Andalucía,https://www.juntadeandalucia.es/economiaconocimientoempresasyuniversidad/sguit/examanes_anios_anteriores/selectividad/sel_2016_quimica.zip,si
Química,2017,Ordinaria,Andalucía,https://www.juntadeandalucia.es/economiaconocimientoempresasyuniversidad/sguit/examanes_anios_anteriores/selectividad/sel_2017_quimica.zip,si
Química,2018,Ordinaria,Andalucía,https://www.juntadeandalucia.es/economiaconocimientoempresasyuniversidad/sguit/examanes_anios_anteriores/selectividad/sel_2018_quimica.zip,si
Química,2019,Ordinaria,Andalucía,https://www.juntadeandalucia.es/economiaconocimientoempresasyuniversidad/sguit/examanes_anios_anteriores/selectividad/sel_2019_quimica.zip,si
Química,2020,Ordinaria,Andalucía,https://www.juntadeandalucia.es/economiaconocimientoempresasyuniversidad/sguit/examanes_anios_anteriores/selectividad/sel_2020_quimica.zip,si
Química,2021,Ordinaria,Andalucía,https://www.juntadeandalucia.es/economiaconocimientoempresasyuniversidad/sguit/examanes_anios_anteriores/selectividad/sel_2021_quimica.zip,si
Química,2022,Ordinaria,Andalucía,https://www.juntadeandalucia.es/economiaconocimientoempresasyuniversidad/sguit/examanes_anios_anteriores/selectividad/sel_2022_quimica.zip,si
Química,2023,Ordinaria,Andalucía,https://www.juntadeandalucia.es/economiaconocimientoempresasyuniversidad/sguit/examanes_anios_anteriores/selectividad/sel_2023_quimica.zip,si
Química,2024,Ordinaria,Andalucía,https://www.juntadeandalucia.es/economiaconocimientoempresasyuniversidad/sguit/examanes_anios_anteriores/selectividad/sel_2024_quimica.zip,si
Tecnología e Ingeniería II,2024,Ordinaria,Andalucía,https://www.juntadeandalucia.es/economiaconocimientoempresasyuniversidad/sguit/examanes_anios_anteriores/selectividad/sel_2024_tecnnologia_ingenieria.zip,si
Tecnología e Ingeniería II,2025,Ordinaria,Andalucía,https://www.juntadeandalucia.es/economiaconocimientoempresasyuniversidad/sguit/examanes_anios_anteriores/selectividad/sel_2025_tecnnologia_ingenieria.zip,si
Técnicas de Expresión Gráfico-Plástica,2015,Ordinaria,Andalucía,https://www.juntadeandalucia.es/economiaconocimientoempresasyuniversidad/sguit/examanes_anios_anteriores/selectividad/sel_2015_tecnicas_expresion_grafica.zip,si
Técnicas de Expresión Gráfico-Plástica,2016,Ordinaria,Andalucía,https://www.juntadeandalucia.es/economiaconocimientoempresasyuniversidad/sguit/examanes_anios_anteriores/selectividad/sel_2016_tecnicas_expresion_grafica.zip,si
Técnicas de Expresión Gráfico-Plástica,2017,Ordinaria,Andalucía,https://www.juntadeandalucia.es/economiaconocimientoempresasyuniversidad/sguit/examanes_anios_anteriores/selectividad/sel_2017_tecnicas_expresion_grafica.zip,si
Técnicas de Expresión Gráfico-Plástica,2018,Ordinaria,Andalucía,https://www.juntadeandalucia.es/economiaconocimientoempresasyuniversidad/sguit/examanes_anios_anteriores/selectividad/sel_2018_tecnicas_expresion_grafica.zip,si
Técnicas de Expresión Gráfico-Plástica,2024,Ordinaria,Andalucía,https://www.juntadeandalucia.es/economiaconocimientoempresasyuniversidad/sguit/examanes_anios_anteriores/selectividad/sel_2024_tecnicas_expresion_grafica.zip,si
Técnicas de Expresión Gráfico-Plástica,2025,Ordinaria,Andalucía,https://www.juntadeandalucia.es/economiaconocimientoempresasyuniversidad/sguit/examanes_anios_anteriores/selectividad/sel_2025_tecnicas_expresion_grafica.zip,si
Artes Escénicas,2024,Ordinaria,Aragón,https://academico.unizar.es/sites/academico/files/archivos/acceso/accespau/exame/24ord/aaee.pdf,si
Artes Escénicas,2024,Ordinaria,Aragón,https://academico.unizar.es/sites/academico/files/archivos/acceso/accespau/exame/24extra/aaee.pdf,si
Artes Escénicas,2025,Ordinaria,Aragón,https://academico.unizar.es/sites/academico/files/archivos/acceso/accespau/exame/25ord/aaee.pdf,si
Artes Escénicas,2025,Ordinaria,Aragón,https://academico.unizar.es/sites/academico/files/archivos/acceso/accespau/exame/25extra/aaee.pdf,si
Biología,2024,Ordinaria,Aragón,https://academico.unizar.es/sites/academico/files/archivos/acceso/accespau/exame/24ord/biolo.pdf,si
Biología,2024,Ordinaria,Aragón,https://academico.unizar.es/sites/academico/files/archivos/acceso/accespau/exame/24extra/biolo.pdf,si
Biología,2025,Ordinaria,Aragón,https://academico.unizar.es/sites/academico/files/archivos/acceso/accespau/exame/25ord/biolo.pdf,si
Biología,2025,Ordinaria,Aragón,https://academico.unizar.es/sites/academico/files/archivos/acceso/accespau/exame/25extra/biolo.pdf,si
Ciencias Generales,2024,Ordinaria,Aragón,https://academico.unizar.es/sites/academico/files/archivos/acceso/accespau/exame/24ord/ccgg.pdf,si
Ciencias Generales,2024,Ordinaria,Aragón,https://academico.unizar.es/sites/academico/files/archivos/acceso/accespau/exame/24extra/ccgg.pdf,si
Ciencias Generales,2025,Ordinaria,Aragón,https://academico.unizar.es/sites/academico/files/archivos/acceso/accespau/exame/25ord/ccgg.pdf,si
Ciencias Generales,2025,Ordinaria,Aragón,https://academico.unizar.es/sites/academico/files/archivos/acceso/accespau/exame/25extra/ccgg.pdf,si
Coro y Técnica Vocal II,2024,Ordinaria,Aragón,https://academico.unizar.es/sites/academico/files/archivos/acceso/accespau/exame/24ord/coro.pdf,si
Coro y Técnica Vocal II,2024,Ordinaria,Aragón,https://academico.unizar.es/sites/academico/files/archivos/acceso/accespau/exame/24extra/coro.pdf,si
Coro y Técnica Vocal II,2025,Ordinaria,Aragón,https://academico.unizar.es/sites/academico/files/archivos/acceso/accespau/exame/25ord/coro.pdf,si
Desconocida,2024,Ordinaria,Aragón,https://academico.unizar.es/sites/academico/files/archivos/acceso/folleto/folletoadm.pdf,no
Desconocida,2024,Ordinaria,Aragón,https://academico.unizar.es/sites/academico/files/archivos/acceso/accespau/exame/24ord/amus.pdf,si
Desconocida,2024,Ordinaria,Aragón,https://academico.unizar.es/sites/academico/files/archivos/acceso/accespau/exame/24ord/da.pdf,si
Desconocida,2024,Ordinaria,Aragón,https://academico.unizar.es/sites/academico/files/archivos/acceso/accespau/exame/24ord/tei.pdf,si
Desconocida,2024,Ordinaria,Aragón,https://academico.unizar.es/sites/academico/files/archivos/acceso/folleto/folletoadm.pdf,no
Desconocida,2024,Ordinaria,Aragón,https://academico.unizar.es/sites/academico/files/archivos/acceso/accespau/exame/24ord/amus.pdf,si
Desconocida,2024,Ordinaria,Aragón,https://academico.unizar.es/sites/academico/files/archivos/acceso/accespau/exame/24extra/da.pdf,si
Desconocida,2024,Ordinaria,Aragón,https://academico.unizar.es/sites/academico/files/archivos/acceso/accespau/exame/24extra/tei.pdf,si
Desconocida,2025,Ordinaria,Aragón,https://academico.unizar.es/sites/academico/files/archivos/acceso/folleto/folletoadm.pdf,no
Desconocida,2025,Ordinaria,Aragón,https://academico.unizar.es/sites/academico/files/archivos/acceso/accespau/exame/25ord/amus.pdf,si
Desconocida,2025,Ordinaria,Aragón,https://academico.unizar.es/sites/academico/files/archivos/acceso/accespau/exame/25ord/da.pdf,si
Desconocida,2025,Ordinaria,Aragón,https://academico.unizar.es/sites/academico/files/archivos/acceso/accespau/exame/25ord/tei.pdf,si
Desconocida,2025,Ordinaria,Aragón,https://academico.unizar.es/sites/academico/files/archivos/acceso/folleto/folletoadm.pdf,no
Desconocida,2025,Ordinaria,Aragón,https://academico.unizar.es/sites/academico/files/archivos/acceso/accespau/exame/25extra/amus.pdf,si
Desconocida,2025,Ordinaria,Aragón,https://academico.unizar.es/sites/academico/files/archivos/acceso/accespau/exame/25extra/da.pdf,si
Desconocida,2025,Ordinaria,Aragón,https://academico.unizar.es/sites/academico/files/archivos/acceso/accespau/exame/25extra/tei.pdf,si
Dibujo Técnico II,2024,Ordinaria,Aragón,https://academico.unizar.es/sites/academico/files/archivos/acceso/accespau/exame/24ord/dtapli.pdf,si
Dibujo Técnico II,2024,Ordinaria,Aragón,https://academico.unizar.es/sites/academico/files/archivos/acceso/accespau/exame/24ord/dt.pdf,si
Dibujo Técnico II,2024,Ordinaria,Aragón,https://academico.unizar.es/sites/academico/files/archivos/acceso/accespau/exame/24extra/dt.pdf,si
Dibujo Técnico II,2025,Ordinaria,Aragón,https://academico.unizar.es/sites/academico/files/archivos/acceso/accespau/exame/25ord/dtapli.pdf,no
Dibujo Técnico II,2025,Ordinaria,Aragón,https://academico.unizar.es/sites/academico/files/archivos/acceso/accespau/exame/25ord/dt.pdf,no
Dibujo Técnico II,2025,Ordinaria,Aragón,https://academico.unizar.es/sites/academico/files/archivos/acceso/accespau/exame/25extra/dta.pdf,si
Dibujo Técnico II,2025,Ordinaria,Aragón,https://academico.unizar.es/sites/academico/files/archivos/acceso/accespau/exame/25extra/dt.pdf,no
Disseny,2024,Ordinaria,Aragón,https://academico.unizar.es/sites/academico/files/archivos/acceso/accespau/exame/24ord/disen.pdf,si
Disseny,2024,Ordinaria,Aragón,https://academico.unizar.es/sites/academico/files/archivos/acceso/accespau/exame/24ord/econo.pdf,no
Disseny,2024,Ordinaria,Aragón,https://academico.unizar.es/sites/academico/files/archivos/acceso/accespau/exame/24extra/disen.pdf,no
Disseny,2024,Ordinaria,Aragón,https://academico.unizar.es/sites/academico/files/archivos/acceso/accespau/exame/24extra/econo.pdf,no
Disseny,2025,Ordinaria,Aragón,https://academico.unizar.es/sites/academico/files/archivos/acceso/accespau/exame/25ord/disen.pdf,no
Disseny,2025,Ordinaria,Aragón,https://academico.unizar.es/sites/academico/files/archivos/acceso/accespau/exame/25ord/econo.pdf,no
Disseny,2025,Ordinaria,Aragón,https://academico.unizar.es/sites/academico/files/archivos/acceso/accespau/exame/25extra/disen.pdf,no
Disseny,2025,Ordinaria,Aragón,https://academico.unizar.es/sites/academico/files/archivos/acceso/accespau/exame/25extra/econo.pdf,no
Fundamentos Artísticos,2024,Ordinaria,Aragón,https://academico.unizar.es/sites/academico/files/archivos/acceso/accespau/exame/24ord/fartist.pdf,si
Fundamentos Artísticos,2024,Ordinaria,Aragón,https://academico.unizar.es/sites/academico/files/archivos/acceso/accespau/exame/24ord/farte.pdf,no
Fundamentos Artísticos,2024,Ordinaria,Aragón,https://academico.unizar.es/sites/academico/files/archivos/acceso/accespau/exame/24extra/fartist.pdf,no
Fundamentos Artísticos,2024,Ordinaria,Aragón,https://academico.unizar.es/sites/academico/files/archivos/acceso/accespau/exame/24extra/farte.pdf,si
Fundamentos Artísticos,2025,Ordinaria,Aragón,https://academico.unizar.es/sites/academico/files/archivos/acceso/accespau/exame/25ord/fartist.pdf,no
Fundamentos Artísticos,2025,Ordinaria,Aragón,https://academico.unizar.es/sites/academico/files/archivos/acceso/accespau/exame/25extra/fartist.pdf,no
Física,2024,Ordinaria,Aragón,https://academico.unizar.es/sites/academico/files/archivos/acceso/accespau/exame/24ord/fisica.pdf,no
Física,2024,Ordinaria,Aragón,https://academico.unizar.es/sites/academico/files/archivos/acceso/accespau/exame/24extra/fisica.pdf,no
Física,2025,Ordinaria,Aragón,https://academico.unizar.es/sites/academico/files/archivos/acceso/accespau/exame/25ord/fisica.pdf,no
Física,2025,Ordinaria,Aragón,https://academico.unizar.es/sites/academico/files/archivos/acceso/accespau/exame/25extra/fisica.pdf,no
Geografía,2024,Ordinaria,Aragón,https://academico.unizar.es/sites/academico/files/archivos/acceso/accespau/exame/24ord/geogr.pdf,no
Geografía,2024,Ordinaria,Aragón,https://academico.unizar.es/sites/academico/files/archivos/acceso/accespau/exame/24extra/geogr.pdf,no
Geografía,2025,Ordinaria,Aragón,https://academico.unizar.es/sites/academico/files/archivos/acceso/accespau/exame/25ord/geogr.pdf,no
Geografía,2025,Ordinaria,Aragón,https://academico.unizar.es/sites/academico/files/archivos/acceso/accespau/exame/25extra/geogr.pdf,no
Geología y Ciencias Ambientales,2024,Ordinaria,Aragón,https://academico.unizar.es/sites/academico/files/archivos/acceso/accespau/exame/24ord/geolo.pdf,no
Geología y Ciencias Ambientales,2024,Ordinaria,Aragón,https://academico.unizar.es/sites/academico/files/archivos/acceso/accespau/exame/24extra/geolo.pdf,si
Geología y Ciencias Ambientales,2025,Ordinaria,Aragón,https://academico.unizar.es/sites/academico/files/archivos/acceso/accespau/exame/25ord/geolo.pdf,no
Geología y Ciencias Ambientales,2025,Ordinaria,Aragón,https://academico.unizar.es/sites/academico/files/archivos/acceso/accespau/exame/25extra/geolo.pdf,no
Griego II,2024,Ordinaria,Aragón,https://academico.unizar.es/sites/academico/files/archivos/acceso/accespau/exame/24ord/grieg.pdf,no
Griego II,2024,Ordinaria,Aragón,https://academico.unizar.es/sites/academico/files/archivos/acceso/accespau/exame/24extra/grieg.pdf,no
Griego II,2025,Ordinaria,Aragón,https://academico.unizar.es/sites/academico/files/archivos/acceso/accespau/exame/25ord/grieg.pdf,no
Griego II,2025,Ordinaria,Aragón,https://academico.unizar.es/sites/academico/files/archivos/acceso/accespau/exame/25extra/grieg.pdf,no
Historia de España,2024,Ordinaria,Aragón,https://academico.unizar.es/sites/academico/files/archivos/acceso/accespau/exame/24ord/histo.pdf,no
Historia de España,2024,Ordinaria,Aragón,https://academico.unizar.es/sites/academico/files/archivos/acceso/accespau/exame/24ord/filoso.pdf,no
Historia de España,2024,Ordinaria,Aragón,https://academico.unizar.es/sites/academico/files/archivos/acceso/accespau/exame/24ord/hmd.pdf,no
Historia de España,2024,Ordinaria,Aragón,https://academico.unizar.es/sites/academico/files/archivos/acceso/accespau/exame/24ord/harte.pdf,no
Historia de España,2024,Ordinaria,Aragón,https://academico.unizar.es/sites/academico/files/archivos/acceso/accespau/exame/24extra/histo.pdf,no
Historia de España,2024,Ordinaria,Aragón,https://academico.unizar.es/sites/academico/files/archivos/acceso/accespau/exame/24extra/filoso.pdf,no
Historia de España,2024,Ordinaria,Aragón,https://academico.unizar.es/sites/academico/files/archivos/acceso/accespau/exame/24extra/hmd.pdf,si
Historia de España,2024,Ordinaria,Aragón,https://academico.unizar.es/sites/academico/files/archivos/acceso/accespau/exame/24extra/harte.pdf,no
Historia de España,2025,Ordinaria,Aragón,https://academico.unizar.es/sites/academico/files/archivos/acceso/accespau/exame/25ord/filoso.pdf,no
Historia de España,2025,Ordinaria,Aragón,https://academico.unizar.es/sites/academico/files/archivos/acceso/accespau/exame/25ord/hmd.pdf,no
Historia de España,2025,Ordinaria,Aragón,https://academico.unizar.es/sites/academico/files/archivos/acceso/accespau/exame/25ord/harte.pdf,no
Historia de España,2025,Ordinaria,Aragón,https://academico.unizar.es/sites/academico/files/archivos/acceso/accespau/exame/25ord/histo.pdf,no
Historia de España,2025,Ordinaria,Aragón,https://academico.unizar.es/sites/academico/files/archivos/acceso/accespau/exame/25extra/filoso.pdf,no
Historia de España,2025,Ordinaria,Aragón,https://academico.unizar.es/sites/academico/files/archivos/acceso/accespau/exame/25extra/hmd.pdf,no
Historia de España,2025,Ordinaria,Aragón,https://academico.unizar.es/sites/academico/files/archivos/acceso/accespau/exame/25extra/harte.pdf,si
Historia de España,2025,Ordinaria,Aragón,https://academico.unizar.es/sites/academico/files/archivos/acceso/accespau/exame/25extra/histo.pdf,no
Latín II,2024,Ordinaria,Aragón,https://academico.unizar.es/sites/academico/files/archivos/acceso/accespau/exame/24ord/latin.pdf,no
Latín II,2024,Ordinaria,Aragón,https://academico.unizar.es/sites/academico/files/archivos/acceso/accespau/exame/24extra/latin.pdf,no
Latín II,2025,Ordinaria,Aragón,https://academico.unizar.es/sites/academico/files/archivos/acceso/accespau/exame/25ord/latin.pdf,no
Latín II,2025,Ordinaria,Aragón,https://academico.unizar.es/sites/academico/files/archivos/acceso/accespau/exame/25extra/latin.pdf,no
Lengua Castellana y Literatura,2024,Ordinaria,Aragón,https://academico.unizar.es/sites/academico/files/archivos/acceso/accespau/exame/24ord/lcl.pdf,no
Lengua Castellana y Literatura,2024,Ordinaria,Aragón,https://academico.unizar.es/sites/academico/files/archivos/acceso/accespau/exame/24ord/alema.pdf,no
Lengua Castellana y Literatura,2024,Ordinaria,Aragón,https://academico.unizar.es/sites/academico/files/archivos/acceso/accespau/exame/24ord/franc.pdf,no
Lengua Castellana y Literatura,2024,Ordinaria,Aragón,https://academico.unizar.es/sites/academico/files/archivos/acceso/accespau/exame/24ord/ingle.pdf,si
Lengua Castellana y Literatura,2024,Ordinaria,Aragón,https://academico.unizar.es/sites/academico/files/archivos/acceso/accespau/exame/24extra/lcl.pdf,no
Lengua Castellana y Literatura,2024,Ordinaria,Aragón,https://academico.unizar.es/sites/academico/files/archivos/acceso/accespau/exame/24extra/franc.pdf,no
Lengua Castellana y Literatura,2024,Ordinaria,Aragón,https://academico.unizar.es/sites/academico/files/archivos/acceso/accespau/exame/24extra/ingle.pdf,no
Lengua Castellana y Literatura,2025,Ordinaria,Aragón,https://academico.unizar.es/sites/academico/files/archivos/acceso/accespau/exame/25ord/lcl.pdf,no
Lengua Castellana y Literatura,2025,Ordinaria,Aragón,https://academico.unizar.es/sites/academico/files/archivos/acceso/accespau/exame/25ord/alema.pdf,no
Lengua Castellana y Literatura,2025,Ordinaria,Aragón,https://academico.unizar.es/sites/academico/files/archivos/acceso/accespau/exame/25ord/franc.pdf,no
Lengua Castellana y Literatura,2025,Ordinaria,Aragón,https://academico.unizar.es/sites/academico/files/archivos/acceso/accespau/exame/25ord/ingle.pdf,no
Lengua Castellana y Literatura,2025,Ordinaria,Aragón,https://academico.unizar.es/sites/academico/files/archivos/acceso/accespau/exame/25extra/lcl.pdf,si
Lengua Castellana y Literatura,2025,Ordinaria,Aragón,https://academico.unizar.es/sites/academico/files/archivos/acceso/accespau/exame/25extra/alema.pdf,no
Lengua Castellana y Literatura,2025,Ordinaria,Aragón,https://academico.unizar.es/sites/academico/files/archivos/acceso/accespau/exame/25extra/franc.pdf,no
Lengua Castellana y Literatura,2025,Ordinaria,Aragón,https://academico.unizar.es/sites/academico/files/archivos/acceso/accespau/exame/25extra/ingle.pdf,no
Literatura Dramática,2024,Ordinaria,Aragón,https://academico.unizar.es/sites/academico/files/archivos/acceso/accespau/exame/24ord/ldram.pdf,no
Literatura Dramática,2024,Ordinaria,Aragón,https://academico.unizar.es/sites/academico/files/archivos/acceso/accespau/exame/24extra/ldram.pdf,no
Literatura Dramática,2025,Ordinaria,Aragón,https://academico.unizar.es/sites/academico/files/archivos/acceso/accespau/exame/25ord/ldram.pdf,no
Literatura Dramática,2025,Ordinaria,Aragón,https://academico.unizar.es/sites/academico/files/archivos/acceso/accespau/exame/25extra/litd.pdf,no
Matemáticas II,2024,Ordinaria,Aragón,https://academico.unizar.es/sites/academico/files/archivos/acceso/accespau/exame/24ord/matcs.pdf,no
Matemáticas II,2024,Ordinaria,Aragón,https://academico.unizar.es/sites/academico/files/archivos/acceso/accespau/exame/24ord/matii.pdf,si
Matemáticas II,2024,Ordinaria,Aragón,https://academico.unizar.es/sites/academico/files/archivos/acceso/accespau/exame/24extra/matcs.pdf,no
Matemáticas II,2024,Ordinaria,Aragón,https://academico.unizar.es/sites/academico/files/archivos/acceso/accespau/exame/24extra/matii.pdf,no
Matemáticas II,2025,Ordinaria,Aragón,https://academico.unizar.es/sites/academico/files/archivos/acceso/accespau/exame/25ord/matcs.pdf,no
Matemáticas II,2025,Ordinaria,Aragón,https://academico.unizar.es/sites/academico/files/archivos/acceso/accespau/exame/25ord/matii.pdf,no
Matemáticas II,2025,Ordinaria,Aragón,https://academico.unizar.es/sites/academico/files/archivos/acceso/accespau/exame/25extra/matcs.pdf,no
Matemáticas II,2025,Ordinaria,Aragón,https://academico.unizar.es/sites/academico/files/archivos/acceso/accespau/exame/25extra/matii.pdf,no
Movimientos Culturales y Artísticos,2024,Ordinaria,Aragón,https://academico.unizar.es/sites/academico/files/archivos/acceso/accespau/exame/24ord/mca.pdf,no
Movimientos Culturales y Artísticos,2025,Ordinaria,Aragón,https://academico.unizar.es/sites/academico/files/archivos/acceso/accespau/exame/25ord/mca.pdf,no
Química,2024,Ordinaria,Aragón,https://academico.unizar.es/sites/academico/files/archivos/acceso/accespau/exame/24ord/quimi.pdf,si
Química,2024,Ordinaria,Aragón,https://academico.unizar.es/sites/academico/files/archivos/acceso/accespau/exame/24extra/quimi.pdf,no
Química,2025,Ordinaria,Aragón,https://academico.unizar.es/sites/academico/files/archivos/acceso/accespau/exame/25ord/quimi.pdf,no
Química,2025,Ordinaria,Aragón,https://academico.unizar.es/sites/academico/files/archivos/acceso/accespau/exame/25extra/quimi.pdf,no
Técnicas de Expresión Gráfico-Plástica,2024,Ordinaria,Aragón,https://academico.unizar.es/sites/academico/files/archivos/acceso/accespau/exame/24ord/tegp.pdf,no
Técnicas de Expresión Gráfico-Plástica,2024,Ordinaria,Aragón,https://academico.unizar.es/sites/academico/files/archivos/acceso/accespau/exame/24extra/tegp.pdf,no
Técnicas de Expresión Gráfico-Plástica,2025,Ordinaria,Aragón,https://academico.unizar.es/sites/academico/files/archivos/acceso/accespau/exame/25ord/tegp.pdf,no
Técnicas de Expresión Gráfico-Plástica,2025,Ordinaria,Aragón,https://academico.unizar.es/sites/academico/files/archivos/acceso/accespau/exame/25extra/tegp.pdf,no
Varios (ver PDF),2022,Ordinaria,Asturias,https://www.uniovi.es/documents/39158/45427e91-2808-6fae-535c-bd8353fb4901,si
Varios (ver PDF),2023,Ordinaria,Asturias,https://www.uniovi.es/documents/39158/8b251fc4-f753-4f8f-c4d8-d7002002e265,si
Varios (ver PDF),2023,Ordinaria,Asturias,https://www.uniovi.es/documents/39158/ae03763d-23d5-eeaa-9219-702fed9e8e94,si
Varios (ver PDF),2023,Ordinaria,Asturias,https://www.uniovi.es/documents/39158/4885037/Ficha+Lengua+Castellana+y+Literatura.pdf/09660a39-77fa-50af-c141-dbb973250328,si
Varios (ver PDF),2024,Ordinaria,Asturias,https://www.uniovi.es/documents/39158/588ad738-7005-cec8-c8cb-dbb94d51601e,si
Varios (ver PDF),2024,Ordinaria,Asturias,https://www.uniovi.es/documents/39158/3e5e99ee-16e1-05e3-2a12-dcc8b90b1e96,si
Varios (ver PDF),2024,Ordinaria,Asturias,https://www.uniovi.es/documents/39158/5d86d62a-f8da-7138-5d0a-aef3507f13a8,si
Desconocida,2022,Extraordinaria,C. Valenciana,https://universitats.gva.es/documents/389338055/389340492/Examen+VAL+Juliol+22.pdf/4c8fa555-3d5f-d9c7-0e5b-27d96a848768?t=1733924050972,si
Desconocida,2022,Extraordinaria,C. Valenciana,https://universitats.gva.es/documents/389338055/389340492/Examen+QUI+Juliol+22.pdf/1c93a579-a664-4a02-79ea-e5581da149eb?t=1733924050972,si
Desconocida,2022,Extraordinaria,C. Valenciana,https://universitats.gva.es/documents/389338055/389340492/Examen+MCS+Juliol+22.pdf/f41c58e8-3f4c-42d1-0fcc-99f9321fda06?t=1733924050972,si
Desconocida,2022,Extraordinaria,C. Valenciana,https://universitats.gva.es/documents/389338055/389340492/Examen+MAT+Juliol+22.pdf/a8074e0c-bffa-2b44-9762-ec03235caca2?t=1733924050972,si
Desconocida,2022,Extraordinaria,C. Valenciana,https://universitats.gva.es/documents/389338055/389340492/Examen+LAT+Juliol+22.pdf/c2283b12-10dc-2551-3cc9-644bea6bf398?t=1733924050972,si
Desconocida,2022,Extraordinaria,C. Valenciana,https://universitats.gva.es/documents/389338055/389340492/Examen+ITA+Juliol+22.pdf/2bb12b7a-812b-9c77-fa08-ba9e3185be1e?t=1733924050972,si
Desconocida,2022,Extraordinaria,C. Valenciana,https://universitats.gva.es/documents/389338055/389340492/Examen+ING+Juliol+22.pdf/a6b9b0f3-c937-8ee4-c1c3-15c1dcc2770e?t=1733924050972,si
Desconocida,2022,Extraordinaria,C. Valenciana,https://universitats.gva.es/documents/389338055/389340492/Examen+HFI+Juliol+22.pdf/47fd0b0e-b1d6-c54e-0338-14914c289eb7?t=1733924050972,si
Desconocida,2022,Extraordinaria,C. Valenciana,https://universitats.gva.es/documents/389338055/389340492/Examen+HES+Juliol+22.pdf/b66cd78d-25a2-e9ed-6730-9f748cff1171?t=1733924050972,si
Desconocida,2022,Extraordinaria,C. Valenciana,https://universitats.gva.es/documents/389338055/389340492/Examen+HAR+Juliol+22.pdf/c55b7c43-4f18-3f69-77e5-39cec009f002?t=1733924050972,si
Desconocida,2022,Extraordinaria,C. Valenciana,https://universitats.gva.es/documents/389338055/389340492/Examen+GRI+Juliol+22.pdf/b98e7fd4-6edd-0c9a-e39d-51ff70e35643?t=1733924050972,si
Desconocida,2022,Extraordinaria,C. Valenciana,https://universitats.gva.es/documents/389338055/389340492/Examen+GEO+Juliol+22.pdf/015196e3-d9c1-461a-9657-39ebe1d7c619?t=1733924050972,si
Desconocida,2022,Extraordinaria,C. Valenciana,https://universitats.gva.es/documents/389338055/389340492/Examen+GEL+Juliol+22.pdf/0afdc567-e7ff-a76b-3c21-fb17746732b8?t=1733924050972,si
Desconocida,2022,Extraordinaria,C. Valenciana,https://universitats.gva.es/documents/389338055/389340492/Examen+FRA+Juliol+22.pdf/acffd8c9-0074-db95-1859-7165922c110d?t=1733924050972,si
Desconocida,2022,Extraordinaria,C. Valenciana,https://universitats.gva.es/documents/389338055/389340492/Examen+FIS+Juliol+22.pdf/b496c8ee-7786-6426-989b-7de94a4fe81f?t=1733924050972,si
Desconocida,2022,Extraordinaria,C. Valenciana,https://universitats.gva.es/documents/389338055/389340492/Examen+FAR+Juliol+22.pdf/ae0b5525-26fc-82a3-2134-1224d18b3647?t=1733924050972,si
Desconocida,2022,Extraordinaria,C. Valenciana,https://universitats.gva.es/documents/389338055/389340492/Examen+ECO+Juliol+22.pdf/bc235861-4835-fd77-b08e-06934dc2e52e?t=1733924050972,si
Desconocida,2022,Extraordinaria,C. Valenciana,https://universitats.gva.es/documents/389338055/389340492/Examen+DTE+Juliol+22.pdf/b482acce-86ce-7059-35a8-8b53ab70908b?t=1733924050972,si
Desconocida,2022,Extraordinaria,C. Valenciana,https://universitats.gva.es/documents/389338055/389340492/Examen+DIS+Juliol+22.pdf/b012bb1a-4566-bc4f-5c8c-de89c2c3ae1d?t=1733924050972,si
Desconocida,2022,Extraordinaria,C. Valenciana,https://universitats.gva.es/documents/389338055/389340492/Examen+CUA+Juliol+22.pdf/d5866c69-cb2b-6e83-a1f3-af3310b73575?t=1733924050972,si
Desconocida,2022,Extraordinaria,C. Valenciana,https://universitats.gva.es/documents/389338055/389340492/Examen+CAS+Juliol+22.pdf/e73ed5b3-44c2-2c2c-d13a-d4dd0ac0cd64?t=1733924050972,si
Desconocida,2022,Extraordinaria,C. Valenciana,https://universitats.gva.es/documents/389338055/389340492/Examen+BIO+Juliol+22.pdf/e2337150-1bc0-a1ef-40f7-f4a5ebd29cb4?t=1733924050972,si
Desconocida,2022,Extraordinaria,C. Valenciana,https://universitats.gva.es/documents/389338055/389340492/Examen+ARE+Juliol+22.pdf/279ffc26-d460-929b-c0c6-3abd920a9ea0?t=1733924050972,si
Desconocida,2022,Extraordinaria,C. Valenciana,https://universitats.gva.es/documents/389338055/389340492/Examen+ALE+Juliol+22.pdf/e6150c49-58bf-baaa-fd5b-389d18d41c8f?t=1733924050972,si
Desconocida,2022,Extraordinaria,C. Valenciana,https://universitats.gva.es/documents/389338055/389340489/Criteris+VAL+Juliol+22.pdf/15adf656-7c63-d005-fb6f-35efeb82dd11?t=1733924050995,si
Desconocida,2022,Extraordinaria,C. Valenciana,https://universitats.gva.es/documents/389338055/389340489/Criteris+QUI+Juliol+22.pdf/3686e6f6-348c-2677-5754-c8e72e4a1c3f?t=1733924050995,si
Desconocida,2022,Extraordinaria,C. Valenciana,https://universitats.gva.es/documents/389338055/389340489/Criteris+MCS+Juliol+22.pdf/76cde8de-18c1-382b-cdaa-5be90f12f9a8?t=1733924050995,si
Desconocida,2022,Extraordinaria,C. Valenciana,https://universitats.gva.es/documents/389338055/389340489/Criteris+MAT+Juliol+22.pdf/0dbd15de-faf0-b9db-fa4d-600fd469b338?t=1733924050995,si
Desconocida,2022,Extraordinaria,C. Valenciana,https://universitats.gva.es/documents/389338055/389340489/Criteris+LAT+Juliol+22.pdf/39ed9f68-fc19-7f3d-1236-15bb276dc066?t=1733924050995,si
Desconocida,2022,Extraordinaria,C. Valenciana,https://universitats.gva.es/documents/389338055/389340489/Criteris+ITA+Juliol+22.pdf/23faf0fb-678c-fdf9-7d38-e81c6b465418?t=1733924050995,si
Desconocida,2022,Extraordinaria,C. Valenciana,https://universitats.gva.es/documents/389338055/389340489/Criteris+ING+Juliol+22.pdf/0c6bbdb1-adf0-d97a-f025-7cdc0c668234?t=1733924050995,si
Desconocida,2022,Extraordinaria,C. Valenciana,https://universitats.gva.es/documents/389338055/389340489/Criteris+HFI+Juliol+22.pdf/9ce04f60-ae57-ed1a-0080-847dd670aec8?t=1733924050995,si
Desconocida,2022,Extraordinaria,C. Valenciana,https://universitats.gva.es/documents/389338055/389340489/Criteris+HES+Juliol+22.pdf/7e54299f-834e-6203-e6a4-be883a5e275c?t=1733924050995,si
Desconocida,2022,Extraordinaria,C. Valenciana,https://universitats.gva.es/documents/389338055/389340489/Criteris+HAR+Juliol+22.pdf/f0ac54ee-2119-c842-2923-474426ea4546?t=1733924050995,si
Desconocida,2022,Extraordinaria,C. Valenciana,https://universitats.gva.es/documents/389338055/389340489/Criteris+GRI+Juliol+22.pdf/b48a1e3a-a364-0879-1545-b09aab51b0c7?t=1733924050995,si
Desconocida,2022,Extraordinaria,C. Valenciana,https://universitats.gva.es/documents/389338055/389340489/Criteris+GEO+Juliol+22.pdf/56ccaee4-3885-f3a1-7b80-14a438cf3714?t=1733924050995,si
Desconocida,2022,Extraordinaria,C. Valenciana,https://universitats.gva.es/documents/389338055/389340489/Criteris+GEL+Juliol+22.pdf/2d2f4323-28dd-805a-6e49-a73000f30c13?t=1733924050995,si
Desconocida,2022,Extraordinaria,C. Valenciana,https://universitats.gva.es/documents/389338055/389340489/Criteris+FRA+Juliol+22.pdf/d5189a78-49f0-faa9-3b66-4f4054681b79?t=1733924050995,si
Desconocida,2022,Extraordinaria,C. Valenciana,https://universitats.gva.es/documents/389338055/389340489/Criteris+FIS+Juliol+22.pdf/2e4979ef-19ed-4116-2019-9ccafd32c2c9?t=1733924050995,si
Desconocida,2022,Extraordinaria,C. Valenciana,https://universitats.gva.es/documents/389338055/389340489/Criteris+FAR+Juliol+22.pdf/9c8c31b1-78f9-8201-db27-dd29c8339a8a?t=1733924050995,si
Desconocida,2022,Extraordinaria,C. Valenciana,https://universitats.gva.es/documents/389338055/389340489/Criteris+ECO+Juliol+22.pdf/76fcf70f-77b4-71ac-5a91-3f322133a84d?t=1733924050995,si
Desconocida,2022,Extraordinaria,C. Valenciana,https://universitats.gva.es/documents/389338055/389340489/Criteris+DTE+Juliol+22.pdf/4bef01d6-d8b9-7bac-8206-365d6637b9a6?t=1733924050995,si
Desconocida,2022,Extraordinaria,C. Valenciana,https://universitats.gva.es/documents/389338055/389340489/Criteris+DIS+Juliol+22.pdf/fd5fb25b-cfb4-d09e-e151-dce11019abc6?t=1733924050995,si
Desconocida,2022,Extraordinaria,C. Valenciana,https://universitats.gva.es/documents/389338055/389340489/Criteris+CUA+Juliol+22.pdf/be24de2e-37e0-0d63-f849-d6efc784577f?t=1733924050994,si
Desconocida,2022,Extraordinaria,C. Valenciana,https://universitats.gva.es/documents/389338055/389340489/Criteris+CAS+Juliol+22.pdf/570bde3b-0495-596e-9553-7db6ed39f438?t=1733924050994,si
Desconocida,2022,Extraordinaria,C. Valenciana,https://universitats.gva.es/documents/389338055/389340489/Criteris+BIO+Juliol+22.pdf/3c49b4bb-f208-6136-44bd-e1910cc55253?t=1733924050994,si
Desconocida,2022,Extraordinaria,C. Valenciana,https://universitats.gva.es/documents/389338055/389340489/Criteris+ARE+Juliol+22.pdf/a1c5c37f-1ea5-d449-4235-74aef5c52ec8?t=1733924050994,si
Desconocida,2022,Extraordinaria,C. Valenciana,https://universitats.gva.es/documents/389338055/389340489/Criteris+ALE+Juliol+22.pdf/aa08c2fe-6195-da66-32a9-97f61f328910?t=1733924050994,si
Desconocida,2022,Ordinaria,C. Valenciana,https://universitats.gva.es/documents/389338055/389340477/Examen+VAL+Juny+22.pdf/4d1c8b66-2182-1037-4358-567948c4e5b9?t=1733924051048,si
Desconocida,2022,Ordinaria,C. Valenciana,https://universitats.gva.es/documents/389338055/389340477/Examen+QUI+Juny+22.pdf/941613b3-f8f6-3f3a-24f2-f93a38a23abb?t=1733924051048,si
Desconocida,2022,Ordinaria,C. Valenciana,https://universitats.gva.es/documents/389338055/389340477/Examen+MCS+Juny+22.pdf/6344a6af-35ad-b7c1-e84c-c3ae76ce3331?t=1733924051048,si
Desconocida,2022,Ordinaria,C. Valenciana,https://universitats.gva.es/documents/389338055/389340477/Examen+MAT+Juny+22.pdf/bdfdf5ad-0139-0410-1d5f-308c7816ee60?t=1733924051047,si
Desconocida,2022,Ordinaria,C. Valenciana,https://universitats.gva.es/documents/389338055/389340477/Examen+LAT+juny+22.pdf/28d42a5a-3bca-3332-4490-facd85846386?t=1733924051047,si
Desconocida,2022,Ordinaria,C. Valenciana,https://universitats.gva.es/documents/389338055/389340477/Examen+ITA+juny+22.pdf/e50e8106-a112-02b6-5d4d-d4659ae40f2f?t=1733924051048,si
Desconocida,2022,Ordinaria,C. Valenciana,https://universitats.gva.es/documents/389338055/389340477/Examen+ING+Juny+22.pdf/45623084-9130-b9ed-f85f-7d057ee301eb?t=1733924051048,si
Desconocida,2022,Ordinaria,C. Valenciana,https://universitats.gva.es/documents/389338055/389340477/Examen+HFI+juny+22.pdf/5fca398f-696d-9156-a4e1-26586197e840?t=1733924051048,si
Desconocida,2022,Ordinaria,C. Valenciana,https://universitats.gva.es/documents/389338055/389340477/Examen+HES+Juny+22.pdf/d673f3d2-7133-16f4-c9a5-64b406da7335?t=1733924051048,si
Desconocida,2022,Ordinaria,C. Valenciana,https://universitats.gva.es/documents/389338055/389340477/Examen+HAR+Juny+22.pdf/eda0fe3b-92e8-dc1a-c24f-53f9d650691d?t=1733924051047,si
Desconocida,2022,Ordinaria,C. Valenciana,https://universitats.gva.es/documents/389338055/389340477/Examen+GRI+juny+22.pdf/f8852226-a15f-bbda-0158-97ab6bca98ab?t=1733924051048,si
Desconocida,2022,Ordinaria,C. Valenciana,https://universitats.gva.es/documents/389338055/389340477/Examen+GEO+Juny+22.pdf/51dc4dd4-9d41-7730-a2b7-f783ce8bca15?t=1733924051048,si
Desconocida,2022,Ordinaria,C. Valenciana,https://universitats.gva.es/documents/389338055/389340477/Examen+GEL+Juny+22.pdf/51404c0e-ece2-8337-40bd-f6f0f55398da?t=1733924051047,si
Desconocida,2022,Ordinaria,C. Valenciana,https://universitats.gva.es/documents/389338055/389340477/Examen+FRA+Juny+22.pdf/8ae27a60-9ed6-b5ff-e92e-7c2835bf8bf8?t=1733924051047,si
Desconocida,2022,Ordinaria,C. Valenciana,https://universitats.gva.es/documents/389338055/389340477/Examen+FIS+Juny+22.pdf/3e6ead7f-7e1a-5440-2e6d-1e85a762bf8a?t=1733924051047,si
Desconocida,2022,Ordinaria,C. Valenciana,https://universitats.gva.es/documents/389338055/389340477/Examen+FAR+Juny+22.pdf/7fe95119-4c8e-ee7b-b03b-93516336f6c9?t=1733924051047,si
Desconocida,2022,Ordinaria,C. Valenciana,https://universitats.gva.es/documents/389338055/389340477/Examen+ECO+Juny+22.pdf/93858abe-43b1-47b5-a2b2-510a6d90f482?t=1733924051047,si
Desconocida,2022,Ordinaria,C. Valenciana,https://universitats.gva.es/documents/389338055/389340477/Examen+DTE+juny+22.pdf/9106c019-c08d-03d2-49d4-610a70df6c7e?t=1733924051047,si
Desconocida,2022,Ordinaria,C. Valenciana,https://universitats.gva.es/documents/389338055/389340477/Examen+DIS+Juny+22.pdf/c8623e9a-63b2-d115-d206-f4a15cb71a58?t=1733924051047,si
Desconocida,2022,Ordinaria,C. Valenciana,https://universitats.gva.es/documents/389338055/389340477/Examen+CUA+Juny+22.pdf/ea68559a-18f7-ff75-bc9d-5588de79cb86?t=1733924051047,si
Desconocida,2022,Ordinaria,C. Valenciana,https://universitats.gva.es/documents/389338055/389340477/Examen+CAS+juny+22.pdf/10ae1672-0ec0-eb5d-ae67-31b1e813506d?t=1733924051047,si
Desconocida,2022,Ordinaria,C. Valenciana,https://universitats.gva.es/documents/389338055/389340477/Examen+BIO+juny+22.pdf/15c9a9cb-5d7e-0ba3-9099-1a3e6cf41e39?t=1733924051047,si
Desconocida,2022,Ordinaria,C. Valenciana,https://universitats.gva.es/documents/389338055/389340477/Examen+ARE+juny+22.pdf/5d716373-3c17-1776-5685-72521d3c68ec?t=1733924051047,si
Desconocida,2022,Ordinaria,C. Valenciana,https://universitats.gva.es/documents/389338055/389340477/Examen+ALE+juny+22.pdf/fb6642bc-bd3a-7153-6b17-b1a066362e1e?t=1733924051047,si
Desconocida,2022,Ordinaria,C. Valenciana,https://universitats.gva.es/documents/389338055/389340480/Criteris+VAL+Juny+22.pdf/8b60c0ee-628d-5a8e-d17f-8b26fb3338b6?t=1733924051026,si
Desconocida,2022,Ordinaria,C. Valenciana,https://universitats.gva.es/documents/389338055/389340480/Criteris+QUI+Juny+22.pdf/52437f5d-b1a7-1378-6c04-d17c3d6bc49d?t=1733924051026,si
Desconocida,2022,Ordinaria,C. Valenciana,https://universitats.gva.es/documents/389338055/389340480/Criteris+MCS+Juny+22.pdf/20c12b31-2387-d0bc-a6e1-9780b47152f9?t=1733924051026,si
Desconocida,2022,Ordinaria,C. Valenciana,https://universitats.gva.es/documents/389338055/389340480/Criteris+MAT+Juny+22.pdf/3e959d44-7b06-cafa-4394-d07f0b3ba510?t=1733924051026,si
Desconocida,2022,Ordinaria,C. Valenciana,https://universitats.gva.es/documents/389338055/389340480/Criteris+LAT+Juny+22.pdf/ca555ceb-e34a-3a14-1dac-7e04fbc372f7?t=1733924051026,si
Desconocida,2022,Ordinaria,C. Valenciana,https://universitats.gva.es/documents/389338055/389340480/Criteris+ITA+Juny+22.pdf/ab5be286-7f7c-0a64-4846-26e239363691?t=1733924051026,si
Desconocida,2022,Ordinaria,C. Valenciana,https://universitats.gva.es/documents/389338055/389340480/Criteris+ING+Juny+22.pdf/f59d10ee-d7ba-b38d-f626-c3395da43e17?t=1733924051026,si
Desconocida,2022,Ordinaria,C. Valenciana,https://universitats.gva.es/documents/389338055/389340480/Criteris+HFI+Juny+22.pdf/664fc750-0a8f-c3e7-ebf4-2bc767ffc73c?t=1733924051026,si
Desconocida,2022,Ordinaria,C. Valenciana,https://universitats.gva.es/documents/389338055/389340480/Criteris+HES+Juny+22.pdf/93f675d7-3043-6932-f9ff-42a0726ecdf5?t=1733924051026,si
Desconocida,2022,Ordinaria,C. Valenciana,https://universitats.gva.es/documents/389338055/389340480/Criteris+HAR+Juny+22.pdf/830013e8-4c51-bd98-f7f7-9cc5bbd720f2?t=1733924051026,si
Desconocida,2022,Ordinaria,C. Valenciana,https://universitats.gva.es/documents/389338055/389340480/Criteris+GRI+Juny+22.pdf/09015b2d-4e13-3a0c-5c62-ffd39d6433bf?t=1733924051026,si
Desconocida,2022,Ordinaria,C. Valenciana,https://universitats.gva.es/documents/389338055/389340480/Criteris+GEO+Juny+22.pdf/ad9fc8c4-a0de-d458-bf77-ca3e71c92e04?t=1733924051026,si
Desconocida,2022,Ordinaria,C. Valenciana,https://universitats.gva.es/documents/389338055/389340480/Criteris+GEL+Juny+22.pdf/e282efea-708a-3612-3439-f3a228d28a14?t=1733924051026,si
Desconocida,2022,Ordinaria,C. Valenciana,https://universitats.gva.es/documents/389338055/389340480/Criteris+FRA+Juny+22.pdf/d4b95c77-32ea-365b-af16-44a5b2ace9b0?t=1733924051026,si
Desconocida,2022,Ordinaria,C. Valenciana,https://universitats.gva.es/documents/389338055/389340480/Criteris+FIS+Juny+22.pdf/dbd96d4a-eac9-1fff-9221-29436c7e2f14?t=1733924051026,si
Desconocida,2022,Ordinaria,C. Valenciana,https://universitats.gva.es/documents/389338055/389340480/Criteris+FAR+Juny+22.pdf/72c06930-f874-3ba8-0b44-5afb50adb46e?t=1733924051026,si
Desconocida,2022,Ordinaria,C. Valenciana,https://universitats.gva.es/documents/389338055/389340480/Criteris+ECO+Juny+22.pdf/785dcbf0-63c7-195c-cbc2-31ee93f43019?t=1733924051026,si
Desconocida,2022,Ordinaria,C. Valenciana,https://universitats.gva.es/documents/389338055/389340480/Criteris+DTE+Juny+22.pdf/df251850-c1ce-b079-00d4-8c063e5f3db6?t=1733924051026,si
Desconocida,2022,Ordinaria,C. Valenciana,https://universitats.gva.es/documents/389338055/389340480/Criteris+DIS+Juny+22.pdf/27920797-be80-79bc-97df-a30d70b909ca?t=1733924051026,si
Desconocida,2022,Ordinaria,C. Valenciana,https://universitats.gva.es/documents/389338055/389340480/Criteris+CUA+Juny+22.pdf/d892e45f-ceac-3d20-1d5d-2dfbd6a59f4f?t=1733924051026,si
Desconocida,2022,Ordinaria,C. Valenciana,https://universitats.gva.es/documents/389338055/389340480/Criteris+CAS+Juny+22.pdf/48cbafe1-f6c3-e19d-dcb0-df2926201b01?t=1733924051026,si
Desconocida,2022,Ordinaria,C. Valenciana,https://universitats.gva.es/documents/389338055/389340480/Criteris+BIO+Juny+22.pdf/b0355eff-e34e-16b5-18db-3cfbf7ee79fd?t=1733924051026,si
Desconocida,2022,Ordinaria,C. Valenciana,https://universitats.gva.es/documents/389338055/389340480/Criteris+ARE+Juny+22.pdf/b2950468-3835-a70b-f8c5-b3f9b2781596?t=1733924051026,si
Desconocida,2022,Ordinaria,C. Valenciana,https://universitats.gva.es/documents/389338055/389340480/Criteris+ALE+Juny+22.pdf/85357bd1-ee59-c2f7-f546-09154be86626?t=1733924051026,si
Desconocida,2023,Extraordinaria,C. Valenciana,https://universitats.gva.es/documents/389338055/389340525/Examen+Julio+2023+VAL.pdf/96987de6-124e-6d99-1a85-271ea6103a4c?t=1733924050859,si
Desconocida,2023,Extraordinaria,C. Valenciana,https://universitats.gva.es/documents/389338055/389340525/Examen+Julio+2023+QUI.pdf/596a4f9d-f7da-2470-27d7-dc51f28b442f?t=1733924050859,si
Desconocida,2023,Extraordinaria,C. Valenciana,https://universitats.gva.es/documents/389338055/389340525/Examen+Julio+2023+MCS.pdf/8b380371-eea4-b52c-4155-93645fd7dc8d?t=1733924050859,si
Desconocida,2023,Extraordinaria,C. Valenciana,https://universitats.gva.es/documents/389338055/389340525/Examen+Julio+2023+MAT.pdf/b41fbde6-16a4-4705-0f72-d83ab577e02f?t=1733924050859,si
Desconocida,2023,Extraordinaria,C. Valenciana,https://universitats.gva.es/documents/389338055/389340525/Examen+Julio+2023+LAT.pdf/e1181a72-eb46-e76e-2f6c-34f97d34cea4?t=1733924050859,si
Desconocida,2023,Extraordinaria,C. Valenciana,https://universitats.gva.es/documents/389338055/389340525/Examen+Julio+2023+ITA.pdf/f8a54833-4ef8-f71e-9c3c-fbc1fe98a6de?t=1733924050859,si
Desconocida,2023,Extraordinaria,C. Valenciana,https://universitats.gva.es/documents/389338055/389340525/Examen+Julio+2023+ING.pdf/4a3776f1-0228-94e7-bf8a-af9b47a3c296?t=1733924050859,si
Desconocida,2023,Extraordinaria,C. Valenciana,https://universitats.gva.es/documents/389338055/389340525/Examen+Julio+2023+HFI.pdf/62dbf285-9533-5c4b-15d5-e27ae3398c98?t=1733924050859,si
Desconocida,2023,Extraordinaria,C. Valenciana,https://universitats.gva.es/documents/389338055/389340525/Examen+Julio+2023+HES.pdf/ec966a23-fd0b-0fb5-fcb7-b4381d63b8f7?t=1733924050859,si
Desconocida,2023,Extraordinaria,C. Valenciana,https://universitats.gva.es/documents/389338055/389340525/Examen+Julio+2023+HAR.pdf/3ad1b3be-9913-b315-d1eb-d47fd00ebbd1?t=1733924050859,si
Desconocida,2023,Extraordinaria,C. Valenciana,https://universitats.gva.es/documents/389338055/389340525/Examen+Julio+2023+GRI.pdf/40a1fe52-685d-8b5d-12ce-84649547fce4?t=1733924050859,si
Desconocida,2023,Extraordinaria,C. Valenciana,https://universitats.gva.es/documents/389338055/389340525/Examen+Julio+2023+GEO.pdf/3f22e6f5-58df-2637-f327-2670ff6088d3?t=1733924050859,si
Desconocida,2023,Extraordinaria,C. Valenciana,https://universitats.gva.es/documents/389338055/389340525/Examen+Julio+2023+GEL.pdf/5253566f-0fe3-0a4f-b3f8-6fc978645d30?t=1733924050859,si
Desconocida,2023,Extraordinaria,C. Valenciana,https://universitats.gva.es/documents/389338055/389340525/Examen+Julio+2023+FRA.pdf/14b0153d-3eec-53be-ec0b-fab619c81aa1?t=1733924050859,si
Desconocida,2023,Extraordinaria,C. Valenciana,https://universitats.gva.es/documents/389338055/389340525/Examen+Julio+2023+FIS.pdf/ff0fa76f-76b1-7311-4ffd-d50aa9bb058e?t=1733924050859,si
Desconocida,2023,Extraordinaria,C. Valenciana,https://universitats.gva.es/documents/389338055/389340525/Examen+Julio+2023+FAR.pdf/259c8d45-1696-d706-3fee-e3dfd5ed1eda?t=1733924050859,si
Desconocida,2023,Extraordinaria,C. Valenciana,https://universitats.gva.es/documents/389338055/389340525/Examen+Julio+2023+ECO.pdf/e68b12ee-9377-f2b8-3a27-f1c277855e4c?t=1733924050859,si
Desconocida,2023,Extraordinaria,C. Valenciana,https://universitats.gva.es/documents/389338055/389340525/Examen+Julio+2023+DTE.pdf/5cd4f160-ff27-c804-f326-63ceeeba5db8?t=1733924050859,si
Desconocida,2023,Extraordinaria,C. Valenciana,https://universitats.gva.es/documents/389338055/389340525/Examen+Julio+2023+DIS.pdf/78325355-0be8-6001-5202-e129d98fccb2?t=1733924050859,si
Desconocida,2023,Extraordinaria,C. Valenciana,https://universitats.gva.es/documents/389338055/389340525/Examen+Julio+2023+CUA.pdf/c015934a-81ab-7c1b-ccee-6bf2708bcce0?t=1733924050859,si
Desconocida,2023,Extraordinaria,C. Valenciana,https://universitats.gva.es/documents/389338055/389340525/Examen+Julio+2023+CAS.pdf/e33cc496-1a31-2533-ea45-fc24965147ac?t=1733924050859,si
Desconocida,2023,Extraordinaria,C. Valenciana,https://universitats.gva.es/documents/389338055/389340525/Examen+Julio+2023+BIO.pdf/160435a7-143a-755e-bd92-b5c65f15233c?t=1733924050858,si
Desconocida,2023,Extraordinaria,C. Valenciana,https://universitats.gva.es/documents/389338055/389340525/Examen+Julio+2023+ARE.pdf/9ee007c1-c171-fdfb-594a-c88c9b68ae89?t=1733924050858,si
Desconocida,2023,Extraordinaria,C. Valenciana,https://universitats.gva.es/documents/389338055/389340525/Examen+Julio+2023+ALE.pdf/c881f0e0-b822-5925-0b77-0ea7a97228fb?t=1733924050858,si
Desconocida,2023,Extraordinaria,C. Valenciana,https://universitats.gva.es/documents/389338055/389340522/Criterios+Julio+2023+VAL.pdf/8c903928-0919-a51c-059f-bf078bfafc43?t=1733924050883,si
Desconocida,2023,Extraordinaria,C. Valenciana,https://universitats.gva.es/documents/389338055/389340522/Criteris+Juliol+2023+QUI.pdf/25efb039-932c-5b31-f008-211614c67de2?t=1733924050883,si
Desconocida,2023,Extraordinaria,C. Valenciana,https://universitats.gva.es/documents/389338055/389340522/Criterios+Julio+2023+MCS.pdf/a55f38cb-5d76-3f53-5905-afd13d0fe0fb?t=1733924050883,si
Desconocida,2023,Extraordinaria,C. Valenciana,https://universitats.gva.es/documents/389338055/389340522/Criterios+Julio+2023+MAT.pdf/1fb95673-0988-0d7b-c6f9-7ec313f7b2eb?t=1733924050883,si
Desconocida,2023,Extraordinaria,C. Valenciana,https://universitats.gva.es/documents/389338055/389340522/Criterios+Julio+2023+LAT.pdf/9d150ae7-9efb-dbd6-aeda-e9b02c72fdbb?t=1733924050883,si
Desconocida,2023,Extraordinaria,C. Valenciana,https://universitats.gva.es/documents/389338055/389340522/Criterios+Julio+2023+ITA.pdf/07c05b73-755b-2762-0be9-23ba93df3c1d?t=1733924050883,si
Desconocida,2023,Extraordinaria,C. Valenciana,https://universitats.gva.es/documents/389338055/389340522/Criterios+Julio+2023+ING.pdf/20f29125-c2e0-efe6-c983-1b3f39b9aacf?t=1733924050883,si
Desconocida,2023,Extraordinaria,C. Valenciana,https://universitats.gva.es/documents/389338055/389340522/Criterios+Julio+2023+HFI.pdf/8c66a704-34a4-170a-043a-d91f5f464841?t=1733924050883,si
Desconocida,2023,Extraordinaria,C. Valenciana,https://universitats.gva.es/documents/389338055/389340522/Criterios+Julio+2023+HES.pdf/1589ebdc-e622-92c6-b5da-18efe1979e9a?t=1733924050883,si
Desconocida,2023,Extraordinaria,C. Valenciana,https://universitats.gva.es/documents/389338055/389340522/Criterios+Julio+2023+HAR.pdf/b0785f9e-6f0b-0301-488c-56176ffd908e?t=1733924050883,si
Desconocida,2023,Extraordinaria,C. Valenciana,https://universitats.gva.es/documents/389338055/389340522/Criterios+Julio+2023+GRI.pdf/4a632192-0b7b-208a-9e8c-9e1eca5faf80?t=1733924050883,si
Desconocida,2023,Extraordinaria,C. Valenciana,https://universitats.gva.es/documents/389338055/389340522/Criterios+Julio+2023+GEO.pdf/2c7d3d0d-65de-b7f8-6eec-22cfc2b222fa?t=1733924050883,si
Desconocida,2023,Extraordinaria,C. Valenciana,https://universitats.gva.es/documents/389338055/389340522/Criterios+Julio+2023+GEL.pdf/a0d4bcfd-3939-cc69-b684-dc598428de4f?t=1733924050883,si
Desconocida,2023,Extraordinaria,C. Valenciana,https://universitats.gva.es/documents/389338055/389340522/Criterios+Julio+2023+FRA.pdf/00238d9f-1ba7-9bab-45db-add9f0e8f4a9?t=1733924050883,si
Desconocida,2023,Extraordinaria,C. Valenciana,https://universitats.gva.es/documents/389338055/389340522/Criterios+Julio+2023+FIS.pdf/1645c6e0-8ec9-5a80-58d4-84833e78557b?t=1733924050883,si
Desconocida,2023,Extraordinaria,C. Valenciana,https://universitats.gva.es/documents/389338055/389340522/Criterios+Julio+2023+FAR.pdf/e59103b6-917a-3bbc-8b8e-1cb04082833e?t=1733924050883,si
Desconocida,2023,Extraordinaria,C. Valenciana,https://universitats.gva.es/documents/389338055/389340522/Criterios+Julio+2023+ECO.pdf/5d6496a9-ff50-c36e-a1b6-7be8b4567c68?t=1733924050883,si
Desconocida,2023,Extraordinaria,C. Valenciana,https://universitats.gva.es/documents/389338055/389340522/Criterios+Julio+2023+DTE.pdf/3058e758-97ce-ed06-960d-e83a87fbdc0e?t=1733924050883,si
Desconocida,2023,Extraordinaria,C. Valenciana,https://universitats.gva.es/documents/389338055/389340522/Criterios+Julio+2023+DIS.pdf/ff9f9667-e6d1-32d8-79e7-e16027a576b2?t=1733924050883,si
Desconocida,2023,Extraordinaria,C. Valenciana,https://universitats.gva.es/documents/389338055/389340522/Criterios+Julio+2023+CUA.pdf/511648a7-4b0c-25d2-43dd-6a3abec7fa81?t=1733924050883,si
Desconocida,2023,Extraordinaria,C. Valenciana,https://universitats.gva.es/documents/389338055/389340522/Criterios+Julio+2023+CAS.pdf/2b79b41d-f0b5-ffc7-97bd-b08a3b472e87?t=1733924050883,si
Desconocida,2023,Extraordinaria,C. Valenciana,https://universitats.gva.es/documents/389338055/389340522/Criterios+Julio+2023+BIO.pdf/f9a94365-b581-17ef-fad5-1636307618d8?t=1733924050883,si
Desconocida,2023,Extraordinaria,C. Valenciana,https://universitats.gva.es/documents/389338055/389340522/Criterios+Julio+2023+ARE.pdf/41767387-6689-41e3-0025-50fb09d560b4?t=1733924050883,si
Desconocida,2023,Extraordinaria,C. Valenciana,https://universitats.gva.es/documents/389338055/389340522/Criterios+Julio+2023+ALE.pdf/74a3b8e4-cfa8-0bf0-e542-278a8967fcef?t=1733924050882,si
Desconocida,2023,Ordinaria,C. Valenciana,https://universitats.gva.es/documents/389338055/389340513/Examen+Junio2023+VAL.pdf/52270e33-7ef4-9564-9c2e-e63c5c0836c6?t=1733924050915,si
Desconocida,2023,Ordinaria,C. Valenciana,https://universitats.gva.es/documents/389338055/389340513/Examen+Junio2023+QUI.pdf/23327a8d-b13b-3e54-d716-f1be1c4e91d8?t=1733924050915,si
Desconocida,2023,Ordinaria,C. Valenciana,https://universitats.gva.es/documents/389338055/389340513/Examen+Junio2023+MCS.pdf/a2965d14-97b7-6355-10cb-d6eb95b25aee?t=1733924050915,si
Desconocida,2023,Ordinaria,C. Valenciana,https://universitats.gva.es/documents/389338055/389340513/Examen+Junio2023+MAT.pdf/55c943d8-cb27-8b41-be66-cb510a91d1b0?t=1733924050915,si
Desconocida,2023,Ordinaria,C. Valenciana,https://universitats.gva.es/documents/389338055/389340513/Examen+Junio2023+LAT.pdf/c126b567-8418-93be-98e9-6eda100568b0?t=1733924050915,si
Desconocida,2023,Ordinaria,C. Valenciana,https://universitats.gva.es/documents/389338055/389340513/Examen+Junio2023+ITA.pdf/02da6b04-f3c3-6d43-2b81-40808e32ca8c?t=1733924050915,si
Desconocida,2023,Ordinaria,C. Valenciana,https://universitats.gva.es/documents/389338055/389340513/Examen+Junio2023+ING.pdf/655b904a-0907-babd-f3e1-ce118e90c6be?t=1733924050915,si
Desconocida,2023,Ordinaria,C. Valenciana,https://universitats.gva.es/documents/389338055/389340513/Examen+Junio2023+HFI.pdf/82e87eee-b94c-3d0d-4adf-803ad9000fac?t=1733924050915,si
Desconocida,2023,Ordinaria,C. Valenciana,https://universitats.gva.es/documents/389338055/389340513/Examen+Junio2023+HES.pdf/f542dcb7-f4e5-ed38-cda5-fcde9b79becd?t=1733924050915,si
Desconocida,2023,Ordinaria,C. Valenciana,https://universitats.gva.es/documents/389338055/389340513/Examen+Junio2023+HAR.pdf/8e7f649f-ec0e-e7ef-7cd0-de63c4108089?t=1733924050915,si
Desconocida,2023,Ordinaria,C. Valenciana,https://universitats.gva.es/documents/389338055/389340513/Examen+Junio2023+GRI.pdf/667dcd6a-7aaf-06dd-bb7b-38e9e38cd0d4?t=1733924050915,si
Desconocida,2023,Ordinaria,C. Valenciana,https://universitats.gva.es/documents/389338055/389340513/Examen+Junio2023+GEO.pdf/dc217574-03e6-b004-f515-cf3cdd9d18c3?t=1733924050915,si
Desconocida,2023,Ordinaria,C. Valenciana,https://universitats.gva.es/documents/389338055/389340513/Examen+Junio2023+GEL.pdf/ed6dd9b1-9f5d-d43e-78b5-7be305ae95de?t=1733924050915,si
Desconocida,2023,Ordinaria,C. Valenciana,https://universitats.gva.es/documents/389338055/389340513/Examen+Junio2023+FRA.pdf/19d5c2a6-b2fa-9569-21f6-c17be35ef7d7?t=1733924050915,si
Desconocida,2023,Ordinaria,C. Valenciana,https://universitats.gva.es/documents/389338055/389340513/Examen+Junio2023+FIS.pdf/03ff3172-23f3-69a0-50ff-f5e9d4706d91?t=1733924050915,si
Desconocida,2023,Ordinaria,C. Valenciana,https://universitats.gva.es/documents/389338055/389340513/Examen+Junio2023+FAR.pdf/4121e809-76f0-8a0d-7344-07e893d3eca7?t=1733924050915,si
Desconocida,2023,Ordinaria,C. Valenciana,https://universitats.gva.es/documents/389338055/389340513/Examen+Junio2023+ECO.pdf/0ac837cc-3e18-1449-c883-f412b4ff498b?t=1733924050915,si
Desconocida,2023,Ordinaria,C. Valenciana,https://universitats.gva.es/documents/389338055/389340513/Examen+Junio2023+DTE.pdf/37953418-f5fa-c1e1-7a36-e4d9217abd21?t=1733924050915,si
Desconocida,2023,Ordinaria,C. Valenciana,https://universitats.gva.es/documents/389338055/389340513/Examen+Junio2023+DIS.pdf/8636ab1a-acbf-cd6f-c7aa-3383020334e0?t=1733924050915,si
Desconocida,2023,Ordinaria,C. Valenciana,https://universitats.gva.es/documents/389338055/389340513/Examen+Junio2023+CUA.pdf/8c76e885-6c97-6aa9-c1d3-dd9eb75a2547?t=1733924050915,si
Desconocida,2023,Ordinaria,C. Valenciana,https://universitats.gva.es/documents/389338055/389340513/Examen+Junio2023+CAS.pdf/db71c2bf-039c-b0d5-e37b-e88cb5f60be2?t=1733924050915,si
Desconocida,2023,Ordinaria,C. Valenciana,https://universitats.gva.es/documents/389338055/389340513/Examen+Junio2023+BIO.pdf/1bfb62a4-ed74-1a8d-fc92-c7229cf36336?t=1733924050915,si
Desconocida,2023,Ordinaria,C. Valenciana,https://universitats.gva.es/documents/389338055/389340513/Examen+Junio2023+ARE.pdf/216634e4-6229-ba81-091e-c2073abc6e16?t=1733924050915,si
Desconocida,2023,Ordinaria,C. Valenciana,https://universitats.gva.es/documents/389338055/389340513/Examen+Junio2023+ALE.pdf/fdeaff4e-f3f7-44da-5a6d-efe121ea4a16?t=1733924050914,si
Desconocida,2023,Ordinaria,C. Valenciana,https://universitats.gva.es/documents/389338055/389340510/Criterios+Junio2023+VAL.pdf/23aeaa3a-9787-cf7d-1542-114bead4b56c?t=1733924050937,si
Desconocida,2023,Ordinaria,C. Valenciana,https://universitats.gva.es/documents/389338055/389340510/Criterios+Junio2023+QUI.pdf/7638d432-1e04-d5a8-2678-4af8c3b8dda9?t=1733924050937,si
Desconocida,2023,Ordinaria,C. Valenciana,https://universitats.gva.es/documents/389338055/389340510/Criterios+Junio2023+MCS.pdf/8173d061-43b1-b3f9-a70b-d5739c5f27ce?t=1733924050937,si
Desconocida,2023,Ordinaria,C. Valenciana,https://universitats.gva.es/documents/389338055/389340510/Criterios+Junio2023+MAT.pdf/09228425-7fa7-b274-7125-81fc7663aa5c?t=1733924050937,si
Desconocida,2023,Ordinaria,C. Valenciana,https://universitats.gva.es/documents/389338055/389340510/Criterios+Junio2023+LAT.pdf/918a4a87-f2ff-9b51-61d2-72183c66a756?t=1733924050937,si
Desconocida,2023,Ordinaria,C. Valenciana,https://universitats.gva.es/documents/389338055/389340510/Criterios+Junio2023+ITA.pdf/3f417063-a544-d4c9-87b7-71d8f1daa038?t=1733924050937,si
Desconocida,2023,Ordinaria,C. Valenciana,https://universitats.gva.es/documents/389338055/389340510/Criterios+Juio2023+ING.pdf/36aa5c2a-c8fe-3c5c-318a-56388c7fcdce?t=1733924050937,si
Desconocida,2023,Ordinaria,C. Valenciana,https://universitats.gva.es/documents/389338055/389340510/Criterios+Junio2023+HFI.pdf/0b801c50-690f-17fb-010d-ec32e4cf070b?t=1733924050937,si
Desconocida,2023,Ordinaria,C. Valenciana,https://universitats.gva.es/documents/389338055/389340510/Criterios+Junio2023+HES.pdf/74e3eaf3-e8c0-ea22-1fa4-d4dcf2ada6d3?t=1733924050937,si
Desconocida,2023,Ordinaria,C. Valenciana,https://universitats.gva.es/documents/389338055/389340510/Criterios+Junio2023+HAR.pdf/054fc634-17ea-f399-f83d-d0fecb8a1f45?t=1733924050937,si
Desconocida,2023,Ordinaria,C. Valenciana,https://universitats.gva.es/documents/389338055/389340510/Criterios+Junio2023+GRI.pdf/4d65476b-f29c-80c1-02e1-1152615ffdc7?t=1733924050937,si
Desconocida,2023,Ordinaria,C. Valenciana,https://universitats.gva.es/documents/389338055/389340510/Criterios+Junio2023+GEO.pdf/7bd46d10-4207-7689-48e7-9c511fa9b4b3?t=1733924050937,si
Desconocida,2023,Ordinaria,C. Valenciana,https://universitats.gva.es/documents/389338055/389340510/Criterios+Junio2023+GEL.pdf/889ee3ca-7376-db79-d060-01585ec303d1?t=1733924050937,si
Desconocida,2023,Ordinaria,C. Valenciana,https://universitats.gva.es/documents/389338055/389340510/Criterios+Junio2023++FRA.pdf/2121039d-36d6-3594-33d1-a52e9d29fe5c?t=1733924050937,si
Desconocida,2023,Ordinaria,C. Valenciana,https://universitats.gva.es/documents/389338055/389340510/Criterios+Junio2023+FIS.pdf/09b984eb-2ce6-89c0-e282-6bb09a9ddebc?t=1733924050937,si
Desconocida,2023,Ordinaria,C. Valenciana,https://universitats.gva.es/documents/389338055/389340510/Criterios+Junio2023+FAR.pdf/71bc8ed2-4408-3834-4970-32cb1d422d36?t=1733924050937,si
Desconocida,2023,Ordinaria,C. Valenciana,https://universitats.gva.es/documents/389338055/389340510/Criterios+Junio2023+ECO.pdf/1b9a5f26-6c9e-6d8d-5297-215c050ba39f?t=1733924050937,si
Desconocida,2023,Ordinaria,C. Valenciana,https://universitats.gva.es/documents/389338055/389340510/Criterios+Junio2023+DTE.pdf/f04f2f51-6088-055a-c761-b8ce753b944e?t=1733924050937,si
Desconocida,2023,Ordinaria,C. Valenciana,https://universitats.gva.es/documents/389338055/389340510/Criterios+Junio2023+CUA.pdf/f55ba0bf-11a2-2565-96d8-ef2a5512ebe0?t=1733924050937,si
Desconocida,2023,Ordinaria,C. Valenciana,https://universitats.gva.es/documents/389338055/389340510/Criterios+Junio2023+CAS.pdf/92f44c12-7b56-6f04-de26-2227aa20e9e0?t=1733924050937,si
Desconocida,2023,Ordinaria,C. Valenciana,https://universitats.gva.es/documents/389338055/389340510/Criterios+Junio2023+BIO.pdf/fd3abca8-38d8-5fae-f699-496f4bce4b6e?t=1733924050937,si
Desconocida,2023,Ordinaria,C. Valenciana,https://universitats.gva.es/documents/389338055/389340510/Criterios+Junio+2023+ARE.pdf/d8a50f1e-ac91-3b83-d177-8d52702339d3?t=1733924050937,si
Desconocida,2023,Ordinaria,C. Valenciana,https://universitats.gva.es/documents/389338055/389340510/Criterios+Junio2023+ALE.pdf/09c3a09a-2505-68e6-696c-4ab7909aee1d?t=1733924050937,si
Desconocida,2023,Ordinaria,C. Valenciana,https://universitats.gva.es/documents/389338055/389340510/Criterios+Junio2023+DIS.pdf/5495a6c3-b0f8-fbc6-acb8-22424a85a4dc?t=1733924050937,si
Desconocida,2024,Extraordinaria,C. Valenciana,https://universitats.gva.es/documents/389338055/389340561/Examen+VALE+Julio+2024.pdf/5d6296e4-ee54-98eb-9029-0b88bd0d8c6f?t=1733924050755,si
Desconocida,2024,Extraordinaria,C. Valenciana,https://universitats.gva.es/documents/389338055/389340561/Examen+TEXP+Julio+2024.pdf/477d213f-fe05-49cc-22ad-9003a4e79c0f?t=1733924050755,si
Desconocida,2024,Extraordinaria,C. Valenciana,https://universitats.gva.es/documents/389338055/389340561/Examen+TEIN+Julio+2024.pdf/9244eb28-47e1-62d3-6fdd-e24979d06ca6?t=1733924050755,si
Desconocida,2024,Extraordinaria,C. Valenciana,https://universitats.gva.es/documents/389338055/389340561/Examen+QUIM+Julio+2024.pdf/c1d3c24e-bd34-3388-74ef-e8d21279436a?t=1733924050755,si
Desconocida,2024,Extraordinaria,C. Valenciana,https://universitats.gva.es/documents/389338055/389340561/Examen+MATE+Julio+2024.pdf/267f9a07-aaa4-0196-e3ac-604ba77939ac?t=1733924050755,si
Desconocida,2024,Extraordinaria,C. Valenciana,https://universitats.gva.es/documents/389338055/389340561/Examen+LITE+Julio+2024.pdf/07ac24b9-4d59-70df-9a28-f0fe069b9d07?t=1733924050755,si
Desconocida,2024,Extraordinaria,C. Valenciana,https://universitats.gva.es/documents/389338055/389340561/Examen+LATI+Julio+2024.pdf/8496bec9-957f-c3eb-7ec2-f81f61a5889d?t=1733924050755,si
Desconocida,2024,Extraordinaria,C. Valenciana,https://universitats.gva.es/documents/389338055/389340561/Examen+ITAL+Julio+2024_2.pdf/1e28fd4e-1a73-0d45-77e6-8a5c1a96c45e?t=1733924050755,si
Desconocida,2024,Extraordinaria,C. Valenciana,https://universitats.gva.es/documents/389338055/389340561/Examen+ITAL+Julio+2024.pdf/73617940-408c-d6e1-d4c0-9d3b8124c92e?t=1733924050755,si
Desconocida,2024,Extraordinaria,C. Valenciana,https://universitats.gva.es/documents/389338055/389340561/Examen+INGL+Julio+2024_2.pdf/7a8aeb44-6fd8-9df4-9be6-11afcf9514cd?t=1733924050755,si
Desconocida,2024,Extraordinaria,C. Valenciana,https://universitats.gva.es/documents/389338055/389340561/Examen+INGL+Julio+2024.pdf/01e00560-bbeb-19a3-a698-0c433f4e7f68?t=1733924050755,si
Desconocida,2024,Extraordinaria,C. Valenciana,https://universitats.gva.es/documents/389338055/389340561/Examen+HMUS+Julio+2024.pdf/36710e2a-75e5-8036-3be7-a9dc2dd90071?t=1733924050755,si
Desconocida,2024,Extraordinaria,C. Valenciana,https://universitats.gva.es/documents/389338055/389340561/Examen+HFIL+Julio+2024_2.pdf/96817795-a36c-8237-9100-843965e89e41?t=1733924050755,si
Desconocida,2024,Extraordinaria,C. Valenciana,https://universitats.gva.es/documents/389338055/389340561/Examen+HFIL+Julio+2024.pdf/0aa40cd2-e007-1ffa-03d0-5cd2d17d5580?t=1733924050755,si
Desconocida,2024,Extraordinaria,C. Valenciana,https://universitats.gva.es/documents/389338055/389340561/Examen+HESP+Julio+2024.pdf/bc2720a8-5292-7e4a-18c3-71cf11693a93?t=1733924050754,si
Desconocida,2024,Extraordinaria,C. Valenciana,https://universitats.gva.es/documents/389338055/389340561/Examen+HART+Julio+2024.pdf/07aacfd2-b4b6-9370-a6d4-9416878f561b?t=1733924050755,si
Desconocida,2024,Extraordinaria,C. Valenciana,https://universitats.gva.es/documents/389338055/389340561/Examen+GRIE+Julio+2024.pdf/7d876378-976a-91db-e57c-06c0816c4a27?t=1733924050755,si
Desconocida,2024,Extraordinaria,C. Valenciana,https://universitats.gva.es/documents/389338055/389340561/Examen+GEOG+Julio+2024.pdf/f53b2b69-3359-54e1-d03b-0e88f9d02b00?t=1733924050755,si
Desconocida,2024,Extraordinaria,C. Valenciana,https://universitats.gva.es/documents/389338055/389340561/Examen+GECA+Julio+2024.pdf/b19f2a71-0f53-b183-e30f-e951a9c8413d?t=1733924050755,si
Desconocida,2024,Extraordinaria,C. Valenciana,https://universitats.gva.es/documents/389338055/389340561/Examen+FUAR+Julio+2024.pdf/0ef031ee-7eb3-1e44-a868-c577e06b156c?t=1733924050755,si
Desconocida,2024,Extraordinaria,C. Valenciana,https://universitats.gva.es/documents/389338055/389340561/Examen+FRAN+Julio+2024_2.pdf/56db62bd-415b-1013-47c5-7eb9ada9d2cd?t=1733924050755,si
Desconocida,2024,Extraordinaria,C. Valenciana,https://universitats.gva.es/documents/389338055/389340561/Examen+FRAN+Julio+2024.pdf/077ef024-ad06-d602-8343-13fd88ed9fe0?t=1733924050755,si
Desconocida,2024,Extraordinaria,C. Valenciana,https://universitats.gva.es/documents/389338055/389340561/Examen+FISI+Julio+2024.pdf/5cc6d3ac-3e20-7834-d370-3e89c5ff5634?t=1733924050755,si
Desconocida,2024,Extraordinaria,C. Valenciana,https://universitats.gva.es/documents/389338055/389340561/Examen+FAR+Julio+2024.pdf/7a2998d3-ff00-0b5d-d99c-17b916afcaec?t=1733924050755,si
Desconocida,2024,Extraordinaria,C. Valenciana,https://universitats.gva.es/documents/389338055/389340561/Examen+EMDI+Julio+2024.pdf/677b7e77-fe33-be41-a40b-bd5c33816e8f?t=1733924050755,si
Desconocida,2024,Extraordinaria,C. Valenciana,https://universitats.gva.es/documents/389338055/389340561/Examen+DTAP+Julio+2024.pdf/f409d746-d607-e240-ea49-5f6815156b85?t=1733924050755,si
Desconocida,2024,Extraordinaria,C. Valenciana,https://universitats.gva.es/documents/389338055/389340561/Examen+DITE+Julio+2024.pdf/f0eb3f11-9191-bf89-9033-ae097f7ea143?t=1733924050755,si
Desconocida,2024,Extraordinaria,C. Valenciana,https://universitats.gva.es/documents/389338055/389340561/Examen+DISE+Julio+2024.pdf/dbc39c23-19f9-8fca-635a-6d1beed68126?t=1733924050755,si
Desconocida,2024,Extraordinaria,C. Valenciana,https://universitats.gva.es/documents/389338055/389340561/Examen+DART+Julio+2024_2.pdf/a53df341-1ab9-48bb-cdef-2a469b567f04?t=1733924050755,si
Desconocida,2024,Extraordinaria,C. Valenciana,https://universitats.gva.es/documents/389338055/389340561/Examen+DART+Julio+2024.pdf/f448a219-b9d2-1215-6fc6-061306257c80?t=1733924050755,si
Desconocida,2024,Extraordinaria,C. Valenciana,https://universitats.gva.es/documents/389338055/389340561/Examen+COTE+Julio+2024.pdf/3f14962d-ae28-a5d3-c6cd-b2acba7b8475?t=1733924050755,si
Desconocida,2024,Extraordinaria,C. Valenciana,https://universitats.gva.es/documents/389338055/389340561/Examen+CAST+Julio+2024.pdf/e7b7a1f3-c791-a806-3316-78ac18848b34?t=1733924050755,si
Desconocida,2024,Extraordinaria,C. Valenciana,https://universitats.gva.es/documents/389338055/389340561/Examen+BIOL+Julio+2024.pdf/c6bf64a7-a335-bf19-290b-b3a0a9ed209b?t=1733924050755,si
Desconocida,2024,Extraordinaria,C. Valenciana,https://universitats.gva.es/documents/389338055/389340561/Examen+ARES+Julio+2024.pdf/5a5c112e-af53-6fbf-5499-1584b4da62ca?t=1733924050755,si
Desconocida,2024,Extraordinaria,C. Valenciana,https://universitats.gva.es/documents/389338055/389340561/Examen+ANMU+Julio+2024.pdf/afe1936f-2d31-3a6f-f428-1de8414a368e?t=1733924050755,si
Desconocida,2024,Extraordinaria,C. Valenciana,https://universitats.gva.es/documents/389338055/389340561/Examen+ALEM+Julio+2024_2.pdf/bd636199-9c19-269b-1902-c009db43b8d6?t=1733924050755,si
Desconocida,2024,Extraordinaria,C. Valenciana,https://universitats.gva.es/documents/389338055/389340561/Examen+ALEM+Julio+2024.pdf/b6abe3a2-16dc-50b9-8735-8c3282bd558f?t=1733924050755,si
Desconocida,2024,Extraordinaria,C. Valenciana,https://universitats.gva.es/documents/389338055/389340564/Criterios+VALE+Julio+2024.pdf/d375ee17-ac65-00e9-9a92-49ce046b873c?t=1733924050726,si
Desconocida,2024,Extraordinaria,C. Valenciana,https://universitats.gva.es/documents/389338055/389340564/Criterios+TEXP+Julio+2024.pdf/641c2bd7-a18f-1ad2-4fa1-190a9efe1b63?t=1733924050726,si
Desconocida,2024,Extraordinaria,C. Valenciana,https://universitats.gva.es/documents/389338055/389340564/Criterios+TEIN+Julio+2024.pdf/ccc2f1eb-ed34-e97f-0c73-9daf7522e32b?t=1733924050726,si
Desconocida,2024,Extraordinaria,C. Valenciana,https://universitats.gva.es/documents/389338055/389340564/Criterios+QUIM+Julio+2024.pdf/bfaa2129-81b2-6831-c68d-5c8d1f0e6354?t=1733924050726,si
Desconocida,2024,Extraordinaria,C. Valenciana,https://universitats.gva.es/documents/389338055/389340564/Criterios+MATE+Julio+2024.pdf/eafe621b-e6b8-7c1f-2a3b-27290881828b?t=1733924050726,si
Desconocida,2024,Extraordinaria,C. Valenciana,https://universitats.gva.es/documents/389338055/389340564/Criterios+LITE+Julio+2024.pdf/f15d6cf3-5129-8208-51fb-2a95777e1c8b?t=1733924050726,si
Desconocida,2024,Extraordinaria,C. Valenciana,https://universitats.gva.es/documents/389338055/389340564/Criterios+LATI+Julio+2024.pdf/d4f58121-a19a-098d-e051-eaf17f870e70?t=1733924050726,si
Desconocida,2024,Extraordinaria,C. Valenciana,https://universitats.gva.es/documents/389338055/389340564/Criterios+ITAL+Julio+2024.pdf/9fc18fa0-a0aa-5ab9-765d-01d3b86a9b50?t=1733924050726,si
Desconocida,2024,Extraordinaria,C. Valenciana,https://universitats.gva.es/documents/389338055/389340564/Criterios+INGL+Julio+2024.pdf/cccd423b-1b11-87a6-de68-7220dfd23278?t=1733924050726,si
Desconocida,2024,Extraordinaria,C. Valenciana,https://universitats.gva.es/documents/389338055/389340564/Criterios+HMUS+Julio+2024.pdf/ab297204-ca65-655e-5f3e-81fac80a114c?t=1733924050726,si
Desconocida,2024,Extraordinaria,C. Valenciana,https://universitats.gva.es/documents/389338055/389340564/Criterios+HFIL+Julio+2024.pdf/55537b77-1cbd-470f-16ca-a6119211a50b?t=1733924050726,si
Desconocida,2024,Extraordinaria,C. Valenciana,https://universitats.gva.es/documents/389338055/389340564/Criterios+HESP+Julio+2024.pdf/aabd585a-403d-716d-b661-4c651b44f1cf?t=1733924050726,si
Desconocida,2024,Extraordinaria,C. Valenciana,https://universitats.gva.es/documents/389338055/389340564/Criterios+HART+julio+2024.pdf/ac3f5d0e-6a24-8fbf-19d1-00b812a4bd62?t=1733924050726,si
Desconocida,2024,Extraordinaria,C. Valenciana,https://universitats.gva.es/documents/389338055/389340564/Criterios+GRIE+Julio+2024.pdf/6ae1dae0-f77c-7a65-5172-c97aeef3eb9c?t=1733924050726,si
Desconocida,2024,Extraordinaria,C. Valenciana,https://universitats.gva.es/documents/389338055/389340564/Criterios+GEOG+Julio+2024.pdf/8cc7a8ab-d81f-64e7-06db-72bc4c4a66c3?t=1733924050726,si
Desconocida,2024,Extraordinaria,C. Valenciana,https://universitats.gva.es/documents/389338055/389340564/Criterios+GECA+Julio+2024.pdf/ebfef50c-1657-1b61-ed5d-7c36d24f0945?t=1733924050726,si
Desconocida,2024,Extraordinaria,C. Valenciana,https://universitats.gva.es/documents/389338055/389340564/Criterios+FUAR+Julio+2024.pdf/1824d20a-ab87-f6f1-0872-7bfe7d4f462c?t=1733924050726,si
Desconocida,2024,Extraordinaria,C. Valenciana,https://universitats.gva.es/documents/389338055/389340564/Criterios+FRAN+Julio+2024.pdf/c8681e57-6b81-4a60-8954-ea07c5030788?t=1733924050726,si
Desconocida,2024,Extraordinaria,C. Valenciana,https://universitats.gva.es/documents/389338055/389340564/Criterios+FISI+Julio+2024.pdf/5aa31367-ecfe-8d23-2606-1f90365d2179?t=1733924050726,si
Desconocida,2024,Extraordinaria,C. Valenciana,https://universitats.gva.es/documents/389338055/389340564/Criterios+FAR+Julio+2024.pdf/75ceae70-5c14-b305-58c5-e0afb8fa89a8?t=1733924050726,si
Desconocida,2024,Extraordinaria,C. Valenciana,https://universitats.gva.es/documents/389338055/389340564/Criterios+EMDI+Julio+2024.pdf/0c66e176-5f47-dc36-3805-5eebbd08620a?t=1733924050726,si
Desconocida,2024,Extraordinaria,C. Valenciana,https://universitats.gva.es/documents/389338055/389340564/Criterios+DTAP+Julio+2024.pdf/1cf6c004-7170-00b0-d6cf-25bb34b79aff?t=1733924050726,si
Desconocida,2024,Extraordinaria,C. Valenciana,https://universitats.gva.es/documents/389338055/389340564/Criterios+DITE+Julio+2024.pdf/99f1871c-a607-0c50-fedb-63f1c2ad1594?t=1733924050726,si
Desconocida,2024,Extraordinaria,C. Valenciana,https://universitats.gva.es/documents/389338055/389340564/Criterios+DISE+Julio+2024.pdf/24427022-0331-119f-e085-00cc815383b7?t=1733924050726,si
Desconocida,2024,Extraordinaria,C. Valenciana,https://universitats.gva.es/documents/389338055/389340564/Criterios+DART+Julio+2024.pdf/27c54291-939f-93fd-4c59-0537b3fd6df8?t=1733924050726,si
Desconocida,2024,Extraordinaria,C. Valenciana,https://universitats.gva.es/documents/389338055/389340564/Criterios+COTE+Julio+2024.pdf/a01578fe-ad3f-d456-4863-df7d6c3a4bb6?t=1733924050726,si
Desconocida,2024,Extraordinaria,C. Valenciana,https://universitats.gva.es/documents/389338055/389340564/Criterios+CAST+Julio+2024.pdf/39c25754-9ddf-feb4-6da0-cae60744b036?t=1733924050726,si
Desconocida,2024,Extraordinaria,C. Valenciana,https://universitats.gva.es/documents/389338055/389340564/Criterios+BIOL+Julio+2024.pdf/15cfa9bd-0f50-9390-bf8f-274239a73f68?t=1733924050726,si
Desconocida,2024,Extraordinaria,C. Valenciana,https://universitats.gva.es/documents/389338055/389340564/Criterios+ARES+Julio+2024.pdf/4ccdeaaf-50f8-2170-fc78-0a40ec5e2b99?t=1733924050726,si
Desconocida,2024,Extraordinaria,C. Valenciana,https://universitats.gva.es/documents/389338055/389340564/Criterios+ANMU+Julio+2024.pdf/665d1a87-de7a-6298-4225-a642c42be5a3?t=1733924050726,si
Desconocida,2024,Extraordinaria,C. Valenciana,https://universitats.gva.es/documents/389338055/389340564/Criterios+ALEM+Julio+2024.pdf/7238138a-2706-1c0b-fa19-4ffc31f8cb8f?t=1733924050726,si
Desconocida,2024,Ordinaria,C. Valenciana,https://universitats.gva.es/documents/389338055/389340552/Examen+VALE+Junio+2024.pdf/a1967c6f-733c-6f8b-94ef-261321bcab92?t=1733924050795,si
Desconocida,2024,Ordinaria,C. Valenciana,https://universitats.gva.es/documents/389338055/389340552/Examen+TEXP+Junio+2024.pdf/c2a8ecc1-a8a9-4fbe-40ae-b148126a4ac8?t=1733924050795,si
Desconocida,2024,Ordinaria,C. Valenciana,https://universitats.gva.es/documents/389338055/389340552/Examen+TEIN+Junio+2024.pdf/ba235fc7-bc28-d448-4822-0a8a25ca8f3a?t=1733924050795,si
Desconocida,2024,Ordinaria,C. Valenciana,https://universitats.gva.es/documents/389338055/389340552/Examen+QUIM+Junio+2024.pdf/f7567fff-0c94-3e0e-0f31-816364327d4e?t=1733924050795,si
Desconocida,2024,Ordinaria,C. Valenciana,https://universitats.gva.es/documents/389338055/389340552/Examen+MATE+Junio+2024.pdf/ae2d8414-5e78-9723-5b9d-7938089cbc86?t=1733924050795,si
Desconocida,2024,Ordinaria,C. Valenciana,https://universitats.gva.es/documents/389338055/389340552/Examen+LITE+Junio+2024.pdf/67144242-6c78-3a35-9e3d-2d65cc0773cb?t=1733924050795,si
Desconocida,2024,Ordinaria,C. Valenciana,https://universitats.gva.es/documents/389338055/389340552/Examen+LATI+Junio+2024.pdf/c4451402-6fea-4cc5-e2f8-0ce1db9fffa7?t=1733924050795,si
Desconocida,2024,Ordinaria,C. Valenciana,https://universitats.gva.es/documents/389338055/389340552/Examen+ITAL_2+Junio+2024.pdf/dceeb522-dbd4-5a5e-df35-dc0fe9ab798b?t=1733924050795,si
Desconocida,2024,Ordinaria,C. Valenciana,https://universitats.gva.es/documents/389338055/389340552/Examen+ITAL+Junio+2024.pdf/e159d838-5b9f-72ff-e243-fc072cf040db?t=1733924050795,si
Desconocida,2024,Ordinaria,C. Valenciana,https://universitats.gva.es/documents/389338055/389340552/Examen+INGL_2+Junio+2024.pdf/f2b904a9-2186-f26d-8a8f-f85c738c2c78?t=1733924050795,si
Desconocida,2024,Ordinaria,C. Valenciana,https://universitats.gva.es/documents/389338055/389340552/Examen+INGL+Junio+2024.pdf/4bdb2761-08ee-e469-114b-a9ddc2811215?t=1733924050795,si
Desconocida,2024,Ordinaria,C. Valenciana,https://universitats.gva.es/documents/389338055/389340552/Examen+HMUS+Junio+2024.pdf/bdcdac4d-e12c-bbf7-0499-2407b3fa3cea?t=1733924050795,si
Desconocida,2024,Ordinaria,C. Valenciana,https://universitats.gva.es/documents/389338055/389340552/Examen+HFIL_2+Junio+2024.pdf/3d322b87-a864-7b2d-8b61-45ee97390be2?t=1733924050795,si
Desconocida,2024,Ordinaria,C. Valenciana,https://universitats.gva.es/documents/389338055/389340552/Examen+HFIL+Junio+2024.pdf/af43d31d-7e68-cf65-f8aa-4ee66b931a04?t=1733924050795,si
Desconocida,2024,Ordinaria,C. Valenciana,https://universitats.gva.es/documents/389338055/389340552/Examen+HESP+Junio+2024.pdf/804b5cc9-9425-e039-8c94-1ed6ff4f7fa4?t=1733924050795,si
Desconocida,2024,Ordinaria,C. Valenciana,https://universitats.gva.es/documents/389338055/389340552/Examen+HART+Junio+2024.pdf/b09ad883-813a-a3b9-83a7-2ccffb4e591b?t=1733924050795,si
Desconocida,2024,Ordinaria,C. Valenciana,https://universitats.gva.es/documents/389338055/389340552/Examen+GRIE+Junio+2024.pdf/80f143f9-9a80-af81-96f5-585ee35f95ab?t=1733924050795,si
Desconocida,2024,Ordinaria,C. Valenciana,https://universitats.gva.es/documents/389338055/389340552/Examen+GEOG+Junio+2024.pdf/abd6879f-aed6-6b92-7fc1-001c4f9b0ea8?t=1733924050795,si
Desconocida,2024,Ordinaria,C. Valenciana,https://universitats.gva.es/documents/389338055/389340552/Examen+GECA+Junio+2024.pdf/341e39a5-b154-9798-c36e-cb6f3eedc411?t=1733924050795,si
Desconocida,2024,Ordinaria,C. Valenciana,https://universitats.gva.es/documents/389338055/389340552/Examen+FUAR+Junio+2024.pdf/8aafd46e-bd47-24f4-7f03-8d07c0a270ac?t=1733924050795,si
Desconocida,2024,Ordinaria,C. Valenciana,https://universitats.gva.es/documents/389338055/389340552/Examen+FRAN+Junio+2024.pdf/77a206bb-579f-e56d-f738-dea0289aa444?t=1733924050795,si
Desconocida,2024,Ordinaria,C. Valenciana,https://universitats.gva.es/documents/389338055/389340552/Examen+FRAN+_2+Junio+2024.pdf/a6e0bf0a-244d-4ab8-a24e-ff249b0ffa88?t=1733924050795,si
Desconocida,2024,Ordinaria,C. Valenciana,https://universitats.gva.es/documents/389338055/389340552/Examen+FISI+Junio+2024.pdf/3d8ac75c-adcc-848d-90c5-cad23ef936bc?t=1733924050795,si
Desconocida,2024,Ordinaria,C. Valenciana,https://universitats.gva.es/documents/389338055/389340552/Examen+FAR++Junio+2024.pdf/d0f27dee-add7-0a58-b299-52ac92071213?t=1733924050795,si
Desconocida,2024,Ordinaria,C. Valenciana,https://universitats.gva.es/documents/389338055/389340552/Examen+EMDI+Junio+2024.pdf/fe1b6709-8a7b-5c69-2099-e827d147dd3f?t=1733924050795,si
Desconocida,2024,Ordinaria,C. Valenciana,https://universitats.gva.es/documents/389338055/389340552/Examen+DTAP+Junio+2024.pdf/32f803c4-3be8-f8fb-b1bf-22d2d5a6b59d?t=1733924050795,si
Desconocida,2024,Ordinaria,C. Valenciana,https://universitats.gva.es/documents/389338055/389340552/Examen+DITE+Junio+2024.pdf/4f857ac0-b868-eb93-2927-99c5ec2ddfef?t=1733924050795,si
Desconocida,2024,Ordinaria,C. Valenciana,https://universitats.gva.es/documents/389338055/389340552/Examen+DISE+Junio+2024.pdf/08507b5c-b4cf-161b-4930-7bfb5c67cad1?t=1733924050795,si
Desconocida,2024,Ordinaria,C. Valenciana,https://universitats.gva.es/documents/389338055/389340552/Examen+DART_2+Junio+2024.pdf/a4662dc5-ec66-cd5d-5873-222186cb143c?t=1733924050795,si
Desconocida,2024,Ordinaria,C. Valenciana,https://universitats.gva.es/documents/389338055/389340552/Examen+DART+Junio+2024.pdf/0793c58e-4667-6291-85b4-a327d4f84cbe?t=1733924050795,si
Desconocida,2024,Ordinaria,C. Valenciana,https://universitats.gva.es/documents/389338055/389340552/Examen+COTE+Junio+2024.pdf/5156553c-b7e4-3b12-8246-debc77b6fe8f?t=1733924050795,si
Desconocida,2024,Ordinaria,C. Valenciana,https://universitats.gva.es/documents/389338055/389340552/Examen+CAST+Junio+2024.pdf/8f638ef6-2d66-2d32-8b01-f3d221b755bd?t=1733924050795,si
Desconocida,2024,Ordinaria,C. Valenciana,https://universitats.gva.es/documents/389338055/389340552/Examen+BIOL+Junio+2024.pdf/4c58e054-977e-82bd-0b01-abdc8332f53f?t=1733924050795,si
Desconocida,2024,Ordinaria,C. Valenciana,https://universitats.gva.es/documents/389338055/389340552/Examen+ARES+Junio+2024.pdf/2289c627-cdd8-7697-c021-7022dd2097ab?t=1733924050795,si
Desconocida,2024,Ordinaria,C. Valenciana,https://universitats.gva.es/documents/389338055/389340552/Examen+ANMU+Junio+2024.pdf/3a6c461f-71e8-d5e5-910d-613840c82997?t=1733924050795,si
Desconocida,2024,Ordinaria,C. Valenciana,https://universitats.gva.es/documents/389338055/389340552/Examen+ALEM_2+Junio+2024.pdf/74b60227-2e38-34d4-be14-9b7b1dda03ed?t=1733924050795,si
Desconocida,2024,Ordinaria,C. Valenciana,https://universitats.gva.es/documents/389338055/389340552/Examen+ALEM+Junio+2024.pdf/e9cf7c67-d578-a758-592d-bc97006b5900?t=1733924050795,si
Desconocida,2024,Ordinaria,C. Valenciana,https://universitats.gva.es/documents/389338055/389340549/Criterios+VALE+Junio+2024.pdf/f56474ef-a262-0eac-e79c-d241814a1039?t=1733924050824,si
Desconocida,2024,Ordinaria,C. Valenciana,https://universitats.gva.es/documents/389338055/389340549/Criterios+TEXP+Junio+2024.pdf/1963adeb-1713-6aed-2e8b-f1dcebb6e823?t=1733924050824,si
Desconocida,2024,Ordinaria,C. Valenciana,https://universitats.gva.es/documents/389338055/389340549/Criterios+TEIN+Junio+2024.pdf/3e364c5c-5dd3-118f-249a-69ce5971d175?t=1733924050824,si
Desconocida,2024,Ordinaria,C. Valenciana,https://universitats.gva.es/documents/389338055/389340549/Criterios+QUIM++Junio+2024.pdf/ffbc29f3-2036-eb11-50ec-662bc71debdb?t=1733924050824,si
Desconocida,2024,Ordinaria,C. Valenciana,https://universitats.gva.es/documents/389338055/389340549/Criterios+MATE+Junio+2024.pdf/dedcb400-bcf4-53a1-8846-bfacb3456168?t=1733924050824,si
Desconocida,2024,Ordinaria,C. Valenciana,https://universitats.gva.es/documents/389338055/389340549/Criterios+LITE+Junio+2024.pdf/8d44a7a4-e779-fd0e-c9b7-af66b295c1cb?t=1733924050824,si
Desconocida,2024,Ordinaria,C. Valenciana,https://universitats.gva.es/documents/389338055/389340549/Criterios+LATI++Junio+2024.pdf/1ca6d885-9770-28ef-9bb3-885b45f29d13?t=1733924050824,si
Desconocida,2024,Ordinaria,C. Valenciana,https://universitats.gva.es/documents/389338055/389340549/Criterios+ITAL+Junio+2024.pdf/6c50aad2-f163-fea1-9240-1aedf2ac783e?t=1733924050824,si
Desconocida,2024,Ordinaria,C. Valenciana,https://universitats.gva.es/documents/389338055/389340549/Criterios+INGL+Junio+2024.pdf/34076cea-8e33-a414-2f07-c081d5664787?t=1733924050824,si
Desconocida,2024,Ordinaria,C. Valenciana,https://universitats.gva.es/documents/389338055/389340549/Criterios+HMUS+Junio+2024.pdf/0cd7f622-2e24-3028-b701-b72d9f94999a?t=1733924050824,si
Desconocida,2024,Ordinaria,C. Valenciana,https://universitats.gva.es/documents/389338055/389340549/Criterios+HFIL+Junio+2024.pdf/be028565-0641-ce13-487d-1d5b1ff38a1f?t=1733924050824,si
Desconocida,2024,Ordinaria,C. Valenciana,https://universitats.gva.es/documents/389338055/389340549/Criterios+HESP+Junio+2024.pdf/f58db36e-31cf-9565-a1d6-25dfd863d604?t=1733924050825,si
Desconocida,2024,Ordinaria,C. Valenciana,https://universitats.gva.es/documents/389338055/389340549/Criterios+HART+Junio+2024.pdf/4c461051-c3e6-df03-4474-10b10f78e027?t=1733924050825,si
Desconocida,2024,Ordinaria,C. Valenciana,https://universitats.gva.es/documents/389338055/389340549/Criterios+GRIE+Junio+2024.pdf/f4217544-73d6-86e5-130c-f187f9a87c30?t=1733924050825,si
Desconocida,2024,Ordinaria,C. Valenciana,https://universitats.gva.es/documents/389338055/389340549/Criterios+GEOG+Junio+2024.pdf/9c90bdc5-8123-bd74-a5d9-94b0e79b1ac0?t=1733924050825,si
Desconocida,2024,Ordinaria,C. Valenciana,https://universitats.gva.es/documents/389338055/389340549/Criterios+GECA+Junio+2024.pdf/3afeabb5-8233-7dd7-62c5-c66562ac5363?t=1733924050825,si
Desconocida,2024,Ordinaria,C. Valenciana,https://universitats.gva.es/documents/389338055/389340549/Criterios+FUAR+Junio+2024.pdf/f2e1b5f6-46ac-bf48-a8e2-7bac14781ba3?t=1733924050825,si
Desconocida,2024,Ordinaria,C. Valenciana,https://universitats.gva.es/documents/389338055/389340549/Criterios+FRAN+Junio+2024.pdf/4668cf5e-e4ee-b517-a075-45c167182de6?t=1733924050825,si
Desconocida,2024,Ordinaria,C. Valenciana,https://universitats.gva.es/documents/389338055/389340549/Criterios+FISI+Junio+2024.pdf/9d7ad66e-79d8-8596-5797-e4dd1afe3502?t=1733924050825,si
Desconocida,2024,Ordinaria,C. Valenciana,https://universitats.gva.es/documents/389338055/389340549/Criterios+EMDI+Junio+2024.pdf/a9108385-44df-0092-58ca-e5b80e99421e?t=1733924050825,si
Desconocida,2024,Ordinaria,C. Valenciana,https://universitats.gva.es/documents/389338055/389340549/Criterios+DTAP+Junio+2024.pdf/9a50d91b-c4c6-8460-7dc9-5a4ea1d6ab15?t=1733924050825,si
Desconocida,2024,Ordinaria,C. Valenciana,https://universitats.gva.es/documents/389338055/389340549/Criterios+DITE+Junio+2024.pdf/d5d84d53-7f39-ab1f-2f48-7c4c892b8a6a?t=1733924050825,si
Desconocida,2024,Ordinaria,C. Valenciana,https://universitats.gva.es/documents/389338055/389340549/Criterios+DISE+Junio+2024.pdf/bc623961-ca59-0233-af72-d5c289e9d6aa?t=1733924050825,si
Desconocida,2024,Ordinaria,C. Valenciana,https://universitats.gva.es/documents/389338055/389340549/Criterios+DART+Junio+2024.pdf/f25751a1-3867-23fd-53a6-fe6ac05862ac?t=1733924050825,si
Desconocida,2024,Ordinaria,C. Valenciana,https://universitats.gva.es/documents/389338055/389340549/Criterios+COTE+Junio+2024.pdf/f97521e3-c32e-9d78-5b2b-c55893de2daf?t=1733924050825,si
Desconocida,2024,Ordinaria,C. Valenciana,https://universitats.gva.es/documents/389338055/389340549/Criterios+CAST+Junio+2024.pdf/0ec70e14-3376-b5ca-d2c1-cce2274ca02c?t=1733924050825,si
Desconocida,2024,Ordinaria,C. Valenciana,https://universitats.gva.es/documents/389338055/389340549/Criterios+BIOL+Junio+2024.pdf/5e6c7514-a234-137e-6fef-0d2e6c564e95?t=1733924050825,si
Desconocida,2024,Ordinaria,C. Valenciana,https://universitats.gva.es/documents/389338055/389340549/Criterios+ARES+Junio+2024.pdf/8e37d6c3-a9cb-0427-f9ba-a2f1b3571819?t=1733924050825,si
Desconocida,2024,Ordinaria,C. Valenciana,https://universitats.gva.es/documents/389338055/389340549/Criterios+ANMU+Junio+2024.pdf/c7a68a77-46b0-7751-13e7-5067979da847?t=1733924050824,si
Desconocida,2024,Ordinaria,C. Valenciana,https://universitats.gva.es/documents/389338055/389340549/Criterios+ALEM+Junio+2024.pdf/8a70c85f-cfce-02e3-8e15-d8c285c92148?t=1733924050824,si
Desconocida,2025,Extraordinaria,C. Valenciana,https://universitats.gva.es/documents/389338055/394217557/Examen+ALEM+Julio+2025.pdf/ede5c672-a07f-189f-3055-2810fcc744f3?t=1751880002066,si
Desconocida,2025,Extraordinaria,C. Valenciana,https://universitats.gva.es/documents/389338055/394217557/Examen+ALEM_2+Julio+2025.pdf/ea97f78c-22a4-e665-335b-1ac122473420?t=1751881576334,si
Desconocida,2025,Extraordinaria,C. Valenciana,https://universitats.gva.es/documents/389338055/394217557/Examen+ANMU+Julio+2025.pdf/78a86f3d-ddf0-d794-26e8-245e073594a2?t=1751880021847,si
Desconocida,2025,Extraordinaria,C. Valenciana,https://universitats.gva.es/documents/389338055/394217557/Examen+ARES+Julio+2025.pdf/b695c6c6-6fda-b356-6004-afa28877e1df?t=1751880076169,si
Desconocida,2025,Extraordinaria,C. Valenciana,https://universitats.gva.es/documents/389338055/394217557/Examen+ARES_2+Julio+2025.pdf/67b2aed5-dfd0-2b42-048f-fdf9f203ee5e?t=1751881615111,si
Desconocida,2025,Extraordinaria,C. Valenciana,https://universitats.gva.es/documents/389338055/394217557/Examen+BIOL+Julio+2025.pdf/d875681e-ad7b-d635-9afa-14ec2a07b204?t=1751880114825,si
Desconocida,2025,Extraordinaria,C. Valenciana,https://universitats.gva.es/documents/389338055/394217557/Examen+CAST+Julio+2025.pdf/5b601edc-acc7-f5a6-98fe-351e21dc6060?t=1751880294378,si
Desconocida,2025,Extraordinaria,C. Valenciana,https://universitats.gva.es/documents/389338055/394217557/Examen+CIGE+Julio+2025.pdf/317d9cf4-9d4e-e727-b9f0-7041b22590bd?t=1751880327377,si
Desconocida,2025,Extraordinaria,C. Valenciana,https://universitats.gva.es/documents/389338055/394217557/Examen+CIGE_2+Julio+2025.pdf/0d8ddae1-eb32-814f-916f-3f703d557987?t=1751881660429,si
Desconocida,2025,Extraordinaria,C. Valenciana,https://universitats.gva.es/documents/389338055/394217557/Examen+COTE+Julio+2025.pdf/7b5f19a1-b1c9-0bba-d5b8-47c96eab4a01?t=1751880368218,si
Desconocida,2025,Extraordinaria,C. Valenciana,https://universitats.gva.es/documents/389338055/394217557/Examen+DART+Julio+2025.pdf/b0e33bb1-629a-abba-9c35-1149f010eb9f?t=1751880404082,si
Desconocida,2025,Extraordinaria,C. Valenciana,https://universitats.gva.es/documents/389338055/394217557/Examen+DART_2+Julio+2025.pdf/be1bc7a8-d1c5-c6c5-1b2e-bf0e3bee1cee?t=1751881702450,si
Desconocida,2025,Extraordinaria,C. Valenciana,https://universitats.gva.es/documents/389338055/394217557/Examen+DISE+Julio+2025.pdf/f3036dc8-41ec-f614-40b2-d9df75626739?t=1751880427160,si
Desconocida,2025,Extraordinaria,C. Valenciana,https://universitats.gva.es/documents/389338055/394217557/Examen+DISE_2+Julio+2025.pdf/466db1f5-5ebb-6730-fd39-4f299c55e27b?t=1751881761100,si
Desconocida,2025,Extraordinaria,C. Valenciana,https://universitats.gva.es/documents/389338055/394217557/Examen+DITE+Julio+2025.pdf/3af46cc8-9dea-a9c1-a046-fd3b9c3b323e?t=1751880451134,si
Desconocida,2025,Extraordinaria,C. Valenciana,https://universitats.gva.es/documents/389338055/394217557/Examen+DTAP+Julio+2025.pdf/7c4b637c-7534-2cee-4e00-0577f4f300b6?t=1751880490399,si
Desconocida,2025,Extraordinaria,C. Valenciana,https://universitats.gva.es/documents/389338055/394217557/Examen+EMDI+Julio+2025.pdf/cd6822c2-c355-e40b-c1fc-0aa1ce79264e?t=1751880519992,si
Desconocida,2025,Extraordinaria,C. Valenciana,https://universitats.gva.es/documents/389338055/394217557/Examen+FISI+Julio+2025.pdf/49e99a55-7380-2c13-79d0-e56ce653e73f?t=1751880545905,si
Desconocida,2025,Extraordinaria,C. Valenciana,https://universitats.gva.es/documents/389338055/394217557/Examen+FRAN+Julio+2025.pdf/3633f9a4-8641-6a55-2d71-e1e67f672281?t=1751880575700,si
Desconocida,2025,Extraordinaria,C. Valenciana,https://universitats.gva.es/documents/389338055/394217557/Examen+FRAN_2+Julio+2025.pdf/f5c4c37b-3ce4-170f-3ff1-4f74dbc418d6?t=1751881807680,si
Desconocida,2025,Extraordinaria,C. Valenciana,https://universitats.gva.es/documents/389338055/394217557/Examen+FUAR+Julio+2025.pdf/b832391e-84c0-e84f-1b34-6ed0467a47c1?t=1751880605761,si
Desconocida,2025,Extraordinaria,C. Valenciana,https://universitats.gva.es/documents/389338055/394217557/Examen+GECA+Julio+2025.pdf/19225757-37e8-1e97-633b-7fc00ee8bb8f?t=1751880631699,si
Desconocida,2025,Extraordinaria,C. Valenciana,https://universitats.gva.es/documents/389338055/394217557/Examen+GEOG+Julio+2025.pdf/7dad5ac8-9fd1-00b5-9135-cec098a3180b?t=1751880663860,si
Desconocida,2025,Extraordinaria,C. Valenciana,https://universitats.gva.es/documents/389338055/394217557/Examen+GRIE+Julio+2025.pdf/042a7dd7-37b3-757f-c1b4-367201a32aab?t=1751880683552,si
Desconocida,2025,Extraordinaria,C. Valenciana,https://universitats.gva.es/documents/389338055/394217557/Examen+HART+Julio+2025.pdf/d2b4afc1-490a-eb6f-1510-5ee47b72a6fe?t=1751880709798,si
Desconocida,2025,Extraordinaria,C. Valenciana,https://universitats.gva.es/documents/389338055/394217557/Examen+HESP+Julio+2025.pdf/e7545e86-d46b-3890-a8d8-8820de28fc4f?t=1751880738076,si
Desconocida,2025,Extraordinaria,C. Valenciana,https://universitats.gva.es/documents/389338055/394217557/Examen+HFIL+Julio+2025.pdf/6135aea4-62db-827b-d849-5902c3614c15?t=1751881029796,si
Desconocida,2025,Extraordinaria,C. Valenciana,https://universitats.gva.es/documents/389338055/394217557/Examen+HMUS+Julio+2025.pdf/1fd00cf1-0997-0e7e-49f3-f37b03ea15c8?t=1751881055965,si
Desconocida,2025,Extraordinaria,C. Valenciana,https://universitats.gva.es/documents/389338055/394217557/Examen+INGL+Julio+2025.pdf/428e0f56-df00-085c-e370-86b364713b45?t=1751881080832,si
Desconocida,2025,Extraordinaria,C. Valenciana,https://universitats.gva.es/documents/389338055/394217557/Examen+INGL_2+Julio+2025.pdf/de5e8eb3-f785-3431-effb-bcc3e48e9d34?t=1751881867010,si
Desconocida,2025,Extraordinaria,C. Valenciana,https://universitats.gva.es/documents/389338055/394217557/Examen+ITAL+Julio+2025.pdf/aa40554a-b63e-2218-828a-13bd492d8b28?t=1751881099933,si
Desconocida,2025,Extraordinaria,C. Valenciana,https://universitats.gva.es/documents/389338055/394217557/Examen+ITAL_2+Julio+2025.pdf/fea7e311-5a3a-7eed-8298-0cce1905295b?t=1751881904380,si
Desconocida,2025,Extraordinaria,C. Valenciana,https://universitats.gva.es/documents/389338055/394217557/Examen+LATI+Julio+2025.pdf/de1c9074-76a9-fda8-1688-bbbd3c1c4b5a?t=1751881122821,si
Desconocida,2025,Extraordinaria,C. Valenciana,https://universitats.gva.es/documents/389338055/394217557/Examen+LATI_2+Julio+2025.pdf/bbef6880-0d54-ad56-e22b-ba4f10642b48?t=1751881971649,si
Desconocida,2025,Extraordinaria,C. Valenciana,https://universitats.gva.es/documents/389338055/394217557/Examen+LITE+Julio+2025.pdf/20e28789-6087-eaa0-71a1-6f994238d9d0?t=1751881145031,si
Desconocida,2025,Extraordinaria,C. Valenciana,https://universitats.gva.es/documents/389338055/394217557/Examen+MATE+Julio+2025.pdf/47d6dd04-7fb6-96b3-1e0d-1c2b9ced8980?t=1751881187039,si
Desconocida,2025,Extraordinaria,C. Valenciana,https://universitats.gva.es/documents/389338055/394217557/Examen+MATE_2+Julio+2025.pdf/1ed1480f-c3e4-2946-7e32-34033aece1a7?t=1751882058676,si
Desconocida,2025,Extraordinaria,C. Valenciana,https://universitats.gva.es/documents/389338055/394217557/Examen+MOCA+Julio+2025.pdf/d6b631ea-557a-ffe7-c944-a33437141b25?t=1751881210382,si
Desconocida,2025,Extraordinaria,C. Valenciana,https://universitats.gva.es/documents/389338055/394217557/Examen+QUIM+Julio+2025.pdf/68cee028-e340-db8c-6d3d-4755d68bec62?t=1751881244194,si
Desconocida,2025,Extraordinaria,C. Valenciana,https://universitats.gva.es/documents/389338055/394217557/Examen+TEIN+Julio+2025.pdf/49f5102f-a2a0-4b3e-d08f-cf5f87a2d169?t=1751881296146,si
Desconocida,2025,Extraordinaria,C. Valenciana,https://universitats.gva.es/documents/389338055/394217557/Examen+TEXP+Julio+2025.pdf/706d2154-34bb-6fbc-799d-ff5143d03b4f?t=1751881321032,si
Desconocida,2025,Extraordinaria,C. Valenciana,https://universitats.gva.es/documents/389338055/394217557/Examen+VALE+Julio+2025.pdf/714ea2a1-09e9-1546-8304-80026d12fc4d?t=1751881444434,si
Desconocida,2025,Ordinaria,C. Valenciana,https://universitats.gva.es/documents/389338055/393318629/Examen+ALEM+Junio+2025.pdf/bbff15df-7d41-5f1b-67d0-263b9e4cbaed?t=1749199498753,si
Desconocida,2025,Ordinaria,C. Valenciana,https://universitats.gva.es/documents/389338055/393318629/Examen+ALEM_2+Junio+2025.pdf/5b9b8338-7a6a-fb9d-c9b9-165d22629a1c?t=1749205888382,si
Desconocida,2025,Ordinaria,C. Valenciana,https://universitats.gva.es/documents/389338055/393318629/Examen+ANMU+Junio+2025.pdf/656fc6a8-0d6e-4816-3187-56ee85d6f4fd?t=1749199539708,si
Desconocida,2025,Ordinaria,C. Valenciana,https://universitats.gva.es/documents/389338055/393318629/Examen+ANMU_2+Junio+2025.pdf/f10a605b-db8a-f168-cd5b-475ad92cc6e0?t=1749206017175,si
Desconocida,2025,Ordinaria,C. Valenciana,https://universitats.gva.es/documents/389338055/393318629/Examen+ARES+Junio+2025.pdf/1faa7c15-39e2-ae98-d7be-174f508375de?t=1749199585331,si
Desconocida,2025,Ordinaria,C. Valenciana,https://universitats.gva.es/documents/389338055/393318629/Examen+ARES_2+Junio+2025.pdf/925278d7-c2e8-ee77-a728-5ed35e05020c?t=1749206123784,si
Desconocida,2025,Ordinaria,C. Valenciana,https://universitats.gva.es/documents/389338055/393318629/Examen+BIOL+Junio+2025.pdf/65e7b45b-8ae1-4156-ea8b-ba9ca6ff9fec?t=1749199630930,si
Desconocida,2025,Ordinaria,C. Valenciana,https://universitats.gva.es/documents/389338055/393318629/Examen+CAST+Junio+2025.pdf/8c42ebfb-d90b-cf87-9bd4-a40dd39b1f63?t=1749199663347,si
Desconocida,2025,Ordinaria,C. Valenciana,https://universitats.gva.es/documents/389338055/393318629/Examen+CIGE+Junio+2025.pdf/e6ee6abb-c3b9-2a39-4212-9fb76fa3a0bc?t=1749199703531,si
Desconocida,2025,Ordinaria,C. Valenciana,https://universitats.gva.es/documents/389338055/393318629/Examen+CIGE_2+Junio+2025.pdf/4e963c8d-47e2-16ab-c8ed-5eaceb9e9120?t=1749206221569,si
Desconocida,2025,Ordinaria,C. Valenciana,https://universitats.gva.es/documents/389338055/393318629/Examen+COTE+Junio+2025.pdf/1d744fe2-7a84-d28c-2ecc-8d1e9164cf61?t=1749199761408,si
Desconocida,2025,Ordinaria,C. Valenciana,https://universitats.gva.es/documents/389338055/393318629/Examen+DART+Junio+2025.pdf/7c8f0279-297d-154a-67ff-2fa7de76ba2c?t=1749199791968,si
Desconocida,2025,Ordinaria,C. Valenciana,https://universitats.gva.es/documents/389338055/393318629/Examen+DART_2+Junio+2025.pdf/567c40d1-a27f-2059-a8d1-6fb6ffc56c2c?t=1749206286749,si
Desconocida,2025,Ordinaria,C. Valenciana,https://universitats.gva.es/documents/389338055/393318629/Examen+DISE+Junio+2025.pdf/285f508a-b2b2-5212-ba5f-80c55c4b9200?t=1749199827475,si
Desconocida,2025,Ordinaria,C. Valenciana,https://universitats.gva.es/documents/389338055/393318629/Examen+DISE_2+Junio+2025.pdf/cba497e1-5197-bbe0-3e5b-c5746587d0f5?t=1749206918189,si
Desconocida,2025,Ordinaria,C. Valenciana,https://universitats.gva.es/documents/389338055/393318629/Examen+DITE+Junio+2025.pdf/656eaa1e-74be-8a4b-8c5c-ff93596c8cdc?t=1749199859550,si
Desconocida,2025,Ordinaria,C. Valenciana,https://universitats.gva.es/documents/389338055/393318629/Examen+DITE_2+Junio+2025.pdf/5762eb57-86db-1d40-76c9-0b7f5a509e9f?t=1749206970080,si
Desconocida,2025,Ordinaria,C. Valenciana,https://universitats.gva.es/documents/389338055/393318629/Examen+DTAP+Junio+2025.pdf/b19487e2-a9ce-a9cc-6617-fa8d9f9d20b4?t=1749199891187,si
Desconocida,2025,Ordinaria,C. Valenciana,https://universitats.gva.es/documents/389338055/393318629/Examen+EMDI+Junio+2025.pdf/9fb8fe21-91e6-6772-18fc-c4275ab9bac1?t=1749199924192,si
Desconocida,2025,Ordinaria,C. Valenciana,https://universitats.gva.es/documents/389338055/393318629/Examen+EMDI_2+Junio+2025.pdf/38ccf707-85a9-913f-927d-e7761a43acb6?t=1749207030879,si
Desconocida,2025,Ordinaria,C. Valenciana,https://universitats.gva.es/documents/389338055/393318629/Examen+FISI+Junio+2025.pdf/b0620d53-94c3-3756-a081-296543f474f9?t=1749199956267,si
Desconocida,2025,Ordinaria,C. Valenciana,https://universitats.gva.es/documents/389338055/393318629/Examen+FISI_2+Junio+2025.pdf/3bb4cce7-a7a4-77df-014a-10e588f2fbcc?t=1749207097017,si
Desconocida,2025,Ordinaria,C. Valenciana,https://universitats.gva.es/documents/389338055/393318629/Examen+FRAN+Junio+2025.pdf/c402da1e-8c65-680a-ce07-fb0bbfcfdd92?t=1749200007507,si
Desconocida,2025,Ordinaria,C. Valenciana,https://universitats.gva.es/documents/389338055/393318629/Examen+FRAN_2+Junio+2025.pdf/1546aa2d-cd06-f243-f615-f667c04aaf54?t=1749206394024,si
Desconocida,2025,Ordinaria,C. Valenciana,https://universitats.gva.es/documents/389338055/393318629/Examen+FUAR+Junio+2025.pdf/131cb797-dc95-9383-9eb6-f879ce4095e7?t=1749200044997,si
Desconocida,2025,Ordinaria,C. Valenciana,https://universitats.gva.es/documents/389338055/393318629/Examen+GECA+Junio+2025.pdf/a1bc2dc5-943d-1ace-13e6-6ffb140abc19?t=1749200083412,si
Desconocida,2025,Ordinaria,C. Valenciana,https://universitats.gva.es/documents/389338055/393318629/Examen+GEOG+Junio+2025.pdf/462ad781-672b-24e3-2bf5-9ab91ae0d2a3?t=1749200119631,si
Desconocida,2025,Ordinaria,C. Valenciana,https://universitats.gva.es/documents/389338055/393318629/Examen+GRIE+Junio+2025.pdf/02a6627a-cc69-5e87-09f4-bc81273d1931?t=1749200157245,si
Desconocida,2025,Ordinaria,C. Valenciana,https://universitats.gva.es/documents/389338055/393318629/Examen+GRIE_2+Junio+2025.pdf/0c388030-7872-30ea-b89c-90c0356284f7?t=1749207139669,si
Desconocida,2025,Ordinaria,C. Valenciana,https://universitats.gva.es/documents/389338055/393318629/Examen+HART+Junio+2025.pdf/9a751abf-1cb2-ade0-fdde-d3f9f2d15653?t=1749200223009,si
Desconocida,2025,Ordinaria,C. Valenciana,https://universitats.gva.es/documents/389338055/393318629/Examen+HART_2+Junio+2025.pdf/75af9776-879a-b64d-5029-01b354e22b34?t=1749206490544,si
Desconocida,2025,Ordinaria,C. Valenciana,https://universitats.gva.es/documents/389338055/393318629/Examen+HESP+Junio+2025.pdf/6d234432-e96e-3abe-6b4a-08e6dd3790fe?t=1749200271945,si
Desconocida,2025,Ordinaria,C. Valenciana,https://universitats.gva.es/documents/389338055/393318629/Examen+HFIL+Junio+2025.pdf/00f3ec70-95d2-30ea-0373-aaf9400abc85?t=1749200308946,si
Desconocida,2025,Ordinaria,C. Valenciana,https://universitats.gva.es/documents/389338055/393318629/Examen+HFIL_2+Junio+2025.pdf/8ff0184b-0911-cf26-60d1-c4e96c095c08?t=1749206582117,si
Desconocida,2025,Ordinaria,C. Valenciana,https://universitats.gva.es/documents/389338055/393318629/Examen+HMUS+Junio+2025.pdf/09b2a333-5f62-dc84-162c-dfa02c8129fc?t=1749200343878,si
Desconocida,2025,Ordinaria,C. Valenciana,https://universitats.gva.es/documents/389338055/393318629/Examen+INGL+Junio+2025.pdf/f25144a6-e0c3-77b7-73c6-2faae1ea8e84?t=1749200379706,si
Desconocida,2025,Ordinaria,C. Valenciana,https://universitats.gva.es/documents/389338055/393318629/Examen+INGL_2+Junio+2025.pdf/863e3dbf-e918-2757-88f1-c6414986f432?t=1749206627546,si
Desconocida,2025,Ordinaria,C. Valenciana,https://universitats.gva.es/documents/389338055/393318629/Examen+ITAL+Junio+2025.pdf/adb01ac0-489b-a7f6-21ee-9293f4600d6b?t=1749200410168,si
Desconocida,2025,Ordinaria,C. Valenciana,https://universitats.gva.es/documents/389338055/393318629/Examen+ITAL_2+Junio+2025.pdf/46ddf837-46d9-15ba-f062-77053a5b1506?t=1749206676388,si
Desconocida,2025,Ordinaria,C. Valenciana,https://universitats.gva.es/documents/389338055/393318629/Examen+LATI+Junio+2025.pdf/80cb25f1-79ca-7bb1-4e4e-4735c2358c4a?t=1749200441067,si
Desconocida,2025,Ordinaria,C. Valenciana,https://universitats.gva.es/documents/389338055/393318629/Examen+LATI_2+Junio+2025.pdf/73575689-5244-2ed5-541f-13f3ab2a767a?t=1749206733613,si
Desconocida,2025,Ordinaria,C. Valenciana,https://universitats.gva.es/documents/389338055/393318629/Examen+LITE+Junio+2025.pdf/45927ad5-c8e4-1d6b-1aa6-7414ae8aa5af?t=1749200482565,si
Desconocida,2025,Ordinaria,C. Valenciana,https://universitats.gva.es/documents/389338055/393318629/Examen+MATE+Junio+2025.pdf/64ff05f4-c1bf-7cf5-e72e-d2c435038832?t=1749200536707,si
Desconocida,2025,Ordinaria,C. Valenciana,https://universitats.gva.es/documents/389338055/393318629/Examen+MATE_2+Junio+2025.pdf/1d190057-6ccb-f621-ef63-9ec0a799287f?t=1749206837130,si
Desconocida,2025,Ordinaria,C. Valenciana,https://universitats.gva.es/documents/389338055/393318629/Examen+MOCA+Junio+2025.pdf/c9434c37-015f-f88d-42fb-2d3f1144ce49?t=1749200562809,si
Desconocida,2025,Ordinaria,C. Valenciana,https://universitats.gva.es/documents/389338055/393318629/Examen+QUIM+Junio+2025.pdf/31bc9dd4-5c48-0903-46dc-c4b62d93d172?t=1749200612104,si
Desconocida,2025,Ordinaria,C. Valenciana,https://universitats.gva.es/documents/389338055/393318629/Examen+TEIN+Junio+2025.pdf/7ac0212b-8283-26dd-8473-b5758637ffc7?t=1749200646982,si
Desconocida,2025,Ordinaria,C. Valenciana,https://universitats.gva.es/documents/389338055/393318629/Examen+TEXP+Junio+2025.pdf/ff6ab241-cb79-0ffe-9d28-aa2a5f3a7da8?t=1749200679006,si
Desconocida,2025,Ordinaria,C. Valenciana,https://universitats.gva.es/documents/389338055/393318629/Examen+VALE+Junio+2025.pdf/2382da72-0a8c-7941-0f6f-95a003e60de6?t=1749200708920,si
Matemáticas Aplicadas a las Ciencias Sociales II,2024,Extraordinaria,C. Valenciana,https://universitats.gva.es/documents/389338055/389340561/Examen+MACS+Julio+2024.pdf/9dffdc6a-6fb6-40ef-cbd4-fe2b9c594b1e?t=1733924050755,si
Matemáticas Aplicadas a las Ciencias Sociales II,2024,Extraordinaria,C. Valenciana,https://universitats.gva.es/documents/389338055/389340564/Criterios+MACS+julio+2024.pdf/04e586ba-2529-3203-147d-afd0cbd47608?t=1733924050726,si
Matemáticas Aplicadas a las Ciencias Sociales II,2024,Ordinaria,C. Valenciana,https://universitats.gva.es/documents/389338055/389340552/Examen+MACS+Junio+2024.pdf/83853a8e-ce1b-dec5-96d5-25d2cf1083ff?t=1733924050795,si
Matemáticas Aplicadas a las Ciencias Sociales II,2024,Ordinaria,C. Valenciana,https://universitats.gva.es/documents/389338055/389340549/Criterios+MACS+Junio+2024.pdf/0dd4caa4-1b7b-bd4b-94f7-82a65e2abcba?t=1733924050824,si
Matemáticas Aplicadas a las Ciencias Sociales II,2025,Extraordinaria,C. Valenciana,https://universitats.gva.es/documents/389338055/394217557/Examen+MACS+Julio+2025.pdf/b77b74bf-0991-9607-b648-36d3a103f11e?t=1751881163967,si
Matemáticas Aplicadas a las Ciencias Sociales II,2025,Extraordinaria,C. Valenciana,https://universitats.gva.es/documents/389338055/394217557/Examen+MACS_2+Julio+2025.pdf/73f65c58-4e8c-230c-e21a-f8be3a409386?t=1751882018836,si
Matemáticas Aplicadas a las Ciencias Sociales II,2025,Ordinaria,C. Valenciana,https://universitats.gva.es/documents/389338055/393318629/Examen+MACS+Junio+2025.pdf/a2b357f1-4bf3-f7b8-903d-b9a6d4e0b9e6?t=1749200511783,si
Matemáticas Aplicadas a las Ciencias Sociales II,2025,Ordinaria,C. Valenciana,https://universitats.gva.es/documents/389338055/393318629/Examen+MACS_2+Junio+2025.pdf/2312d253-f2ea-f6a8-4c10-5b5de2f7b1c3?t=1749206782902,si
Alemán,2019,Ordinaria,Canarias,https://www.gobiernodecanarias.org/cmsgob1/export/sites/educacion/web/bachillerato/_galerias/descargas/ebau-19/Criterios_aleman_julio_19.pdf,si
Alemán,2020,Extraordinaria,Canarias,https://www.gobiernodecanarias.org/cmsgob1/export/sites/educacion/web/bachillerato/_galerias/descargas/ebau_20/examenes-ebau-septiembre-2020/criterios-aleman-ebau-sep-2020.pdf,si
Alemán,2021,Extraordinaria,Canarias,https://www.gobiernodecanarias.org/cmsgob1/export/sites/educacion/web/bachillerato/_galerias/descargas/ebau-21/examenes-ebau-julio-2021/criterios-de-correccion-aleman-ebua-julio-21.pdf,si
Alemán,2021,Ordinaria,Canarias,https://www.gobiernodecanarias.org/cmsgob1/export/sites/educacion/web/bachillerato/_galerias/descargas/ebau-21/examenes-ebau-junio-2021/criterios-correccion-aleman.pdf,si
Alemán,2022,Extraordinaria,Canarias,https://www.gobiernodecanarias.org/cmsgob1/export/sites/educacion/web/bachillerato/_galerias/descargas/ebau-22/examenes-ebau-julio-2022/criterios-correccion-aleman-ebau-julio-22.pdf,si
Alemán,2022,Ordinaria,Canarias,https://www.gobiernodecanarias.org/cmsgob1/export/sites/educacion/web/bachillerato/_galerias/descargas/ebau-22/examenes-ebau-junio-2022/criterios-correccion-aleman-ebau-junio-2022.pdf,si
Alemán,2023,Extraordinaria,Canarias,https://www.gobiernodecanarias.org/cmsgob1/export/sites/educacion/web/bachillerato/_galerias/descargas/ebau-23/examenes-ebau-julio-2023/criterios-correccion-aleman-ebau-23.pdf,si
Alemán,2023,Ordinaria,Canarias,https://www.gobiernodecanarias.org/cmsgob1/export/sites/educacion/web/bachillerato/_galerias/descargas/ebau-23/examenes-ebau-junio-2023/examen-aleman-ciencias-ebau-junio.pdf,si
Alemán,2023,Ordinaria,Canarias,https://www.gobiernodecanarias.org/cmsgob1/export/sites/educacion/web/bachillerato/_galerias/descargas/ebau-23/examenes-ebau-junio-2023/criterios-aleman-humanidades-ebau-junio.pdf,si
Alemán,2024,Extraordinaria,Canarias,https://www.gobiernodecanarias.org/cmsgob1/export/sites/educacion/web/bachillerato/_galerias/descargas/pau-2024/examenes-pau-julio-2024/criterios-correccion-aleman-pau-julio-24.pdf,si
Alemán,2024,Ordinaria,Canarias,https://www.gobiernodecanarias.org/cmsgob1/export/sites/educacion/web/bachillerato/_galerias/descargas/pau-2024/examenes-pau-junio/criterios-correccion-aleman-pau-junio-24.pdf,si
Alemán,2024,Ordinaria,Canarias,https://www.gobiernodecanarias.org/cmsgob1/export/sites/educacion/web/bachillerato/_galerias/descargas/pau-2024/criterios_evaluacion_rubrica_aleman_pau_ebau_2024.pdf,si
Alemán,2025,Extraordinaria,Canarias,https://www.gobiernodecanarias.org/cmsgob1/export/sites/educacion/web/bachillerato/_galerias/descargas/pau-2025/examenes-pau-julio-2025/criterios-de-correcion-aleman-pau-julio-25.pdf,si
Alemán,2025,Extraordinaria,Canarias,https://www.gobiernodecanarias.org/cmsgob1/export/sites/educacion/web/bachillerato/_galerias/descargas/pau-2025/examenes-pau-julio-2025/criterios-correccion-reserva-aleman-pau-julio-25.pdf,si
Alemán,2025,Ordinaria,Canarias,https://www.gobiernodecanarias.org/cmsgob1/export/sites/educacion/web/bachillerato/_galerias/descargas/pau-2025/examenes-PAU-junio-2025/criterios-correccion-aleman-pau-junio-25.pdf,si
Análisis Musical II,2024,Extraordinaria,Canarias,https://www.gobiernodecanarias.org/cmsgob1/export/sites/educacion/web/bachillerato/_galerias/descargas/pau-2024/examenes-pau-julio-2024/examen-analisis-musical-ii-pau-julio-24.pdf,si
Análisis Musical II,2024,Ordinaria,Canarias,https://www.gobiernodecanarias.org/cmsgob1/export/sites/educacion/web/bachillerato/_galerias/descargas/pau-2024/examenes-pau-junio/examen-analisis-musical-ii-pau-junio-24.pdf,si
Análisis Musical II,2024,Ordinaria,Canarias,https://www.gobiernodecanarias.org/cmsgob1/export/sites/educacion/web/bachillerato/_galerias/descargas/pau-2024/examenes-pau-junio/criterios-correccion-analisis-musical-pau-junio-2024.pdf,si
Análisis Musical II,2025,Extraordinaria,Canarias,https://www.gobiernodecanarias.org/cmsgob1/export/sites/educacion/web/bachillerato/_galerias/descargas/pau-2025/examenes-pau-julio-2025/examen-analisis-musical-pau-julio-25.pdf,si
Análisis Musical II,2025,Extraordinaria,Canarias,https://www.gobiernodecanarias.org/cmsgob1/export/sites/educacion/web/bachillerato/_galerias/descargas/pau-2025/examenes-pau-julio-2025/criterios-correccion-analisis-musical-pau-julio-25.pdf,si
Análisis Musical II,2025,Extraordinaria,Canarias,https://www.gobiernodecanarias.org/cmsgob1/export/sites/educacion/web/bachillerato/_galerias/descargas/pau-2025/examenes-pau-julio-2025/material-analisis-musical-chopin-preludio-7-pau-julio-25.pdf,si
Análisis Musical II,2025,Ordinaria,Canarias,https://www.gobiernodecanarias.org/cmsgob1/export/sites/educacion/web/bachillerato/_galerias/descargas/pau-2025/examenes-pau-julio-2025/examen-analisis-musical-pau-julio-25.pdf,si
Análisis Musical II,2025,Ordinaria,Canarias,https://www.gobiernodecanarias.org/cmsgob1/export/sites/educacion/web/bachillerato/_galerias/descargas/pau-2025/examenes-PAU-junio-2025/materiales-analisis-musical-pau-junio-25.pdf,si
Análisis Musical II,2025,Ordinaria,Canarias,https://www.gobiernodecanarias.org/cmsgob1/export/sites/educacion/web/bachillerato/_galerias/descargas/pau-2025/examenes-PAU-junio-2025/criterios-correccion-analisis-musical-pau-junio-25.pdf,si
Artes Escénicas,2019,Ordinaria,Canarias,https://www.gobiernodecanarias.org/cmsgob1/export/sites/educacion/web/bachillerato/_galerias/descargas/ebau-19/artes_escenicas_ebau_19.pdf,si
Artes Escénicas,2019,Ordinaria,Canarias,https://www.gobiernodecanarias.org/cmsgob1/export/sites/educacion/web/bachillerato/_galerias/descargas/ebau-19/criterios_correccion_artes_escenicas_19.pdf,si
Artes Escénicas,2020,Extraordinaria,Canarias,https://www.gobiernodecanarias.org/cmsgob1/export/sites/educacion/web/bachillerato/_galerias/descargas/ebau_20/examenes-ebau-septiembre-2020/artes-escenicas-ebau-sep-2020.pdf,si
Artes Escénicas,2020,Extraordinaria,Canarias,https://www.gobiernodecanarias.org/cmsgob1/export/sites/educacion/web/bachillerato/_galerias/descargas/ebau_20/examenes-ebau-septiembre-2020/criterios-artes-escenicas-ebau-sep-2020.pdf,si
Artes Escénicas,2021,Ordinaria,Canarias,https://www.gobiernodecanarias.org/cmsgob1/export/sites/educacion/web/bachillerato/_galerias/descargas/ebau-21/examenes-ebau-junio-2021/examen-ebau-artes-escenicas-junio-21.pdf,si
Artes Escénicas,2021,Ordinaria,Canarias,https://www.gobiernodecanarias.org/cmsgob1/export/sites/educacion/web/bachillerato/_galerias/descargas/ebau-21/examenes-ebau-junio-2021/criterios-correccion-ebau-artes-escenicas-junio-21.pdf,si
Artes Escénicas,2022,Ordinaria,Canarias,https://www.gobiernodecanarias.org/cmsgob1/export/sites/educacion/web/bachillerato/_galerias/descargas/ebau-22/examenes-ebau-junio-2022/examen-artes-escenicas-ebau-junio-22.pdf,si
Artes Escénicas,2022,Ordinaria,Canarias,https://www.gobiernodecanarias.org/cmsgob1/export/sites/educacion/web/bachillerato/_galerias/descargas/ebau-22/examenes-ebau-junio-2022/criterios-correccion-artes-escenicas-ebau-junio-22.pdf,si
Artes Escénicas,2023,Extraordinaria,Canarias,https://www.gobiernodecanarias.org/cmsgob1/export/sites/educacion/web/bachillerato/_galerias/descargas/ebau-23/examenes-ebau-julio-2023/examen-artes-escenicas-ebau-julio.23.pdf,si
Artes Escénicas,2023,Ordinaria,Canarias,https://www.gobiernodecanarias.org/cmsgob1/export/sites/educacion/web/bachillerato/_galerias/descargas/ebau-23/examenes-ebau-junio-2023/examen-artes-escenicas-ebau-junio.pdf,si
Artes Escénicas,2024,Extraordinaria,Canarias,https://www.gobiernodecanarias.org/cmsgob1/export/sites/educacion/web/bachillerato/_galerias/descargas/pau-2024/examenes-pau-julio-2024/criterios-correccion-artes-escenicas-ebau-julio-24.pdf,si
Artes Escénicas,2024,Ordinaria,Canarias,https://www.gobiernodecanarias.org/cmsgob1/export/sites/educacion/web/bachillerato/_galerias/descargas/pau-2024/examenes-pau-junio/examen-artes-escenicas-pau-junio-24.pdf,si
Artes Escénicas,2024,Ordinaria,Canarias,https://www.gobiernodecanarias.org/cmsgob1/export/sites/educacion/web/bachillerato/_galerias/descargas/pau-2024/examenes-pau-junio/criterios-correccion-artes-escenicas-pau-junio-24.pdf,si
Artes Escénicas,2025,Extraordinaria,Canarias,https://www.gobiernodecanarias.org/cmsgob1/export/sites/educacion/web/bachillerato/_galerias/descargas/pau-2025/examenes-pau-julio-2025/examen-artes-escenicas-pau-julio-25.pdf,si
Artes Escénicas,2025,Extraordinaria,Canarias,https://www.gobiernodecanarias.org/cmsgob1/export/sites/educacion/web/bachillerato/_galerias/descargas/pau-2025/examenes-pau-julio-2025/rubrica-correccion-critica-escenica-artes-escenicas-pau-julio-25.pdf,si
Artes Escénicas,2025,Extraordinaria,Canarias,https://www.gobiernodecanarias.org/cmsgob1/export/sites/educacion/web/bachillerato/_galerias/descargas/pau-2025/examenes-pau-julio-2025/rubrica-correccion-glosario-artes-escenicas-pau-julio-25.pdf,si
Artes Escénicas,2025,Ordinaria,Canarias,https://www.gobiernodecanarias.org/cmsgob1/export/sites/educacion/web/bachillerato/_galerias/descargas/pau-2025/examenes-PAU-junio-2025/examen-artes-escenicas-pau-junio-25.pdf,si
Artes Escénicas,2025,Ordinaria,Canarias,https://www.gobiernodecanarias.org/cmsgob1/export/sites/educacion/web/bachillerato/_galerias/descargas/pau-2025/examenes-PAU-junio-2025/rubrica-glosario-artes-escenicas-pau-junio-25.pdf,si
Artes Escénicas,2025,Ordinaria,Canarias,https://www.gobiernodecanarias.org/cmsgob1/export/sites/educacion/web/bachillerato/_galerias/descargas/pau-2025/examenes-PAU-junio-2025/rubrica-critica-artes-escenicas-pau-junio-25.pdf,si
Biología,2019,Ordinaria,Canarias,https://www.gobiernodecanarias.org/cmsgob1/export/sites/educacion/web/bachillerato/_galerias/descargas/ebau-19/examen_ebau_biologia_julio_19.pdf,si
Biología,2019,Ordinaria,Canarias,https://www.gobiernodecanarias.org/cmsgob1/export/sites/educacion/web/bachillerato/_galerias/descargas/ebau-19/criterios_biologia_ebau_julio_19.pdf,si
Biología,2020,Extraordinaria,Canarias,https://www.gobiernodecanarias.org/cmsgob1/export/sites/educacion/web/bachillerato/_galerias/descargas/ebau_20/examenes-ebau-septiembre-2020/biologia-ebau-sept-2020.pdf,si
Biología,2020,Extraordinaria,Canarias,https://www.gobiernodecanarias.org/cmsgob1/export/sites/educacion/web/bachillerato/_galerias/descargas/ebau_20/examenes-ebau-septiembre-2020/criterios-biologia-ebau-sept-2020.pdf,si
Biología,2021,Extraordinaria,Canarias,https://www.gobiernodecanarias.org/cmsgob1/export/sites/educacion/web/bachillerato/_galerias/descargas/ebau-21/examenes-ebau-julio-2021/examen-biologia-ebau-julio-21.pdf,si
Biología,2021,Extraordinaria,Canarias,https://www.gobiernodecanarias.org/cmsgob1/export/sites/educacion/web/bachillerato/_galerias/descargas/ebau-21/examenes-ebau-julio-2021/criterios-correccion-biologia-ebau-julio-21.pdf,si
Biología,2021,Ordinaria,Canarias,https://www.gobiernodecanarias.org/cmsgob1/export/sites/educacion/web/bachillerato/_galerias/descargas/ebau-21/examenes-ebau-junio-2021/examen-ebau-biologia-junio-21.pdf,si
Biología,2021,Ordinaria,Canarias,https://www.gobiernodecanarias.org/cmsgob1/export/sites/educacion/web/bachillerato/_galerias/descargas/ebau-21/examenes-ebau-junio-2021/criterios-correccion-ebau-biologia-junio-21.pdf,si
Biología,2022,Extraordinaria,Canarias,https://www.gobiernodecanarias.org/cmsgob1/export/sites/educacion/web/bachillerato/_galerias/descargas/ebau-22/examenes-ebau-julio-2022/examen-biologia-ebau-julio-22.pdf,si
Biología,2022,Extraordinaria,Canarias,https://www.gobiernodecanarias.org/cmsgob1/export/sites/educacion/web/bachillerato/_galerias/descargas/ebau-22/examenes-ebau-julio-2022/criterios-correccion-biologia-ebau-julio-22.pdf,si
Biología,2022,Ordinaria,Canarias,https://www.gobiernodecanarias.org/cmsgob1/export/sites/educacion/web/bachillerato/_galerias/descargas/ebau-22/examenes-ebau-junio-2022/examen-biologia-ebau-junio-22.pdf,si
Biología,2022,Ordinaria,Canarias,https://www.gobiernodecanarias.org/cmsgob1/export/sites/educacion/web/bachillerato/_galerias/descargas/ebau-22/examenes-ebau-junio-2022/criterios-correccion-biologia-ebau-junio-22.pdf,si
Biología,2023,Extraordinaria,Canarias,https://www.gobiernodecanarias.org/cmsgob1/export/sites/educacion/web/bachillerato/_galerias/descargas/ebau-23/examenes-ebau-julio-2023/examen-biologia-ebau-julio.23.pdf,si
Biología,2023,Extraordinaria,Canarias,https://www.gobiernodecanarias.org/cmsgob1/export/sites/educacion/web/bachillerato/_galerias/descargas/ebau-23/examenes-ebau-julio-2023/criterios-correccion-biologia-ebau-julio-23.pdf,si
Biología,2023,Ordinaria,Canarias,https://www.gobiernodecanarias.org/cmsgob1/export/sites/educacion/web/bachillerato/_galerias/descargas/ebau-23/examenes-ebau-junio-2023/examen-biologia-ebau-junio.pdf,si
Biología,2023,Ordinaria,Canarias,https://www.gobiernodecanarias.org/cmsgob1/export/sites/educacion/web/bachillerato/_galerias/descargas/ebau-23/examenes-ebau-junio-2023/criterios-biologia-ebau-junio.pdf,si
Biología,2024,Extraordinaria,Canarias,https://www.gobiernodecanarias.org/cmsgob1/export/sites/educacion/web/bachillerato/_galerias/descargas/pau-2024/examenes-pau-julio-2024/examen-biologia-ebau-julio-24.pdf,si
Biología,2024,Extraordinaria,Canarias,https://www.gobiernodecanarias.org/cmsgob1/export/sites/educacion/web/bachillerato/_galerias/descargas/pau-2024/examenes-pau-julio-2024/criterios-correccion-biologia-ebau-julio-24.pdf,si
Biología,2024,Ordinaria,Canarias,https://www.gobiernodecanarias.org/cmsgob1/export/sites/educacion/web/bachillerato/_galerias/descargas/pau-2024/examenes-pau-junio/examen-biologia-pau-junio-24.pdf,si
Biología,2024,Ordinaria,Canarias,https://www.gobiernodecanarias.org/cmsgob1/export/sites/educacion/web/bachillerato/_galerias/descargas/pau-2024/examenes-pau-junio/criterios_de_correccion_biologia-pau-junio-24-p2-6-junio.pdf,si
Biología,2025,Extraordinaria,Canarias,https://www.gobiernodecanarias.org/cmsgob1/export/sites/educacion/web/bachillerato/_galerias/descargas/pau-2025/examenes-pau-julio-2025/examen-biologia-pau-julio-25.pdf,si
Biología,2025,Extraordinaria,Canarias,https://www.gobiernodecanarias.org/cmsgob1/export/sites/educacion/web/bachillerato/_galerias/descargas/pau-2025/examenes-pau-julio-2025/criterios-correccion-biologia-pau-julio-25.pdf,si
Biología,2025,Ordinaria,Canarias,https://www.gobiernodecanarias.org/cmsgob1/export/sites/educacion/web/bachillerato/_galerias/descargas/pau-2025/examenes-PAU-junio-2025/examen-biologia-pau-junio-25.pdf,si
Biología,2025,Ordinaria,Canarias,https://www.gobiernodecanarias.org/cmsgob1/export/sites/educacion/web/bachillerato/_galerias/descargas/pau-2025/examenes-PAU-junio-2025/criterios-correccion-biologia-pau-junio-25.pdf,si
Ciencias Generales,2024,Extraordinaria,Canarias,https://www.gobiernodecanarias.org/cmsgob1/export/sites/educacion/web/bachillerato/_galerias/descargas/pau-2024/examenes-pau-julio-2024/examen-ciencias-generales-pau-julio-24.pdf,si
Ciencias Generales,2024,Extraordinaria,Canarias,https://www.gobiernodecanarias.org/cmsgob1/export/sites/educacion/web/bachillerato/_galerias/descargas/pau-2024/examenes-pau-julio-2024/criterios-correccion-ciencias-generales-pau-julio-24.pdf,si
Ciencias Generales,2024,Ordinaria,Canarias,https://www.gobiernodecanarias.org/cmsgob1/export/sites/educacion/web/bachillerato/_galerias/descargas/pau-2024/examenes-pau-junio/20240607_Ciencias_generales_PAU_ordinaria_junio_2024.pdf,si
Ciencias Generales,2024,Ordinaria,Canarias,https://www.gobiernodecanarias.org/cmsgob1/export/sites/educacion/web/bachillerato/_galerias/descargas/pau-2024/examenes-pau-junio/criterios-correccion-ciencias-generales-pau-junio-24.pdf,si
Ciencias Generales,2025,Extraordinaria,Canarias,https://www.gobiernodecanarias.org/cmsgob1/export/sites/educacion/web/bachillerato/_galerias/descargas/pau-2025/examenes-pau-julio-2025/examen-ciencias-generales-pau-julio-25.pdf,si
Ciencias Generales,2025,Extraordinaria,Canarias,https://www.gobiernodecanarias.org/cmsgob1/export/sites/educacion/web/bachillerato/_galerias/descargas/pau-2025/examenes-pau-julio-2025/criterios-de-correcion-ciencias-generales-pau-julio-25.pdf,si
Ciencias Generales,2025,Ordinaria,Canarias,https://www.gobiernodecanarias.org/cmsgob1/export/sites/educacion/web/bachillerato/_galerias/descargas/pau-2025/examenes-PAU-junio-2025/examen-ciencias-generales-pau-junio-25.pdf,si
Ciencias Generales,2025,Ordinaria,Canarias,https://www.gobiernodecanarias.org/cmsgob1/export/sites/educacion/web/bachillerato/_galerias/descargas/pau-2025/examenes-PAU-junio-2025/criterios-correccion-ciencias-generales-pau-junio-25.pdf,si
Coro y Técnica Vocal II,2024,Extraordinaria,Canarias,https://www.gobiernodecanarias.org/cmsgob1/export/sites/educacion/web/bachillerato/_galerias/descargas/pau-2024/examenes-pau-julio-2024/examen-coro-tecnica-vocal-ii-pau-julio-24.pdf,si
Coro y Técnica Vocal II,2024,Ordinaria,Canarias,https://www.gobiernodecanarias.org/cmsgob1/export/sites/educacion/web/bachillerato/_galerias/descargas/pau-2024/examenes-pau-junio/examen-coro-y-tecnica-vocal-ii-pau-junio-24.pdf,si
Coro y Técnica Vocal II,2024,Ordinaria,Canarias,https://www.gobiernodecanarias.org/cmsgob1/export/sites/educacion/web/bachillerato/_galerias/descargas/pau-2024/examenes-pau-junio/criterios-correccion-coro-pau-junio-2024.pdf,si
Coro y Técnica Vocal II,2025,Extraordinaria,Canarias,https://www.gobiernodecanarias.org/cmsgob1/export/sites/educacion/web/bachillerato/_galerias/descargas/pau-2025/examenes-pau-julio-2025/examen-coro-tecnica-vocal-pau-julio-25.pdf,si
Coro y Técnica Vocal II,2025,Extraordinaria,Canarias,https://www.gobiernodecanarias.org/cmsgob1/export/sites/educacion/web/bachillerato/_galerias/descargas/pau-2025/examenes-pau-julio-2025/material-o-magnum-mysterium-coro-tecnica-vocal-pau-julio-25.pdf,si
Coro y Técnica Vocal II,2025,Extraordinaria,Canarias,https://www.gobiernodecanarias.org/cmsgob1/export/sites/educacion/web/bachillerato/_galerias/descargas/pau-2025/examenes-pau-julio-2025/criterios-correccion-coro-tecnica-vocal-pau-julio-25.pdf,si
Coro y Técnica Vocal II,2025,Ordinaria,Canarias,https://www.gobiernodecanarias.org/cmsgob1/export/sites/educacion/web/bachillerato/_galerias/descargas/pau-2025/examenes-PAU-junio-2025/examen-coro-tecnica-vocal-pau-junio-25.pdf,si
Coro y Técnica Vocal II,2025,Ordinaria,Canarias,https://www.gobiernodecanarias.org/cmsgob1/export/sites/educacion/web/bachillerato/_galerias/descargas/pau-2025/examenes-PAU-junio-2025/materiales-coro-tecnica-vocal-pau-junio-25.pdf,si
Coro y Técnica Vocal II,2025,Ordinaria,Canarias,https://www.gobiernodecanarias.org/cmsgob1/export/sites/educacion/web/bachillerato/_galerias/descargas/pau-2025/examenes-PAU-junio-2025/criterios-correccion-coro-tecnica-vocal-pau-junio-25.pdf,si
Cultura Audiovisual,2019,Ordinaria,Canarias,https://www.gobiernodecanarias.org/cmsgob1/export/sites/educacion/web/bachillerato/_galerias/descargas/ebau-19/cultura_audiovisual_julio_2019.pdf,si
Cultura Audiovisual,2019,Ordinaria,Canarias,https://www.gobiernodecanarias.org/cmsgob1/export/sites/educacion/web/bachillerato/_galerias/descargas/ebau-19/criterios_calificacion_cultura_audiovisual.pdf,si
Cultura Audiovisual,2020,Extraordinaria,Canarias,https://www.gobiernodecanarias.org/cmsgob1/export/sites/educacion/web/bachillerato/_galerias/descargas/ebau_20/examenes-ebau-septiembre-2020/cultura-audiovisual-ebau-sep-2020.pdf,si
Cultura Audiovisual,2020,Extraordinaria,Canarias,https://www.gobiernodecanarias.org/cmsgob1/export/sites/educacion/web/bachillerato/_galerias/descargas/ebau_20/examenes-ebau-septiembre-2020/criterios-cultura-audiovisual-ebau-sep-2020.pdf,si
Cultura Audiovisual,2021,Extraordinaria,Canarias,https://www.gobiernodecanarias.org/cmsgob1/export/sites/educacion/web/bachillerato/_galerias/descargas/ebau-21/examenes-ebau-julio-2021/examen-cultura-audiovisual-ebau-julio-21.pdf,si
Cultura Audiovisual,2021,Extraordinaria,Canarias,https://www.gobiernodecanarias.org/cmsgob1/export/sites/educacion/web/bachillerato/_galerias/descargas/ebau-21/examenes-ebau-julio-2021/criterios-correccion-cultura-audiovisual-ebau-julio-21.pdf,si
Cultura Audiovisual,2021,Ordinaria,Canarias,https://www.gobiernodecanarias.org/cmsgob1/export/sites/educacion/web/bachillerato/_galerias/descargas/ebau-21/examenes-ebau-junio-2021/examen-ebau-cultura-audiovisual-junio-21.pdf,si
Cultura Audiovisual,2022,Extraordinaria,Canarias,https://www.gobiernodecanarias.org/cmsgob1/export/sites/educacion/web/bachillerato/_galerias/descargas/ebau-22/examenes-ebau-julio-2022/examen-cultura-audiovisual-ebau-julio-22.pdf,si
Cultura Audiovisual,2022,Extraordinaria,Canarias,https://www.gobiernodecanarias.org/cmsgob1/export/sites/educacion/web/bachillerato/_galerias/descargas/ebau-22/examenes-ebau-julio-2022/criterios-correccion-cultura-audiovisual-ebau-julio-22.pdf,si
Cultura Audiovisual,2022,Ordinaria,Canarias,https://www.gobiernodecanarias.org/cmsgob1/export/sites/educacion/web/bachillerato/_galerias/descargas/ebau-22/examenes-ebau-junio-2022/examen-cltura-audiovisual-ii-ebau-junio-22.pdf,si
Cultura Audiovisual,2022,Ordinaria,Canarias,https://www.gobiernodecanarias.org/cmsgob1/export/sites/educacion/web/bachillerato/_galerias/descargas/ebau-22/examenes-ebau-junio-2022/examen-cltura-audiovisual-ii-ebau-junio-22.pdf,si
Cultura Audiovisual,2023,Extraordinaria,Canarias,https://www.gobiernodecanarias.org/cmsgob1/export/sites/educacion/web/bachillerato/_galerias/descargas/ebau-23/examenes-ebau-julio-2023/examen-cultura-audiovisual-ebau-julio-23.pdf,si
Cultura Audiovisual,2023,Ordinaria,Canarias,https://www.gobiernodecanarias.org/cmsgob1/export/sites/educacion/web/bachillerato/_galerias/descargas/ebau-23/examenes-ebau-junio-2023/examen-cultura-audiovisual-ebau-junio.pdf,si
Dibujo Artístico II,2024,Extraordinaria,Canarias,https://www.gobiernodecanarias.org/cmsgob1/export/sites/educacion/web/bachillerato/_galerias/descargas/pau-2024/examenes-pau-julio-2024/examen-dibujo-artistico-ii-pau-julio-24.pdf,si
Dibujo Artístico II,2024,Extraordinaria,Canarias,https://www.gobiernodecanarias.org/cmsgob1/export/sites/educacion/web/bachillerato/_galerias/descargas/pau-2024/examenes-pau-julio-2024/criterios-correccion-dibujo-artistico-ii-pau-julio-24.pdf,si
Dibujo Artístico II,2024,Ordinaria,Canarias,https://www.gobiernodecanarias.org/cmsgob1/export/sites/educacion/web/bachillerato/_galerias/descargas/pau-2024/examenes-pau-junio/criterios-correccion-dibujo-artistico-pau-junio-24.pdf,si
Dibujo Artístico II,2025,Extraordinaria,Canarias,https://www.gobiernodecanarias.org/cmsgob1/export/sites/educacion/web/bachillerato/_galerias/descargas/pau-2025/examenes-pau-julio-2025/examen-dibujo-artistico-pau-julio-25.pdf,si
Dibujo Artístico II,2025,Extraordinaria,Canarias,https://www.gobiernodecanarias.org/cmsgob1/export/sites/educacion/web/bachillerato/_galerias/descargas/pau-2025/examenes-pau-julio-2025/criterios-de-correcion-dibujo-artistico-pau-julio-25.pdf,si
Dibujo Artístico II,2025,Ordinaria,Canarias,https://www.gobiernodecanarias.org/cmsgob1/export/sites/educacion/web/bachillerato/_galerias/descargas/pau-2025/examenes-PAU-junio-2025/examen-dibujo-artistico-pau-junio-25.pdf,si
Dibujo Artístico II,2025,Ordinaria,Canarias,https://www.gobiernodecanarias.org/cmsgob1/export/sites/educacion/web/bachillerato/_galerias/descargas/pau-2025/examenes-PAU-junio-2025/criterios-correccion-dibujo-artistico-ii-pau-junio-25.pdf,si
Dibujo Técnico II,2019,Ordinaria,Canarias,https://www.gobiernodecanarias.org/cmsgob1/export/sites/educacion/web/bachillerato/_galerias/descargas/ebau-19/examen_dibujo_tecnico_19.pdf,si
Dibujo Técnico II,2019,Ordinaria,Canarias,https://www.gobiernodecanarias.org/cmsgob1/export/sites/educacion/web/bachillerato/_galerias/descargas/ebau-19/criterios_dibujo_tecnico_julio_19_a_b.pdf,si
Dibujo Técnico II,2020,Extraordinaria,Canarias,https://www.gobiernodecanarias.org/cmsgob1/export/sites/educacion/web/bachillerato/_galerias/descargas/ebau_20/examenes-ebau-septiembre-2020/dibujo_tecnico_ebau_sep_2020.pdf,si
Dibujo Técnico II,2020,Extraordinaria,Canarias,https://www.gobiernodecanarias.org/cmsgob1/export/sites/educacion/web/bachillerato/_galerias/descargas/ebau_20/examenes-ebau-septiembre-2020/criterios-dibujo-tecnico-ebau-sep-2020.pdf,si
Dibujo Técnico II,2021,Extraordinaria,Canarias,https://www.gobiernodecanarias.org/cmsgob1/export/sites/educacion/web/bachillerato/_galerias/descargas/ebau-21/examenes-ebau-julio-2021/examen-dibujo-tecnico-ebau-julio-21.pdf,si
Dibujo Técnico II,2021,Extraordinaria,Canarias,https://www.gobiernodecanarias.org/cmsgob1/export/sites/educacion/web/bachillerato/_galerias/descargas/ebau-21/examenes-ebau-julio-2021/crietrios-correccion-dibujo-tecnico-ebau-julio-21.pdf,si
Dibujo Técnico II,2021,Ordinaria,Canarias,https://www.gobiernodecanarias.org/cmsgob1/export/sites/educacion/web/bachillerato/_galerias/descargas/ebau-21/examenes-ebau-junio-2021/examen-ebau-dibujo-tecnico-junio-21.pdf,si
Dibujo Técnico II,2021,Ordinaria,Canarias,https://www.gobiernodecanarias.org/cmsgob1/export/sites/educacion/web/bachillerato/_galerias/descargas/ebau-21/examenes-ebau-junio-2021/criterios-correccion-ebau-dibujo-tecnico-junio-21.pdf,si
Dibujo Técnico II,2022,Extraordinaria,Canarias,https://www.gobiernodecanarias.org/cmsgob1/export/sites/educacion/web/bachillerato/_galerias/descargas/ebau-22/examenes-ebau-julio-2022/examen-dibujo-tecnico-ebau-julio-22.pdf,si
Dibujo Técnico II,2022,Extraordinaria,Canarias,https://www.gobiernodecanarias.org/cmsgob1/export/sites/educacion/web/bachillerato/_galerias/descargas/ebau-22/examenes-ebau-julio-2022/criterios-correccion-dibujo-tecnico-ebau-julio-22.pdf,si
Dibujo Técnico II,2022,Ordinaria,Canarias,https://www.gobiernodecanarias.org/cmsgob1/export/sites/educacion/web/bachillerato/_galerias/descargas/ebau-22/examenes-ebau-junio-2022/examen-dibujo-tecnico-ebau-junio-22.pdf,si
Dibujo Técnico II,2023,Extraordinaria,Canarias,https://www.gobiernodecanarias.org/cmsgob1/export/sites/educacion/web/bachillerato/_galerias/descargas/ebau-23/examenes-ebau-julio-2023/examen-dibujo-tecnico-ebau-julio-23.pdf,si
Dibujo Técnico II,2023,Extraordinaria,Canarias,https://www.gobiernodecanarias.org/cmsgob1/export/sites/educacion/web/bachillerato/_galerias/descargas/ebau-23/examenes-ebau-julio-2023/criterios-correccion-dibujo-tecnico-ebau-julio-23.pdf,si
Dibujo Técnico II,2023,Ordinaria,Canarias,https://www.gobiernodecanarias.org/cmsgob1/export/sites/educacion/web/bachillerato/_galerias/descargas/ebau-23/examenes-ebau-junio-2023/examen-dibujo-tecnico-ebau-junio.pdf,si
Dibujo Técnico II,2023,Ordinaria,Canarias,https://www.gobiernodecanarias.org/cmsgob1/export/sites/educacion/web/bachillerato/_galerias/descargas/ebau-23/examenes-ebau-junio-2023/criterios-dibujo-tecnico-ii-ebau-junio.pdf,si
Dibujo Técnico II,2024,Extraordinaria,Canarias,https://www.gobiernodecanarias.org/cmsgob1/export/sites/educacion/web/bachillerato/_galerias/descargas/pau-2024/examenes-pau-julio-2024/examen-dibuejo-tecnico-ull-ebau-julio-24.pdf,si
Dibujo Técnico II,2024,Extraordinaria,Canarias,https://www.gobiernodecanarias.org/cmsgob1/export/sites/educacion/web/bachillerato/_galerias/descargas/pau-2024/examenes-pau-julio-2024/criterios-correccion-dibujo-tecnico-ebau-julio-24.pdf,si
Dibujo Técnico II,2024,Extraordinaria,Canarias,https://www.gobiernodecanarias.org/cmsgob1/export/sites/educacion/web/bachillerato/_galerias/descargas/pau-2024/examenes-pau-julio-2024/examen-dibujo-tecnico-aplicado-a-las-artes-plasticas-diseno-pau-julio-24.pdf,si
Dibujo Técnico II,2024,Extraordinaria,Canarias,https://www.gobiernodecanarias.org/cmsgob1/export/sites/educacion/web/bachillerato/_galerias/descargas/pau-2024/examenes-pau-julio-2024/criterios-correccion-dibujo-tecnico-aplicado-pau-julio-24.pdf,si
Dibujo Técnico II,2024,Ordinaria,Canarias,https://www.gobiernodecanarias.org/cmsgob1/export/sites/educacion/web/bachillerato/_galerias/descargas/pau-2024/examenes-pau-junio/examen-dibujo-tecnico-pau-junio-24-ull.pdf,si
Dibujo Técnico II,2024,Ordinaria,Canarias,https://www.gobiernodecanarias.org/cmsgob1/export/sites/educacion/web/bachillerato/_galerias/descargas/pau-2024/examenes-pau-junio/criterios-correccion-dibujo-tecnico-pau-junio.pdf,si
Dibujo Técnico II,2024,Ordinaria,Canarias,https://www.gobiernodecanarias.org/cmsgob1/export/sites/educacion/web/bachillerato/_galerias/descargas/pau-2024/examenes-pau-junio/examen-dibujo-tecnico-aplicado-artes-plasticas-diseno-pau-junio-24.pdf,si
Dibujo Técnico II,2024,Ordinaria,Canarias,https://www.gobiernodecanarias.org/cmsgob1/export/sites/educacion/web/bachillerato/_galerias/descargas/pau-2024/examenes-pau-junio/criterios-correccion-dibujo-tecnico-aplicado-artes-plasticas-y-diseno-pau-2024-junio.pdf,si
Dibujo Técnico II,2025,Extraordinaria,Canarias,https://www.gobiernodecanarias.org/cmsgob1/export/sites/educacion/web/bachillerato/_galerias/descargas/pau-2025/examenes-pau-julio-2025/examen-dibujo-tecnico-pau-julio-25.pdf,si
Dibujo Técnico II,2025,Extraordinaria,Canarias,https://www.gobiernodecanarias.org/cmsgob1/export/sites/educacion/web/bachillerato/_galerias/descargas/pau-2025/examenes-pau-julio-2025/criterios-correccion-dibujo-tecnico-pau-julio-25.pdf,si
Dibujo Técnico II,2025,Extraordinaria,Canarias,https://www.gobiernodecanarias.org/cmsgob1/export/sites/educacion/web/bachillerato/_galerias/descargas/pau-2025/examenes-pau-julio-2025/examen-dibujo-tecnico-aplicado-artes-diseno-pau-julio-25.pdf,si
Dibujo Técnico II,2025,Extraordinaria,Canarias,https://www.gobiernodecanarias.org/cmsgob1/export/sites/educacion/web/bachillerato/_galerias/descargas/pau-2025/examenes-pau-julio-2025/criterios-correccion-dibujo-tecnico-aplicado-artes-diseno-pau-julio-25.pdf,si
Dibujo Técnico II,2025,Ordinaria,Canarias,https://www.gobiernodecanarias.org/cmsgob1/export/sites/educacion/web/bachillerato/_galerias/descargas/pau-2025/examenes-PAU-junio-2025/examen-dibujo-tecnico-ii-pau-junio-25.pdf,si
Dibujo Técnico II,2025,Ordinaria,Canarias,https://www.gobiernodecanarias.org/cmsgob1/export/sites/educacion/web/bachillerato/_galerias/descargas/pau-2025/examenes-PAU-junio-2025/criterios-correccion-dibujo-tecnico-ii-pau-junio-25.pdf,si
Dibujo Técnico II,2025,Ordinaria,Canarias,https://www.gobiernodecanarias.org/cmsgob1/export/sites/educacion/web/bachillerato/_galerias/descargas/pau-2025/examenes-PAU-junio-2025/examen-dibujo-tecnico-aplicado-artes-ii-pau-junio-25.pdf,si
Dibujo Técnico II,2025,Ordinaria,Canarias,https://www.gobiernodecanarias.org/cmsgob1/export/sites/educacion/web/bachillerato/_galerias/descargas/pau-2025/examenes-PAU-junio-2025/criterios-correccion-dibujo-tecnico-aplicado-artes-ii-pau-junio-25.pdf,si
Diseño,2019,Ordinaria,Canarias,https://www.gobiernodecanarias.org/cmsgob1/export/sites/educacion/web/bachillerato/_galerias/descargas/ebau-19/diseno_julio_19.pdf,si
Diseño,2019,Ordinaria,Canarias,https://www.gobiernodecanarias.org/cmsgob1/export/sites/educacion/web/bachillerato/_galerias/descargas/ebau-19/criterios_diseno_julio_19.pdf,si
Diseño,2021,Extraordinaria,Canarias,https://www.gobiernodecanarias.org/cmsgob1/export/sites/educacion/web/bachillerato/_galerias/descargas/ebau-21/examenes-ebau-julio-2021/examen-diseno-ebau-julio-21.pdf,si
Diseño,2021,Extraordinaria,Canarias,https://www.gobiernodecanarias.org/cmsgob1/export/sites/educacion/web/bachillerato/_galerias/descargas/ebau-21/examenes-ebau-julio-2021/criterios-correccion-diseno-ebau-21-a.pdf,si
Diseño,2021,Ordinaria,Canarias,https://www.gobiernodecanarias.org/cmsgob1/export/sites/educacion/web/bachillerato/_galerias/descargas/ebau-21/examenes-ebau-junio-2021/examen-ebau-diseno-junio-21.pdf,si
Diseño,2021,Ordinaria,Canarias,https://www.gobiernodecanarias.org/cmsgob1/export/sites/educacion/web/bachillerato/_galerias/descargas/ebau-21/examenes-ebau-junio-2021/criterios-correccion-ebau-diseno-junio-21.pdf,si
Diseño,2022,Ordinaria,Canarias,https://www.gobiernodecanarias.org/cmsgob1/export/sites/educacion/web/bachillerato/_galerias/descargas/ebau-22/examenes-ebau-junio-2022/examen-diseno-ebau-junio-22.pdf,si
Diseño,2022,Ordinaria,Canarias,https://www.gobiernodecanarias.org/cmsgob1/export/sites/educacion/web/bachillerato/_galerias/descargas/ebau-22/examenes-ebau-junio-2022/criterios-de-evaluacion-diseno-ebau-junio-22.pdf,si
Diseño,2023,Ordinaria,Canarias,https://www.gobiernodecanarias.org/cmsgob1/export/sites/educacion/web/bachillerato/_galerias/descargas/ebau-23/examenes-ebau-junio-2023/examen-diseno-ebau-junio.pdf,si
Diseño,2023,Ordinaria,Canarias,https://www.gobiernodecanarias.org/cmsgob1/export/sites/educacion/web/bachillerato/_galerias/descargas/ebau-23/examenes-ebau-junio-2023/criterios-diseno-ebau-junio.pdf,si
Diseño,2024,Extraordinaria,Canarias,https://www.gobiernodecanarias.org/cmsgob1/export/sites/educacion/web/bachillerato/_galerias/descargas/pau-2024/examenes-pau-julio-2024/examen-diseno-pau-julio-24.pdf,si
Diseño,2024,Extraordinaria,Canarias,https://www.gobiernodecanarias.org/cmsgob1/export/sites/educacion/web/bachillerato/_galerias/descargas/pau-2024/examenes-pau-julio-2024/criterios-diseno-pau-julio-24.pdf,si
Diseño,2024,Ordinaria,Canarias,https://www.gobiernodecanarias.org/cmsgob1/export/sites/educacion/web/bachillerato/_galerias/descargas/pau-2024/examenes-pau-junio/20240607_diseno_examen_pau_ordinaria_junio_2024.pdf,si
Diseño,2024,Ordinaria,Canarias,https://www.gobiernodecanarias.org/cmsgob1/export/sites/educacion/web/bachillerato/_galerias/descargas/pau-2024/examenes-pau-junio/20240607_criterios_diseno_pau_ordinaria_junio_2024.pdf,si
Diseño,2025,Extraordinaria,Canarias,https://www.gobiernodecanarias.org/cmsgob1/export/sites/educacion/web/bachillerato/_galerias/descargas/pau-2025/examenes-pau-julio-2025/examen-diseno-pau-julio-25.pdf,si
Diseño,2025,Extraordinaria,Canarias,https://www.gobiernodecanarias.org/cmsgob1/export/sites/educacion/web/bachillerato/_galerias/descargas/pau-2025/examenes-pau-julio-2025/criterios-de-correcion-diseno-pau-julio-25.pdf,si
Diseño,2025,Ordinaria,Canarias,https://www.gobiernodecanarias.org/cmsgob1/export/sites/educacion/web/bachillerato/_galerias/descargas/pau-2025/examenes-PAU-junio-2025/criterios-correccion-empresa-diseno-modelos-negocio-pau-junio-25.pdf,si
Diseño,2025,Ordinaria,Canarias,https://www.gobiernodecanarias.org/cmsgob1/export/sites/educacion/web/bachillerato/_galerias/descargas/pau-2025/examenes-PAU-junio-2025/examen-diseno-pau-junio-25.pdf,si
Diseño,2025,Ordinaria,Canarias,https://www.gobiernodecanarias.org/cmsgob1/export/sites/educacion/web/bachillerato/_galerias/descargas/pau-2025/examenes-PAU-junio-2025/criterios-correccion-diseno-pau-junio-25.pdf,si
Disseny,2024,Extraordinaria,Canarias,https://www.gobiernodecanarias.org/cmsgob1/export/sites/educacion/web/bachillerato/_galerias/descargas/pau-2024/examenes-pau-julio-2024/examen-empresa-modelos-negocio-ebau-julio-24.pdf,si
Disseny,2024,Extraordinaria,Canarias,https://www.gobiernodecanarias.org/cmsgob1/export/sites/educacion/web/bachillerato/_galerias/descargas/pau-2024/examenes-pau-julio-2024/criterios-correccion-empresa-modelos-negocio-ebau-julio-24.pdf,si
Disseny,2024,Ordinaria,Canarias,https://www.gobiernodecanarias.org/cmsgob1/export/sites/educacion/web/bachillerato/_galerias/descargas/pau-2024/examenes-pau-junio/examen-empresa-modelo-de-negocio-pau-junio-24.pdf,si
Disseny,2024,Ordinaria,Canarias,https://www.gobiernodecanarias.org/cmsgob1/export/sites/educacion/web/bachillerato/_galerias/descargas/pau-2024/examenes-pau-junio/criterios_de_correccion_empresa-modelo-negocios-pau-junio-24-p2-6-junio.pdf,si
Disseny,2025,Extraordinaria,Canarias,https://www.gobiernodecanarias.org/cmsgob1/export/sites/educacion/web/bachillerato/_galerias/descargas/pau-2025/examenes-pau-julio-2025/examen-empresa-modelos-negocio-pau-julio-25.pdf,si
Disseny,2025,Extraordinaria,Canarias,https://www.gobiernodecanarias.org/cmsgob1/export/sites/educacion/web/bachillerato/_galerias/descargas/pau-2025/examenes-pau-julio-2025/criterios-correccion-empresa-modelos-negocio-pau-julio-25.pdf,si
Disseny,2025,Ordinaria,Canarias,https://www.gobiernodecanarias.org/cmsgob1/export/sites/educacion/web/bachillerato/_galerias/descargas/pau-2025/examenes-PAU-junio-2025/examen-empresa-pau-junio-25.pdf,si
Economía de la Empresa,2019,Ordinaria,Canarias,https://www.gobiernodecanarias.org/cmsgob1/export/sites/educacion/web/bachillerato/_galerias/descargas/ebau-19/economia_empresa_julio_19.pdf,si
Economía de la Empresa,2019,Ordinaria,Canarias,https://www.gobiernodecanarias.org/cmsgob1/export/sites/educacion/web/bachillerato/_galerias/descargas/ebau-19/crit_economia_empresa_julio_19.pdf,si
Economía de la Empresa,2020,Extraordinaria,Canarias,https://www.gobiernodecanarias.org/cmsgob1/export/sites/educacion/web/bachillerato/_galerias/descargas/ebau_20/examenes-ebau-septiembre-2020/economia-empresa-ebau-sep-2020.pdf,si
Economía de la Empresa,2020,Extraordinaria,Canarias,https://www.gobiernodecanarias.org/cmsgob1/export/sites/educacion/web/bachillerato/_galerias/descargas/ebau_20/examenes-ebau-septiembre-2020/criterios-economia-empresa-ebau-sep-2020.pdf,si
Economía de la Empresa,2021,Extraordinaria,Canarias,https://www.gobiernodecanarias.org/cmsgob1/export/sites/educacion/web/bachillerato/_galerias/descargas/ebau-21/examenes-ebau-julio-2021/examen-economia-de-la-empresa-ebau-julio-21.pdf,si
Economía de la Empresa,2021,Extraordinaria,Canarias,https://www.gobiernodecanarias.org/cmsgob1/export/sites/educacion/web/bachillerato/_galerias/descargas/ebau-21/examenes-ebau-julio-2021/criterios-correccion-economia-de-la-empresa-ebau-julio-21.pdf,si
Economía de la Empresa,2021,Ordinaria,Canarias,https://www.gobiernodecanarias.org/cmsgob1/export/sites/educacion/web/bachillerato/_galerias/descargas/ebau-21/examenes-ebau-junio-2021/examen-ebau-economia-de-la-empresa-junio-21.pdf,si
Economía de la Empresa,2021,Ordinaria,Canarias,https://www.gobiernodecanarias.org/cmsgob1/export/sites/educacion/web/bachillerato/_galerias/descargas/ebau-21/examenes-ebau-junio-2021/criterios-correccion-ebau-economia-de-la.empresa-junio-21.pdf,si
Economía de la Empresa,2022,Extraordinaria,Canarias,https://www.gobiernodecanarias.org/cmsgob1/export/sites/educacion/web/bachillerato/_galerias/descargas/ebau-22/examenes-ebau-julio-2022/examen-economia-empresa-ebau-julio-22.pdf,si
Economía de la Empresa,2022,Extraordinaria,Canarias,https://www.gobiernodecanarias.org/cmsgob1/export/sites/educacion/web/bachillerato/_galerias/descargas/ebau-22/examenes-ebau-julio-2022/criterios-correccion-economia-empresa-ebau-julio-22.pdf,si
Economía de la Empresa,2022,Ordinaria,Canarias,https://www.gobiernodecanarias.org/cmsgob1/export/sites/educacion/web/bachillerato/_galerias/descargas/ebau-22/examenes-ebau-junio-2022/examen-economia-de-la-empresa-ebau-junio-22.pdf,si
Economía de la Empresa,2022,Ordinaria,Canarias,https://www.gobiernodecanarias.org/cmsgob1/export/sites/educacion/web/bachillerato/_galerias/descargas/ebau-22/examenes-ebau-junio-2022/criterios-correccion-ebau-economia-de-la-empresa-junio-22.pdf,si
Economía de la Empresa,2023,Extraordinaria,Canarias,https://www.gobiernodecanarias.org/cmsgob1/export/sites/educacion/web/bachillerato/_galerias/descargas/ebau-23/examenes-ebau-julio-2023/examen-economia-de-la-empresa-ebau-julio.23.pdf,si
Economía de la Empresa,2023,Extraordinaria,Canarias,https://www.gobiernodecanarias.org/cmsgob1/export/sites/educacion/web/bachillerato/_galerias/descargas/ebau-23/examenes-ebau-julio-2023/criterios-correccion-economia-de-la-empresa-ebau-julio-23.pdf,si
Economía de la Empresa,2023,Ordinaria,Canarias,https://www.gobiernodecanarias.org/cmsgob1/export/sites/educacion/web/bachillerato/_galerias/descargas/ebau-23/examenes-ebau-junio-2023/examen-economia-empresa-ciencias-ebau-junio.pdf,si
Economía de la Empresa,2023,Ordinaria,Canarias,https://www.gobiernodecanarias.org/cmsgob1/export/sites/educacion/web/bachillerato/_galerias/descargas/ebau-23/examenes-ebau-junio-2023/criterios-economia-empresa-ebau-junio-23.pdf,si
Francés,2019,Ordinaria,Canarias,https://www.gobiernodecanarias.org/cmsgob1/export/sites/educacion/web/bachillerato/_galerias/descargas/ebau-19/Criterios_frances_julio_19.pdf,si
Francés,2020,Extraordinaria,Canarias,https://www.gobiernodecanarias.org/cmsgob1/export/sites/educacion/web/bachillerato/_galerias/descargas/ebau_20/examenes-ebau-septiembre-2020/frances-ebau-sep-2020.pdf,si
Francés,2021,Extraordinaria,Canarias,https://www.gobiernodecanarias.org/cmsgob1/export/sites/educacion/web/bachillerato/_galerias/descargas/ebau-21/examenes-ebau-julio-2021/criterios-de-correccion-frances-ebua-julio-21.pdf,si
Francés,2021,Ordinaria,Canarias,https://www.gobiernodecanarias.org/cmsgob1/export/sites/educacion/web/bachillerato/_galerias/descargas/ebau-21/examenes-ebau-junio-2021/criterios_correccion_ebau_frances_2021.pdf,si
Francés,2022,Extraordinaria,Canarias,https://www.gobiernodecanarias.org/cmsgob1/export/sites/educacion/web/bachillerato/_galerias/descargas/ebau-22/examenes-ebau-julio-2022/criterios-de-correccion-ebau-frances-22.pdf,si
Francés,2022,Ordinaria,Canarias,https://www.gobiernodecanarias.org/cmsgob1/export/sites/educacion/web/bachillerato/_galerias/descargas/ebau-22/examenes-ebau-junio-2022/criterios-de-correccion-frances-ebau-junio-2022.pdf,si
Francés,2023,Extraordinaria,Canarias,https://www.gobiernodecanarias.org/cmsgob1/export/sites/educacion/web/bachillerato/_galerias/descargas/ebau-23/examenes-ebau-julio-2023/criterios-correccion-frances-ebau-23.pdf,si
Francés,2023,Ordinaria,Canarias,https://www.gobiernodecanarias.org/cmsgob1/export/sites/educacion/web/bachillerato/_galerias/descargas/ebau-23/examenes-ebau-junio-2023/criterios-frances-ciencias-ebau-junio.pdf,si
Francés,2023,Ordinaria,Canarias,https://www.gobiernodecanarias.org/cmsgob1/export/sites/educacion/web/bachillerato/_galerias/descargas/ebau-23/examenes-ebau-junio-2023/criterios-frances-humanidades-ebau-junio.pdf,si
Francés,2024,Extraordinaria,Canarias,https://www.gobiernodecanarias.org/cmsgob1/export/sites/educacion/web/bachillerato/_galerias/descargas/pau-2024/examenes-pau-julio-2024/criterios-correccion-frances-pau-julio-24.pdf,si
Francés,2024,Ordinaria,Canarias,https://www.gobiernodecanarias.org/cmsgob1/export/sites/educacion/web/bachillerato/_galerias/descargas/pau-2024/criterios_correccion_frances_PAU_2024.pdf,si
Francés,2025,Extraordinaria,Canarias,https://www.gobiernodecanarias.org/cmsgob1/export/sites/educacion/web/bachillerato/_galerias/descargas/pau-2025/examenes-pau-julio-2025/criterios-de-correcion-frances-pau-julio-25.pdf,si
Francés,2025,Extraordinaria,Canarias,https://www.gobiernodecanarias.org/cmsgob1/export/sites/educacion/web/bachillerato/_galerias/descargas/pau-2025/examenes-pau-julio-2025/criterios-correccion-reserva-frances-pau-julio-25.pdf,si
Francés,2025,Ordinaria,Canarias,https://www.gobiernodecanarias.org/cmsgob1/export/sites/educacion/web/bachillerato/_galerias/descargas/pau-2025/examenes-PAU-junio-2025/criterios-correccion-frances-pau-junio-25.pdf,si
Fundamentos Artísticos,2019,Ordinaria,Canarias,https://www.gobiernodecanarias.org/cmsgob1/export/sites/educacion/web/bachillerato/_galerias/descargas/ebau-19/fundamentos_arte_julio_2019.pdf,si
Fundamentos Artísticos,2019,Ordinaria,Canarias,https://www.gobiernodecanarias.org/cmsgob1/export/sites/educacion/web/bachillerato/_galerias/descargas/ebau-19/criterios_fundamentos_arte_julio_2019.pdf,si
Fundamentos Artísticos,2020,Extraordinaria,Canarias,https://www.gobiernodecanarias.org/cmsgob1/export/sites/educacion/web/bachillerato/_galerias/descargas/ebau_20/examenes-ebau-septiembre-2020/fundamentos-arte-ebau-2020.pdf,si
Fundamentos Artísticos,2020,Extraordinaria,Canarias,https://www.gobiernodecanarias.org/cmsgob1/export/sites/educacion/web/bachillerato/_galerias/descargas/ebau_20/examenes-ebau-septiembre-2020/criterio-fundamentos-arte-ebau-2020.pdf,si
Fundamentos Artísticos,2021,Extraordinaria,Canarias,https://www.gobiernodecanarias.org/cmsgob1/export/sites/educacion/web/bachillerato/_galerias/descargas/ebau-21/examenes-ebau-julio-2021/examen-fundamentos-del-arte-ebau-julio-21.pdf,si
Fundamentos Artísticos,2021,Extraordinaria,Canarias,https://www.gobiernodecanarias.org/cmsgob1/export/sites/educacion/web/bachillerato/_galerias/descargas/ebau-21/examenes-ebau-julio-2021/criterios-correccion-fundamentos-del-arte-ebau-julio-2021.pdf,si
Fundamentos Artísticos,2021,Ordinaria,Canarias,https://www.gobiernodecanarias.org/cmsgob1/export/sites/educacion/web/bachillerato/_galerias/descargas/ebau-21/examenes-ebau-junio-2021/examen-ebau-fundamentos-del-arte-junio-21.pdf,si
Fundamentos Artísticos,2021,Ordinaria,Canarias,https://www.gobiernodecanarias.org/cmsgob1/export/sites/educacion/web/bachillerato/_galerias/descargas/ebau-21/examenes-ebau-junio-2021/criterios-correccion-ebau-fundamentos-del-arte-junio-21.pdf,si
Fundamentos Artísticos,2022,Extraordinaria,Canarias,https://www.gobiernodecanarias.org/cmsgob1/export/sites/educacion/web/bachillerato/_galerias/descargas/ebau-22/examenes-ebau-julio-2022/examen-fundamentos-arte-ebau-julio-22.pdf,si
Fundamentos Artísticos,2022,Extraordinaria,Canarias,https://www.gobiernodecanarias.org/cmsgob1/export/sites/educacion/web/bachillerato/_galerias/descargas/ebau-22/examenes-ebau-julio-2022/criterios-fundamentos-del-arte-ii-ebau-julio-22.pdf,si
Fundamentos Artísticos,2022,Ordinaria,Canarias,https://www.gobiernodecanarias.org/cmsgob1/export/sites/educacion/web/bachillerato/_galerias/descargas/ebau-22/examenes-ebau-junio-2022/examen-fundamentos-del-arte-ebau-junio-22.pdf,si
Fundamentos Artísticos,2022,Ordinaria,Canarias,https://www.gobiernodecanarias.org/cmsgob1/export/sites/educacion/web/bachillerato/_galerias/descargas/ebau-22/examenes-ebau-junio-2022/criterios-correccion-fundamentos-del-arte-ebau-junio-22.pdf,si
Fundamentos Artísticos,2023,Extraordinaria,Canarias,https://www.gobiernodecanarias.org/cmsgob1/export/sites/educacion/web/bachillerato/_galerias/descargas/ebau-23/examenes-ebau-julio-2023/examen-fundamentos-arte-ebau-julio-23.pdf,si
Fundamentos Artísticos,2023,Extraordinaria,Canarias,https://www.gobiernodecanarias.org/cmsgob1/export/sites/educacion/web/bachillerato/_galerias/descargas/ebau-23/examenes-ebau-julio-2023/examen-fundamentos-arte-ebau-julio-23.pdf,si
Fundamentos Artísticos,2023,Ordinaria,Canarias,https://www.gobiernodecanarias.org/cmsgob1/export/sites/educacion/web/bachillerato/_galerias/descargas/ebau-23/examenes-ebau-junio-2023/examen-fundamentos-arte-ebau-junio.pdf,si
Fundamentos Artísticos,2023,Ordinaria,Canarias,https://www.gobiernodecanarias.org/cmsgob1/export/sites/educacion/web/bachillerato/_galerias/descargas/ebau-23/examenes-ebau-junio-2023/criterios-fundamentos-arte-ebau-junio.pdf,si
Fundamentos Artísticos,2024,Extraordinaria,Canarias,https://www.gobiernodecanarias.org/cmsgob1/export/sites/educacion/web/bachillerato/_galerias/descargas/pau-2024/examenes-pau-julio-2024/examen-fundamentos-arte-pau-julio-24.pdf,si
Fundamentos Artísticos,2024,Extraordinaria,Canarias,https://www.gobiernodecanarias.org/cmsgob1/export/sites/educacion/web/bachillerato/_galerias/descargas/pau-2024/examenes-pau-julio-2024/criterios-correccion-fundamentos-arte-pau-julio-24.pdf,si
Fundamentos Artísticos,2024,Ordinaria,Canarias,https://www.gobiernodecanarias.org/cmsgob1/export/sites/educacion/web/bachillerato/_galerias/descargas/pau-2024/examenes-pau-junio/examen-fundamentos-artisticos-pau-junio-24.pdf,si
Fundamentos Artísticos,2024,Ordinaria,Canarias,https://www.gobiernodecanarias.org/cmsgob1/export/sites/educacion/web/bachillerato/_galerias/descargas/pau-2024/examenes-pau-junio/criterios_de_correccion_fundamentos-artisticos-pau-junio-24-p2-6-junio.pdf,si
Fundamentos Artísticos,2025,Extraordinaria,Canarias,https://www.gobiernodecanarias.org/cmsgob1/export/sites/educacion/web/bachillerato/_galerias/descargas/pau-2025/examenes-pau-julio-2025/examen-fundamentos-artisticos-pau-julio-25.pdf,si
Fundamentos Artísticos,2025,Extraordinaria,Canarias,https://www.gobiernodecanarias.org/cmsgob1/export/sites/educacion/web/bachillerato/_galerias/descargas/pau-2025/examenes-pau-julio-2025/criterios-de-correcion-fundamentos-artisticos-pau-julio-25.pdf,si
Fundamentos Artísticos,2025,Ordinaria,Canarias,https://www.gobiernodecanarias.org/cmsgob1/export/sites/educacion/web/bachillerato/_galerias/descargas/pau-2025/examenes-PAU-junio-2025/examen-fundamentos-artisticos-pau-junio-25.pdf,si
Fundamentos Artísticos,2025,Ordinaria,Canarias,https://www.gobiernodecanarias.org/cmsgob1/export/sites/educacion/web/bachillerato/_galerias/descargas/pau-2025/examenes-PAU-junio-2025/criterios-correccion-fundamentos-artisticos-pau-junio-25.pdf,si
Física,2019,Ordinaria,Canarias,https://www.gobiernodecanarias.org/cmsgob1/export/sites/educacion/web/bachillerato/_galerias/descargas/ebau-19/fisica_2019.pdf,si
Física,2019,Ordinaria,Canarias,https://www.gobiernodecanarias.org/cmsgob1/export/sites/educacion/web/bachillerato/_galerias/descargas/ebau-19/criterios_fisica_2019.pdf,si
Física,2020,Extraordinaria,Canarias,https://www.gobiernodecanarias.org/cmsgob1/export/sites/educacion/web/bachillerato/_galerias/descargas/ebau_20/examenes-ebau-septiembre-2020/fisica-ebau-sep-2020.pdf,si
Física,2020,Extraordinaria,Canarias,https://www.gobiernodecanarias.org/cmsgob1/export/sites/educacion/web/bachillerato/_galerias/descargas/ebau_20/examenes-ebau-septiembre-2020/criterios-fisica-ebau-sep-2020.pdf,si
Física,2021,Extraordinaria,Canarias,https://www.gobiernodecanarias.org/cmsgob1/export/sites/educacion/web/bachillerato/_galerias/descargas/ebau-21/examenes-ebau-julio-2021/examen-fisica-ebau-julio-21.pdf,si
Física,2021,Extraordinaria,Canarias,https://www.gobiernodecanarias.org/cmsgob1/export/sites/educacion/web/bachillerato/_galerias/descargas/ebau-21/examenes-ebau-julio-2021/criterios-correccion-fisica-ebau-julio-21.pdf,si
Física,2021,Ordinaria,Canarias,https://www.gobiernodecanarias.org/cmsgob1/export/sites/educacion/web/bachillerato/_galerias/descargas/ebau-21/examenes-ebau-junio-2021/examen-ebau-fisica-junio-21.pdf,si
Física,2021,Ordinaria,Canarias,https://www.gobiernodecanarias.org/cmsgob1/export/sites/educacion/web/bachillerato/_galerias/descargas/ebau-21/examenes-ebau-junio-2021/criterios-correccion-ebau-fisica-junio-21.pdf,si
Física,2022,Extraordinaria,Canarias,https://www.gobiernodecanarias.org/cmsgob1/export/sites/educacion/web/bachillerato/_galerias/descargas/ebau-22/examenes-ebau-julio-2022/examen-fisica-ebau-julio-22.pdf,si
Física,2022,Ordinaria,Canarias,https://www.gobiernodecanarias.org/cmsgob1/export/sites/educacion/web/bachillerato/_galerias/descargas/ebau-22/examenes-ebau-junio-2022/examen-fisica-ebau-junio-22.pdf,si
Física,2023,Extraordinaria,Canarias,https://www.gobiernodecanarias.org/cmsgob1/export/sites/educacion/web/bachillerato/_galerias/descargas/ebau-23/examenes-ebau-julio-2023/examen-fisica-ebau-julio-23.pdf,si
Física,2023,Extraordinaria,Canarias,https://www.gobiernodecanarias.org/cmsgob1/export/sites/educacion/web/bachillerato/_galerias/descargas/ebau-23/examenes-ebau-julio-2023/criterios-correccion-fisica-ebau-julio-23.pdf,si
Física,2023,Ordinaria,Canarias,https://www.gobiernodecanarias.org/cmsgob1/export/sites/educacion/web/bachillerato/_galerias/descargas/ebau-23/examenes-ebau-junio-2023/examen-fisica-ebau-junio.pdf,si
Física,2023,Ordinaria,Canarias,https://www.gobiernodecanarias.org/cmsgob1/export/sites/educacion/web/bachillerato/_galerias/descargas/ebau-23/examenes-ebau-junio-2023/criterios_correccion-ebau-fisica-junio-23.pdf,si
Física,2024,Extraordinaria,Canarias,https://www.gobiernodecanarias.org/cmsgob1/export/sites/educacion/web/bachillerato/_galerias/descargas/pau-2024/examenes-pau-julio-2024/examen-fisica-pau-julio-24.pdf,si
Física,2024,Extraordinaria,Canarias,https://www.gobiernodecanarias.org/cmsgob1/export/sites/educacion/web/bachillerato/_galerias/descargas/pau-2024/examenes-pau-julio-2024/criterios-correccion-fisica-pau-julio-24.pdf,si
Física,2024,Ordinaria,Canarias,https://www.gobiernodecanarias.org/cmsgob1/export/sites/educacion/web/bachillerato/_galerias/descargas/pau-2024/examenes-pau-junio/examen-fisica-pau-junio-24.pdf,si
Física,2024,Ordinaria,Canarias,https://www.gobiernodecanarias.org/cmsgob1/export/sites/educacion/web/bachillerato/_galerias/descargas/pau-2024/examenes-pau-junio/criterios-correccion-fisica-pau-2024-junio.pdf,si
Física,2025,Extraordinaria,Canarias,https://www.gobiernodecanarias.org/cmsgob1/export/sites/educacion/web/bachillerato/_galerias/descargas/pau-2025/examenes-pau-julio-2025/examen-fisica-pau-julio-25.pdf,si
Física,2025,Extraordinaria,Canarias,https://www.gobiernodecanarias.org/cmsgob1/export/sites/educacion/web/bachillerato/_galerias/descargas/pau-2025/examenes-pau-julio-2025/criterios-de-correcion-fisica-pau-julio-25.pdf,si
Física,2025,Ordinaria,Canarias,https://www.gobiernodecanarias.org/cmsgob1/export/sites/educacion/web/bachillerato/_galerias/descargas/pau-2025/examenes-PAU-junio-2025/examen-fisica-pau-junio-25.pdf,si
Física,2025,Ordinaria,Canarias,https://www.gobiernodecanarias.org/cmsgob1/export/sites/educacion/web/bachillerato/_galerias/descargas/pau-2025/examenes-PAU-junio-2025/criterios-correccion-fisica-pau-junio-25.pdf,si
Geografía,2019,Ordinaria,Canarias,https://www.gobiernodecanarias.org/cmsgob1/export/sites/educacion/web/bachillerato/_galerias/descargas/ebau-19/geografia_julio_19.pdf,si
Geografía,2019,Ordinaria,Canarias,https://www.gobiernodecanarias.org/cmsgob1/export/sites/educacion/web/bachillerato/_galerias/descargas/ebau-19/geografia_julio_19.pdf,si
Geografía,2020,Extraordinaria,Canarias,https://www.gobiernodecanarias.org/cmsgob1/export/sites/educacion/web/bachillerato/_galerias/descargas/ebau_20/examenes-ebau-septiembre-2020/geografia-ebau-sep-2020.pdf,si
Geografía,2020,Extraordinaria,Canarias,https://www.gobiernodecanarias.org/cmsgob1/export/sites/educacion/web/bachillerato/_galerias/descargas/ebau_20/examenes-ebau-septiembre-2020/criterios-geografia-ebau-sep-2020.pdf,si
Geografía,2021,Extraordinaria,Canarias,https://www.gobiernodecanarias.org/cmsgob1/export/sites/educacion/web/bachillerato/_galerias/descargas/ebau-21/examenes-ebau-julio-2021/geografia_ebau_julio_2021.pdf,si
Geografía,2021,Extraordinaria,Canarias,https://www.gobiernodecanarias.org/cmsgob1/export/sites/educacion/web/bachillerato/_galerias/descargas/ebau-21/examenes-ebau-julio-2021/criterios_geografia_ebau_julio_2021.pdf,si
Geografía,2021,Ordinaria,Canarias,https://www.gobiernodecanarias.org/cmsgob1/export/sites/educacion/web/bachillerato/_galerias/descargas/ebau-21/examenes-ebau-junio-2021/examen-ebau-geografia-junio-21.pdf,si
Geografía,2021,Ordinaria,Canarias,https://www.gobiernodecanarias.org/cmsgob1/export/sites/educacion/web/bachillerato/_galerias/descargas/ebau-21/examenes-ebau-junio-2021/criterios-correcion-ebau-geografia-junio-21.pdf,si
Geografía,2022,Extraordinaria,Canarias,https://www.gobiernodecanarias.org/cmsgob1/export/sites/educacion/web/bachillerato/_galerias/descargas/ebau-22/examenes-ebau-julio-2022/examen-geografia-ebau-julio-22.pdf,si
Geografía,2022,Extraordinaria,Canarias,https://www.gobiernodecanarias.org/cmsgob1/export/sites/educacion/web/bachillerato/_galerias/descargas/ebau-22/examenes-ebau-julio-2022/criterios-correccion-geografia-ebau-julio-22.pdf,si
Geografía,2022,Ordinaria,Canarias,https://www.gobiernodecanarias.org/cmsgob1/export/sites/educacion/web/bachillerato/_galerias/descargas/ebau-22/examenes-ebau-junio-2022/examen-geografia-ebau-junio-22.pdf,si
Geografía,2022,Ordinaria,Canarias,https://www.gobiernodecanarias.org/cmsgob1/export/sites/educacion/web/bachillerato/_galerias/descargas/ebau-22/examenes-ebau-junio-2022/criterios-correccion-geografia-ebau-junio-22.pdf,si
Geografía,2023,Extraordinaria,Canarias,https://www.gobiernodecanarias.org/cmsgob1/export/sites/educacion/web/bachillerato/_galerias/descargas/ebau-23/examenes-ebau-julio-2023/examen-geografia-ebau-julio-23.pdf,si
Geografía,2023,Extraordinaria,Canarias,https://www.gobiernodecanarias.org/cmsgob1/export/sites/educacion/web/bachillerato/_galerias/descargas/ebau-23/examenes-ebau-julio-2023/criterios-correccion-geografia-ebau-julio-23.pdf,si
Geografía,2023,Ordinaria,Canarias,https://www.gobiernodecanarias.org/cmsgob1/export/sites/educacion/web/bachillerato/_galerias/descargas/ebau-23/examenes-ebau-junio-2023/examen-geografia-ciencias-ebau-junio.pdf,si
Geografía,2023,Ordinaria,Canarias,https://www.gobiernodecanarias.org/cmsgob1/export/sites/educacion/web/bachillerato/_galerias/descargas/ebau-23/examenes-ebau-junio-2023/criterios-geografia-ebau-junio.pdf,si
Geografía,2024,Extraordinaria,Canarias,https://www.gobiernodecanarias.org/cmsgob1/export/sites/educacion/web/bachillerato/_galerias/descargas/pau-2024/examenes-pau-julio-2024/examen-geografia-pau-julio-24.pdf,si
Geografía,2024,Extraordinaria,Canarias,https://www.gobiernodecanarias.org/cmsgob1/export/sites/educacion/web/bachillerato/_galerias/descargas/pau-2024/examenes-pau-julio-2024/criterios-correccion-geografia-ebau-julio-24.pdf,si
Geografía,2024,Ordinaria,Canarias,https://www.gobiernodecanarias.org/cmsgob1/export/sites/educacion/web/bachillerato/_galerias/descargas/pau-2024/examenes-pau-junio/examen-geografia-pau-junio-24.pdf,si
Geografía,2024,Ordinaria,Canarias,https://www.gobiernodecanarias.org/cmsgob1/export/sites/educacion/web/bachillerato/_galerias/descargas/pau-2024/examenes-pau-junio/criterios-correccion-geografia-pau-junio-24.pdf,si
Geografía,2025,Extraordinaria,Canarias,https://www.gobiernodecanarias.org/cmsgob1/export/sites/educacion/web/bachillerato/_galerias/descargas/pau-2025/examenes-pau-julio-2025/examen-geografia-pau-julio-25.pdf,si
Geografía,2025,Extraordinaria,Canarias,https://www.gobiernodecanarias.org/cmsgob1/export/sites/educacion/web/bachillerato/_galerias/descargas/pau-2025/examenes-pau-julio-2025/criterios-de-correcion-geografia-pau-julio-25.pdf,si
Geografía,2025,Ordinaria,Canarias,https://www.gobiernodecanarias.org/cmsgob1/export/sites/educacion/web/bachillerato/_galerias/descargas/pau-2025/examenes-PAU-junio-2025/examen-geografia-pau-junio-25.pdf,si
Geografía,2025,Ordinaria,Canarias,https://www.gobiernodecanarias.org/cmsgob1/export/sites/educacion/web/bachillerato/_galerias/descargas/pau-2025/examenes-PAU-junio-2025/criterios-correccion-geografia-pau-junio-25.pdf,si
Geología y Ciencias Ambientales,2019,Ordinaria,Canarias,https://www.gobiernodecanarias.org/cmsgob1/export/sites/educacion/web/bachillerato/_galerias/descargas/ebau-19/examen_geologia_19.pdf,si
Geología y Ciencias Ambientales,2019,Ordinaria,Canarias,https://www.gobiernodecanarias.org/cmsgob1/export/sites/educacion/web/bachillerato/_galerias/descargas/ebau-19/criterios_geologia_19.pdf,si
Geología y Ciencias Ambientales,2020,Extraordinaria,Canarias,https://www.gobiernodecanarias.org/cmsgob1/export/sites/educacion/web/bachillerato/_galerias/descargas/ebau_20/examenes-ebau-septiembre-2020/examen-ebau-2020-geologia-sep.pdf,si
Geología y Ciencias Ambientales,2021,Extraordinaria,Canarias,https://www.gobiernodecanarias.org/cmsgob1/export/sites/educacion/web/bachillerato/_galerias/descargas/ebau-21/examenes-ebau-julio-2021/examen-geologia-ebau-julio-21.pdf,si
Geología y Ciencias Ambientales,2021,Extraordinaria,Canarias,https://www.gobiernodecanarias.org/cmsgob1/export/sites/educacion/web/bachillerato/_galerias/descargas/ebau-21/examenes-ebau-julio-2021/criterios-correccion-geologia-ebau-julio-21.pdf,si
Geología y Ciencias Ambientales,2021,Ordinaria,Canarias,https://www.gobiernodecanarias.org/cmsgob1/export/sites/educacion/web/bachillerato/_galerias/descargas/ebau-21/examenes-ebau-junio-2021/examen-ebau-geologia-junio-21.pdf,si
Geología y Ciencias Ambientales,2021,Ordinaria,Canarias,https://www.gobiernodecanarias.org/cmsgob1/export/sites/educacion/web/bachillerato/_galerias/descargas/ebau-21/examenes-ebau-junio-2021/criterios-correccion-ebau-geologia-junio-21.pdf,si
Geología y Ciencias Ambientales,2022,Extraordinaria,Canarias,https://www.gobiernodecanarias.org/cmsgob1/export/sites/educacion/web/bachillerato/_galerias/descargas/ebau-22/examenes-ebau-julio-2022/examen-geologia-ebau-julio-22.pdf,si
Geología y Ciencias Ambientales,2022,Ordinaria,Canarias,https://www.gobiernodecanarias.org/cmsgob1/export/sites/educacion/web/bachillerato/_galerias/descargas/ebau-22/examenes-ebau-junio-2022/examen-geologia-ebau-junio-22.pdf,si
Geología y Ciencias Ambientales,2023,Extraordinaria,Canarias,https://www.gobiernodecanarias.org/cmsgob1/export/sites/educacion/web/bachillerato/_galerias/descargas/ebau-23/examenes-ebau-julio-2023/examen-geologia-ebau-julio.23.pdf,si
Geología y Ciencias Ambientales,2023,Ordinaria,Canarias,https://www.gobiernodecanarias.org/cmsgob1/export/sites/educacion/web/bachillerato/_galerias/descargas/ebau-23/examenes-ebau-junio-2023/examen-geologia-ebau-junio.pdf,si
Geología y Ciencias Ambientales,2023,Ordinaria,Canarias,https://www.gobiernodecanarias.org/cmsgob1/export/sites/educacion/web/bachillerato/_galerias/descargas/ebau-23/examenes-ebau-junio-2023/criterios-geologia-ebau-junio.pdf,si
Geología y Ciencias Ambientales,2024,Extraordinaria,Canarias,https://www.gobiernodecanarias.org/cmsgob1/export/sites/educacion/web/bachillerato/_galerias/descargas/pau-2024/examenes-pau-julio-2024/examen-geologia-ebau-julio-24.pdf,si
Geología y Ciencias Ambientales,2024,Ordinaria,Canarias,https://www.gobiernodecanarias.org/cmsgob1/export/sites/educacion/web/bachillerato/_galerias/descargas/pau-2024/examenes-pau-junio/examen-geologia-pau-junio-24.pdf,si
Geología y Ciencias Ambientales,2025,Extraordinaria,Canarias,https://www.gobiernodecanarias.org/cmsgob1/export/sites/educacion/web/bachillerato/_galerias/descargas/pau-2025/examenes-pau-julio-2025/examen-geologia-pau-julio-25.pdf,si
Geología y Ciencias Ambientales,2025,Ordinaria,Canarias,https://www.gobiernodecanarias.org/cmsgob1/export/sites/educacion/web/bachillerato/_galerias/descargas/pau-2025/examenes-PAU-junio-2025/examen-geologia-pau-junio-25.pdf,si
Geología y Ciencias Ambientales,2025,Ordinaria,Canarias,https://www.gobiernodecanarias.org/cmsgob1/export/sites/educacion/web/bachillerato/_galerias/descargas/pau-2025/examenes-PAU-junio-2025/criterios-correccion-geologia-ccaa-pau-junio-25.pdf,si
Griego II,2019,Ordinaria,Canarias,https://www.gobiernodecanarias.org/cmsgob1/export/sites/educacion/web/bachillerato/_galerias/descargas/ebau-19/griego_julio_19.pdf,si
Griego II,2019,Ordinaria,Canarias,https://www.gobiernodecanarias.org/cmsgob1/export/sites/educacion/web/bachillerato/_galerias/descargas/ebau-19/criterios_griego_julio_19.pdf,si
Griego II,2020,Extraordinaria,Canarias,https://www.gobiernodecanarias.org/cmsgob1/export/sites/educacion/web/bachillerato/_galerias/descargas/ebau_20/examenes-ebau-septiembre-2020/griego-ebau-sep-2020.pdf,si
Griego II,2020,Extraordinaria,Canarias,https://www.gobiernodecanarias.org/cmsgob1/export/sites/educacion/web/bachillerato/_galerias/descargas/ebau_20/examenes-ebau-septiembre-2020/criterios-griego-ebau-sep-2020.pdf,si
Griego II,2021,Extraordinaria,Canarias,https://www.gobiernodecanarias.org/cmsgob1/export/sites/educacion/web/bachillerato/_galerias/descargas/ebau-21/examenes-ebau-julio-2021/examen-griego-ebau-julio-21.pdf,si
Griego II,2021,Extraordinaria,Canarias,https://www.gobiernodecanarias.org/cmsgob1/export/sites/educacion/web/bachillerato/_galerias/descargas/ebau-21/examenes-ebau-julio-2021/crietrios-correccion-griego-ebau-julio-21.pdf,si
Griego II,2021,Ordinaria,Canarias,https://www.gobiernodecanarias.org/cmsgob1/export/sites/educacion/web/bachillerato/_galerias/descargas/ebau-21/examenes-ebau-junio-2021/examen-ebau-griego-junio-21.pdf,si
Griego II,2021,Ordinaria,Canarias,https://www.gobiernodecanarias.org/cmsgob1/export/sites/educacion/web/bachillerato/_galerias/descargas/ebau-21/examenes-ebau-junio-2021/criterios-correccion-ebau-griego-junio-21.pdf,si
Griego II,2022,Extraordinaria,Canarias,https://www.gobiernodecanarias.org/cmsgob1/export/sites/educacion/web/bachillerato/_galerias/descargas/ebau-22/examenes-ebau-julio-2022/examen-griego-ebau-julio-22.pdf,si
Griego II,2022,Extraordinaria,Canarias,https://www.gobiernodecanarias.org/cmsgob1/export/sites/educacion/web/bachillerato/_galerias/descargas/ebau-22/examenes-ebau-julio-2022/criterios-correccion-grie-ebau-julio-22.pdf,si
Griego II,2022,Ordinaria,Canarias,https://www.gobiernodecanarias.org/cmsgob1/export/sites/educacion/web/bachillerato/_galerias/descargas/ebau-22/examenes-ebau-junio-2022/examen-griego-ebau-junio-22.pdf,si
Griego II,2022,Ordinaria,Canarias,https://www.gobiernodecanarias.org/cmsgob1/export/sites/educacion/web/bachillerato/_galerias/descargas/ebau-22/examenes-ebau-junio-2022/criterios-correccion-griego-ebau-junio-22.pdf,si
Griego II,2023,Extraordinaria,Canarias,https://www.gobiernodecanarias.org/cmsgob1/export/sites/educacion/web/bachillerato/_galerias/descargas/ebau-23/examenes-ebau-julio-2023/examen-griego-ebau-julio-23.pdf,si
Griego II,2023,Ordinaria,Canarias,https://www.gobiernodecanarias.org/cmsgob1/export/sites/educacion/web/bachillerato/_galerias/descargas/ebau-23/examenes-ebau-junio-2023/examen-griego-ii-ebau-junio.pdf,si
Griego II,2023,Ordinaria,Canarias,https://www.gobiernodecanarias.org/cmsgob1/export/sites/educacion/web/bachillerato/_galerias/descargas/ebau-23/examenes-ebau-junio-2023/criterios-griego-ebau-junio.pdf,si
Griego II,2024,Extraordinaria,Canarias,https://www.gobiernodecanarias.org/cmsgob1/export/sites/educacion/web/bachillerato/_galerias/descargas/pau-2024/examenes-pau-julio-2024/examen-griego-ebau-julio-24.pdf,si
Griego II,2024,Extraordinaria,Canarias,https://www.gobiernodecanarias.org/cmsgob1/export/sites/educacion/web/bachillerato/_galerias/descargas/pau-2024/examenes-pau-julio-2024/criterios-griego-ii-ebau-julio-24.pdf,si
Griego II,2024,Ordinaria,Canarias,https://www.gobiernodecanarias.org/cmsgob1/export/sites/educacion/web/bachillerato/_galerias/descargas/pau-2024/examenes-pau-junio/examen-griego-ii-pau-junio-24.pdf,si
Griego II,2024,Ordinaria,Canarias,https://www.gobiernodecanarias.org/cmsgob1/export/sites/educacion/web/bachillerato/_galerias/descargas/pau-2024/examenes-pau-junio/criterios_de_correccion_griego-ii-pau-junio-24-p2-6-junio.pdf,si
Griego II,2025,Extraordinaria,Canarias,https://www.gobiernodecanarias.org/cmsgob1/export/sites/educacion/web/bachillerato/_galerias/descargas/pau-2025/examenes-pau-julio-2025/examen-griego-pau-julio-25.pdf,si
Griego II,2025,Extraordinaria,Canarias,https://www.gobiernodecanarias.org/cmsgob1/export/sites/educacion/web/bachillerato/_galerias/descargas/pau-2025/examenes-pau-julio-2025/criterios-de-correcion-griego-pau-julio-25.pdf,si
Griego II,2025,Ordinaria,Canarias,https://www.gobiernodecanarias.org/cmsgob1/export/sites/educacion/web/bachillerato/_galerias/descargas/pau-2025/examenes-PAU-junio-2025/examen-griego-ii-pau-junio-25.pdf,si
Griego II,2025,Ordinaria,Canarias,https://www.gobiernodecanarias.org/cmsgob1/export/sites/educacion/web/bachillerato/_galerias/descargas/pau-2025/examenes-PAU-junio-2025/criterios-correccion-griego-ii-pau-junio-25.pdf,si
Historia de España,2019,Ordinaria,Canarias,https://www.gobiernodecanarias.org/cmsgob1/export/sites/educacion/web/bachillerato/_galerias/descargas/ebau-19/historia_espana_julio_19_2.pdf,si
Historia de España,2019,Ordinaria,Canarias,https://www.gobiernodecanarias.org/cmsgob1/export/sites/educacion/web/bachillerato/_galerias/descargas/ebau-19/criterios_historia_espana_julio_19_2.pdf,si
Historia de España,2019,Ordinaria,Canarias,https://www.gobiernodecanarias.org/cmsgob1/export/sites/educacion/web/bachillerato/_galerias/descargas/ebau-19/historia_filosofia_julio_2019.pdf,si
Historia de España,2019,Ordinaria,Canarias,https://www.gobiernodecanarias.org/cmsgob1/export/sites/educacion/web/bachillerato/_galerias/descargas/ebau-19/criterios_historia_filosofia_2019.pdf,si
Historia de España,2019,Ordinaria,Canarias,https://www.gobiernodecanarias.org/cmsgob1/export/sites/educacion/web/bachillerato/_galerias/descargas/ebau-19/examen_ebau_historia_arte_julio_19.pdf,si
Historia de España,2019,Ordinaria,Canarias,https://www.gobiernodecanarias.org/cmsgob1/export/sites/educacion/web/bachillerato/_galerias/descargas/ebau-19/criterios_historia_arte_ebau_julio_19.pdf,si
Historia de España,2020,Extraordinaria,Canarias,https://www.gobiernodecanarias.org/cmsgob1/export/sites/educacion/web/bachillerato/_galerias/descargas/ebau_20/examenes-ebau-septiembre-2020/historia-espana-ebau-sep-2020.pdf,si
Historia de España,2020,Extraordinaria,Canarias,https://www.gobiernodecanarias.org/cmsgob1/export/sites/educacion/web/bachillerato/_galerias/descargas/ebau_20/examenes-ebau-septiembre-2020/criterios-historia-espana-sept-2020.pdf,si
Historia de España,2020,Extraordinaria,Canarias,https://www.gobiernodecanarias.org/cmsgob1/export/sites/educacion/web/bachillerato/_galerias/descargas/ebau_20/examenes-ebau-septiembre-2020/historia-fiolosofia-ebau-2020.pdf,si
Historia de España,2020,Extraordinaria,Canarias,https://www.gobiernodecanarias.org/cmsgob1/export/sites/educacion/web/bachillerato/_galerias/descargas/ebau_20/examenes-ebau-septiembre-2020/criterios-historia-fiolosofia-ebau-2020.pdf,si
Historia de España,2020,Extraordinaria,Canarias,https://www.gobiernodecanarias.org/cmsgob1/export/sites/educacion/web/bachillerato/_galerias/descargas/ebau_20/examenes-ebau-septiembre-2020/historia-arte-ebau-sep-2020.pdf,si
Historia de España,2020,Extraordinaria,Canarias,https://www.gobiernodecanarias.org/cmsgob1/export/sites/educacion/web/bachillerato/_galerias/descargas/ebau_20/examenes-ebau-septiembre-2020/criterios-historia-arte-ebau-sep-2020.pdf,si
Historia de España,2021,Extraordinaria,Canarias,https://www.gobiernodecanarias.org/cmsgob1/export/sites/educacion/web/bachillerato/_galerias/descargas/ebau-21/examenes-ebau-julio-2021/examen-historia-de-espana-ebau-julio-21.pdf,si
Historia de España,2021,Extraordinaria,Canarias,https://www.gobiernodecanarias.org/cmsgob1/export/sites/educacion/web/bachillerato/_galerias/descargas/ebau-21/examenes-ebau-julio-2021/criterios-correccion-historia-de-espana-ebau-julio-21.pdf,si
Historia de España,2021,Extraordinaria,Canarias,https://www.gobiernodecanarias.org/cmsgob1/export/sites/educacion/web/bachillerato/_galerias/descargas/ebau-21/examenes-ebau-julio-2021/examen-histroia-filosofia-ebau-julio-21.pdf,si
Historia de España,2021,Extraordinaria,Canarias,https://www.gobiernodecanarias.org/cmsgob1/export/sites/educacion/web/bachillerato/_galerias/descargas/ebau-21/examenes-ebau-julio-2021/criterios-correccion-historia-filosofia-ebau-21-a.pdf,si
Historia de España,2021,Extraordinaria,Canarias,https://www.gobiernodecanarias.org/cmsgob1/export/sites/educacion/web/bachillerato/_galerias/descargas/ebau-21/examenes-ebau-julio-2021/criterios-correccion-historia-del-arte-ebau-julio-21.pdf,si
Historia de España,2021,Ordinaria,Canarias,https://www.gobiernodecanarias.org/cmsgob1/export/sites/educacion/web/bachillerato/_galerias/descargas/ebau-21/examenes-ebau-junio-2021/examen-ebau-hisoria-espana-ciencias-junio-21.pdf,si
Historia de España,2021,Ordinaria,Canarias,https://www.gobiernodecanarias.org/cmsgob1/export/sites/educacion/web/bachillerato/_galerias/descargas/ebau-21/examenes-ebau-junio-2021/examen-ebau-historia-espana-humanidades-junio-21.pdf,si
Historia de España,2021,Ordinaria,Canarias,https://www.gobiernodecanarias.org/cmsgob1/export/sites/educacion/web/bachillerato/_galerias/descargas/ebau-21/examenes-ebau-junio-2021/criterios-de-correccion-comunes-ebau-historia-espana-junio-21.pdf,si
Historia de España,2021,Ordinaria,Canarias,https://www.gobiernodecanarias.org/cmsgob1/export/sites/educacion/web/bachillerato/_galerias/descargas/ebau-21/examenes-ebau-junio-2021/examen-ebau-historia-de-la-filosofia-junio-21.pdf,si
Historia de España,2021,Ordinaria,Canarias,https://www.gobiernodecanarias.org/cmsgob1/export/sites/educacion/web/bachillerato/_galerias/descargas/ebau-21/examenes-ebau-junio-2021/criterios-correccion-ebau-historia-filosofia-junio-21.pdf,si
Historia de España,2021,Ordinaria,Canarias,https://www.gobiernodecanarias.org/cmsgob1/export/sites/educacion/web/bachillerato/_galerias/descargas/ebau-21/examenes-ebau-junio-2021/examen-ebau-historia-del-arte-junio-21.pdf,si
Historia de España,2021,Ordinaria,Canarias,https://www.gobiernodecanarias.org/cmsgob1/export/sites/educacion/web/bachillerato/_galerias/descargas/ebau-21/examenes-ebau-junio-2021/criterios-correccion-ebau-historia-del-arte-junio-21.pdf,si
Historia de España,2022,Extraordinaria,Canarias,https://www.gobiernodecanarias.org/cmsgob1/export/sites/educacion/web/bachillerato/_galerias/descargas/ebau-22/examenes-ebau-julio-2022/examen-historia-de-espana-ebau-julio-22.pdf,si
Historia de España,2022,Extraordinaria,Canarias,https://www.gobiernodecanarias.org/cmsgob1/export/sites/educacion/web/bachillerato/_galerias/descargas/ebau-22/examenes-ebau-julio-2022/criterios-correccion-historia-de-espana-ebau-julio-22.pdf,si
Historia de España,2022,Extraordinaria,Canarias,https://www.gobiernodecanarias.org/cmsgob1/export/sites/educacion/web/bachillerato/_galerias/descargas/ebau-22/examenes-ebau-julio-2022/examen-historia-filosofia-ebau-julio-22.pdf,si
Historia de España,2022,Extraordinaria,Canarias,https://www.gobiernodecanarias.org/cmsgob1/export/sites/educacion/web/bachillerato/_galerias/descargas/ebau-22/examenes-ebau-julio-2022/criterios-historia-filosofia-ebau-julio-22.pdf,si
Historia de España,2022,Extraordinaria,Canarias,https://www.gobiernodecanarias.org/cmsgob1/export/sites/educacion/web/bachillerato/_galerias/descargas/ebau-22/examenes-ebau-julio-2022/examen-historia-del-arte-ebau-julio-22.pdf,si
Historia de España,2022,Extraordinaria,Canarias,https://www.gobiernodecanarias.org/cmsgob1/export/sites/educacion/web/bachillerato/_galerias/descargas/ebau-22/examenes-ebau-julio-2022/criterios-correccion-historia-del-arte-ebau-julio-22.pdf,si
Historia de España,2022,Ordinaria,Canarias,https://www.gobiernodecanarias.org/cmsgob1/export/sites/educacion/web/bachillerato/_galerias/descargas/ebau-22/examenes-ebau-junio-2022/examen-historia-de-espana-ciencias-ebau-junio-22.pdf,si
Historia de España,2022,Ordinaria,Canarias,https://www.gobiernodecanarias.org/cmsgob1/export/sites/educacion/web/bachillerato/_galerias/descargas/ebau-22/examenes-ebau-junio-2022/examen-historia-de-espana-humanidades-ebau-junio-2022.pdf,si
Historia de España,2022,Ordinaria,Canarias,https://www.gobiernodecanarias.org/cmsgob1/export/sites/educacion/web/bachillerato/_galerias/descargas/ebau-22/examenes-ebau-junio-2022/criterios-correccion-historia-de-espana-ciencias-ebau-junio-22.pdf,si
Historia de España,2022,Ordinaria,Canarias,https://www.gobiernodecanarias.org/cmsgob1/export/sites/educacion/web/bachillerato/_galerias/descargas/ebau-22/examenes-ebau-junio-2022/examen-historia-filososofia-junio-22.pdf,si
Historia de España,2022,Ordinaria,Canarias,https://www.gobiernodecanarias.org/cmsgob1/export/sites/educacion/web/bachillerato/_galerias/descargas/ebau-22/examenes-ebau-junio-2022/criterios-correccion-historia-filosofia-ebau-junio-22.pdf,si
Historia de España,2022,Ordinaria,Canarias,https://www.gobiernodecanarias.org/cmsgob1/export/sites/educacion/web/bachillerato/_galerias/descargas/ebau-22/examenes-ebau-junio-2022/examen-historia-del-arte-ebau-junio-22.pdf,si
Historia de España,2022,Ordinaria,Canarias,https://www.gobiernodecanarias.org/cmsgob1/export/sites/educacion/web/bachillerato/_galerias/descargas/ebau-22/examenes-ebau-junio-2022/criterios-correccion-historia-del-arte-ebau-junio-22.pdf,si
Historia de España,2023,Extraordinaria,Canarias,https://www.gobiernodecanarias.org/cmsgob1/export/sites/educacion/web/bachillerato/_galerias/descargas/ebau-23/examenes-ebau-julio-2023/examen-historia-espana-ebau-julio-23.pdf,si
Historia de España,2023,Extraordinaria,Canarias,https://www.gobiernodecanarias.org/cmsgob1/export/sites/educacion/web/bachillerato/_galerias/descargas/ebau-23/examenes-ebau-julio-2023/criterios-correccion-historia-espana-ebau-julio-23.pdf,si
Historia de España,2023,Extraordinaria,Canarias,https://www.gobiernodecanarias.org/cmsgob1/export/sites/educacion/web/bachillerato/_galerias/descargas/ebau-23/examenes-ebau-julio-2023/examen-historia-filosofia-ebau-julio-23.pdf,si
Historia de España,2023,Extraordinaria,Canarias,https://www.gobiernodecanarias.org/cmsgob1/export/sites/educacion/web/bachillerato/_galerias/descargas/ebau-23/examenes-ebau-julio-2023/criterios-correccion-historia-de-la-filosofia-ebau-julio-23.pdf,si
Historia de España,2023,Extraordinaria,Canarias,https://www.gobiernodecanarias.org/cmsgob1/export/sites/educacion/web/bachillerato/_galerias/descargas/ebau-23/examenes-ebau-julio-2023/examen-historia-del-arte-ebau-julio.23.pdf,si
Historia de España,2023,Ordinaria,Canarias,https://www.gobiernodecanarias.org/cmsgob1/export/sites/educacion/web/bachillerato/_galerias/descargas/ebau-23/examenes-ebau-junio-2023/examen-historia-ciencias-ebau-junio.pdf,si
Historia de España,2023,Ordinaria,Canarias,https://www.gobiernodecanarias.org/cmsgob1/export/sites/educacion/web/bachillerato/_galerias/descargas/ebau-23/examenes-ebau-junio-2023/examen-historia-de-espana-humanidades-ebau-junio.pdf,si
Historia de España,2023,Ordinaria,Canarias,https://www.gobiernodecanarias.org/cmsgob1/export/sites/educacion/web/bachillerato/_galerias/descargas/ebau-23/examenes-ebau-junio-2023/criterios-historia-ciencias-ebau-junio.pdf,si
Historia de España,2023,Ordinaria,Canarias,https://www.gobiernodecanarias.org/cmsgob1/export/sites/educacion/web/bachillerato/_galerias/descargas/ebau-23/examenes-ebau-junio-2023/criterios-historia-de-espana-humanidades-ebau-junio.pdf,si
Historia de España,2023,Ordinaria,Canarias,https://www.gobiernodecanarias.org/cmsgob1/export/sites/educacion/web/bachillerato/_galerias/descargas/ebau-23/examenes-ebau-junio-2023/examen-historia-de-la-filosofia-ebau-junio-23.pdf,si
Historia de España,2023,Ordinaria,Canarias,https://www.gobiernodecanarias.org/cmsgob1/export/sites/educacion/web/bachillerato/_galerias/descargas/ebau-23/examenes-ebau-junio-2023/criterios-historia-filosofia-ebau-junio.pdf,si
Historia de España,2023,Ordinaria,Canarias,https://www.gobiernodecanarias.org/cmsgob1/export/sites/educacion/web/bachillerato/_galerias/descargas/ebau-23/examenes-ebau-junio-2023/examen-historia.arte-ebau-junio.pdf,si
Historia de España,2024,Extraordinaria,Canarias,https://www.gobiernodecanarias.org/cmsgob1/export/sites/educacion/web/bachillerato/_galerias/descargas/pau-2024/examenes-pau-julio-2024/examen-historia-de-espana-pau-julio-24.pdf,si
Historia de España,2024,Extraordinaria,Canarias,https://www.gobiernodecanarias.org/cmsgob1/export/sites/educacion/web/bachillerato/_galerias/descargas/pau-2024/examenes-pau-julio-2024/criterios-correccion-historia-de-espana-pau-julio-24.pdf,si
Historia de España,2024,Extraordinaria,Canarias,https://www.gobiernodecanarias.org/cmsgob1/export/sites/educacion/web/bachillerato/_galerias/descargas/pau-2024/examenes-pau-julio-2024/examen-historia-de-la-filosofia-pau-julio-24.pdf,si
Historia de España,2024,Extraordinaria,Canarias,https://www.gobiernodecanarias.org/cmsgob1/export/sites/educacion/web/bachillerato/_galerias/descargas/pau-2024/examenes-pau-julio-2024/criterios-correccion-historia-de-filosofia-pau-julio-24.pdf,si
Historia de España,2024,Extraordinaria,Canarias,https://www.gobiernodecanarias.org/cmsgob1/export/sites/educacion/web/bachillerato/_galerias/descargas/pau-2024/examenes-pau-julio-2024/examen-historia-musica-danza-pau-julio-24.pdf,si
Historia de España,2024,Extraordinaria,Canarias,https://www.gobiernodecanarias.org/cmsgob1/export/sites/educacion/web/bachillerato/_galerias/descargas/pau-2024/examenes-pau-julio-2024/examen-historia-del-arte-ebau-julio-24.pdf,si
Historia de España,2024,Extraordinaria,Canarias,https://www.gobiernodecanarias.org/cmsgob1/export/sites/educacion/web/bachillerato/_galerias/descargas/pau-2024/examenes-pau-julio-2024/criterios-correccion-historia-arte-ebau-julio-24.pdf,si
Historia de España,2024,Ordinaria,Canarias,https://www.gobiernodecanarias.org/cmsgob1/export/sites/educacion/web/bachillerato/_galerias/descargas/pau-2024/examenes-pau-junio/examen_historia_espana_ciencias__pau_2024.pdf,si
Historia de España,2024,Ordinaria,Canarias,https://www.gobiernodecanarias.org/cmsgob1/export/sites/educacion/web/bachillerato/_galerias/descargas/pau-2024/examenes-pau-junio/examen_historia_espana_pau_2024.pdf,si
Historia de España,2024,Ordinaria,Canarias,https://www.gobiernodecanarias.org/cmsgob1/export/sites/educacion/web/bachillerato/_galerias/descargas/pau-2024/examenes-pau-junio/criterios-correccion-historia-espana-pau-junio-24.pdf,si
Historia de España,2024,Ordinaria,Canarias,https://www.gobiernodecanarias.org/cmsgob1/export/sites/educacion/web/bachillerato/_galerias/descargas/pau-2024/examenes-pau-junio/examen-historia-de-la-filosofia-pau-junio-24.pdf,si
Historia de España,2024,Ordinaria,Canarias,https://www.gobiernodecanarias.org/cmsgob1/export/sites/educacion/web/bachillerato/_galerias/descargas/pau-2024/examenes-pau-junio/examen-historia-filosofia-pau-junio-24.pdf,si
Historia de España,2024,Ordinaria,Canarias,https://www.gobiernodecanarias.org/cmsgob1/export/sites/educacion/web/bachillerato/_galerias/descargas/pau-2024/examenes-pau-junio/criterios-correccion-historia-filosofia-pau-junio-24.pdf,si
Historia de España,2024,Ordinaria,Canarias,https://www.gobiernodecanarias.org/cmsgob1/export/sites/educacion/web/bachillerato/_galerias/descargas/pau-2024/examenes-pau-junio/20240607_examen_historia_musica_danza_pau_junio_2024.pdf,si
Historia de España,2024,Ordinaria,Canarias,https://www.gobiernodecanarias.org/cmsgob1/export/sites/educacion/web/bachillerato/_galerias/descargas/pau-2024/examenes-pau-junio/criterios-correccion-historia-de-la-musica-y-danza-pau-junio-2024.pdf,si
Historia de España,2024,Ordinaria,Canarias,https://www.gobiernodecanarias.org/cmsgob1/export/sites/educacion/web/bachillerato/_galerias/descargas/pau-2024/examenes-pau-junio/examen-historia-del-arte-pau-junio-24.pdf,si
Historia de España,2024,Ordinaria,Canarias,https://www.gobiernodecanarias.org/cmsgob1/export/sites/educacion/web/bachillerato/_galerias/descargas/pau-2024/examenes-pau-junio/criterios_de_correccion_historia-del-arte-pau-junio-24-p2-6-junio.pdf,si
Historia de España,2025,Extraordinaria,Canarias,https://www.gobiernodecanarias.org/cmsgob1/export/sites/educacion/web/bachillerato/_galerias/descargas/pau-2025/examenes-pau-julio-2025/examen-historia-de-espana-pau-julio-25.pdf,si
Historia de España,2025,Extraordinaria,Canarias,https://www.gobiernodecanarias.org/cmsgob1/export/sites/educacion/web/bachillerato/_galerias/descargas/pau-2025/examenes-pau-julio-2025/criterios-de-correcion-historia-espana-pau-julio-25.pdf,si
Historia de España,2025,Extraordinaria,Canarias,https://www.gobiernodecanarias.org/cmsgob1/export/sites/educacion/web/bachillerato/_galerias/descargas/pau-2025/examenes-pau-julio-2025/examen-reserva-historia-espana-pau-julio-25.pdf,si
Historia de España,2025,Extraordinaria,Canarias,https://www.gobiernodecanarias.org/cmsgob1/export/sites/educacion/web/bachillerato/_galerias/descargas/pau-2025/examenes-pau-julio-2025/criterios-correccion-reserva-historia-espana-pau-julio-25.pdf,si
Historia de España,2025,Extraordinaria,Canarias,https://www.gobiernodecanarias.org/cmsgob1/export/sites/educacion/web/bachillerato/_galerias/descargas/pau-2025/examenes-pau-julio-2025/examen-historia-de-la-filosofia-pau-julio-25.pdf,si
Historia de España,2025,Extraordinaria,Canarias,https://www.gobiernodecanarias.org/cmsgob1/export/sites/educacion/web/bachillerato/_galerias/descargas/pau-2025/examenes-pau-julio-2025/examen-reserva-historia-filosofia-pau-julio-25.pdf,si
Historia de España,2025,Extraordinaria,Canarias,https://www.gobiernodecanarias.org/cmsgob1/export/sites/educacion/web/bachillerato/_galerias/descargas/pau-2025/examenes-pau-julio-2025/criterios-de-correcion-historia-filosofia-pau-julio-25.pdf,si
Historia de España,2025,Extraordinaria,Canarias,https://www.gobiernodecanarias.org/cmsgob1/export/sites/educacion/web/bachillerato/_galerias/descargas/pau-2025/examenes-pau-julio-2025/criterios-de-correcion-generales-historia-filosofia-pau-julio-25.pdf,si
Historia de España,2025,Extraordinaria,Canarias,https://www.gobiernodecanarias.org/cmsgob1/export/sites/educacion/web/bachillerato/_galerias/descargas/pau-2025/examenes-pau-julio-2025/criterios-correccion-generales-reserva-historia-filosofia-pau-julio-25.pdf,si
Historia de España,2025,Extraordinaria,Canarias,https://www.gobiernodecanarias.org/cmsgob1/export/sites/educacion/web/bachillerato/_galerias/descargas/pau-2025/examenes-pau-julio-2025/criterios-correccion-especificos-reserva-historia-filosofia-pau-julio-25.pdf,si
Historia de España,2025,Extraordinaria,Canarias,https://www.gobiernodecanarias.org/cmsgob1/export/sites/educacion/web/bachillerato/_galerias/descargas/pau-2025/examenes-pau-julio-2025/examen-historia-musica-danza-pau-julio-25.pdf,si
Historia de España,2025,Extraordinaria,Canarias,https://www.gobiernodecanarias.org/cmsgob1/export/sites/educacion/web/bachillerato/_galerias/descargas/pau-2025/examenes-pau-julio-2025/criterios-correccion-historia-musica-danza-pau-julio-25.pdf,si
Historia de España,2025,Extraordinaria,Canarias,https://www.gobiernodecanarias.org/cmsgob1/export/sites/educacion/web/bachillerato/_galerias/descargas/pau-2025/examenes-pau-julio-2025/examen-historia-arte-pau-julio-25.pdf,si
Historia de España,2025,Extraordinaria,Canarias,https://www.gobiernodecanarias.org/cmsgob1/export/sites/educacion/web/bachillerato/_galerias/descargas/pau-2025/examenes-pau-julio-2025/criterios-correccion-historia-arte-pau-julio-25.pdf,si
Historia de España,2025,Ordinaria,Canarias,https://www.gobiernodecanarias.org/cmsgob1/export/sites/educacion/web/bachillerato/_galerias/descargas/pau-2025/examenes-PAU-junio-2025/examen-historia-espana-ciencias-pau-junio-25.pdf,si
Historia de España,2025,Ordinaria,Canarias,https://www.gobiernodecanarias.org/cmsgob1/export/sites/educacion/web/bachillerato/_galerias/descargas/pau-2025/examenes-PAU-junio-2025/examen-historia-espana-hccss-pau-junio-25.pdf,si
Historia de España,2025,Ordinaria,Canarias,https://www.gobiernodecanarias.org/cmsgob1/export/sites/educacion/web/bachillerato/_galerias/descargas/pau-2025/examenes-PAU-junio-2025/criterios-correccion-historia-espana-pau-junio-25.pdf,si
Historia de España,2025,Ordinaria,Canarias,https://www.gobiernodecanarias.org/cmsgob1/export/sites/educacion/web/bachillerato/_galerias/descargas/pau-2025/examenes-PAU-junio-2025/examen-historia-filosofia-ciencias-pau-junio-25.pdf,si
Historia de España,2025,Ordinaria,Canarias,https://www.gobiernodecanarias.org/cmsgob1/export/sites/educacion/web/bachillerato/_galerias/descargas/pau-2025/examenes-PAU-junio-2025/examen-historia-filosofia-hccss-pau-junio-25.pdf,si
Historia de España,2025,Ordinaria,Canarias,https://www.gobiernodecanarias.org/cmsgob1/export/sites/educacion/web/bachillerato/_galerias/descargas/pau-2025/examenes-PAU-junio-2025/criterios-correccion-historia-de-la-filosofia-pau-junio-25.pdf,si
Historia de España,2025,Ordinaria,Canarias,https://www.gobiernodecanarias.org/cmsgob1/export/sites/educacion/web/bachillerato/_galerias/descargas/pau-2025/examenes-PAU-junio-2025/examen-historia-musica-danza-pau-junio-25.pdf,si
Historia de España,2025,Ordinaria,Canarias,https://www.gobiernodecanarias.org/cmsgob1/export/sites/educacion/web/bachillerato/_galerias/descargas/pau-2025/examenes-PAU-junio-2025/criterios-correccion-historia-musica-danza-pau-junio-25.pdf,si
Historia de España,2025,Ordinaria,Canarias,https://www.gobiernodecanarias.org/cmsgob1/export/sites/educacion/web/bachillerato/_galerias/descargas/pau-2025/examenes-PAU-junio-2025/examen-historia-arte-pau-junio-25.pdf,si
Historia de España,2025,Ordinaria,Canarias,https://www.gobiernodecanarias.org/cmsgob1/export/sites/educacion/web/bachillerato/_galerias/descargas/pau-2025/examenes-PAU-junio-2025/criterios-correccion-historia-de-arte-pau-junio-25.pdf,si
Inglés,2019,Ordinaria,Canarias,https://www.gobiernodecanarias.org/cmsgob1/export/sites/educacion/web/bachillerato/_galerias/descargas/ebau-19/criterios_ingles_julio_19.pdf,si
Inglés,2021,Extraordinaria,Canarias,https://www.gobiernodecanarias.org/cmsgob1/export/sites/educacion/web/bachillerato/_galerias/descargas/ebau-21/examenes-ebau-julio-2021/criterios-de-correccion-ingles-ebua-julio-21.pdf,si
Inglés,2021,Ordinaria,Canarias,https://www.gobiernodecanarias.org/cmsgob1/export/sites/educacion/web/bachillerato/_galerias/descargas/ebau-21/examenes-ebau-junio-2021/criterios-correccion-ebau-ingles-ciencias-junio-21.pdf,si
Inglés,2022,Ordinaria,Canarias,https://www.gobiernodecanarias.org/cmsgob1/export/sites/educacion/web/bachillerato/_galerias/descargas/ebau-22/examenes-ebau-junio-2022/criterios-correccion-ingles-ebau-junio-22.pdf,si
Inglés,2023,Extraordinaria,Canarias,https://www.gobiernodecanarias.org/cmsgob1/export/sites/educacion/web/bachillerato/_galerias/descargas/ebau-23/examenes-ebau-julio-2023/criterios-correccion-ingles-ebau-23.pdf,si
Inglés,2024,Extraordinaria,Canarias,https://www.gobiernodecanarias.org/cmsgob1/export/sites/educacion/web/bachillerato/_galerias/descargas/pau-2024/examenes-pau-julio-2024/criterios-correccion-ingles-pau-julio-24.pdf,si
Inglés,2025,Extraordinaria,Canarias,https://www.gobiernodecanarias.org/cmsgob1/export/sites/educacion/web/bachillerato/_galerias/descargas/pau-2025/examenes-pau-julio-2025/criterios-de-correcion-ingles-pau-julio-25.pdf,si
Inglés,2025,Extraordinaria,Canarias,https://www.gobiernodecanarias.org/cmsgob1/export/sites/educacion/web/bachillerato/_galerias/descargas/pau-2025/examenes-pau-julio-2025/criterios-correccion-reserva-ingles-pau-julio-25.pdf,si
Inglés,2025,Ordinaria,Canarias,https://www.gobiernodecanarias.org/cmsgob1/export/sites/educacion/web/bachillerato/_galerias/descargas/pau-2025/examenes-PAU-junio-2025/criterios-correccion-ingles-pau-junio-25.pdf,si
Italiano,2019,Ordinaria,Canarias,https://www.gobiernodecanarias.org/cmsgob1/export/sites/educacion/web/bachillerato/_galerias/descargas/ebau-19/Criterios_Italiano_julio_19.pdf,si
Italiano,2021,Extraordinaria,Canarias,https://www.gobiernodecanarias.org/cmsgob1/export/sites/educacion/web/bachillerato/_galerias/descargas/ebau-21/examenes-ebau-julio-2021/criterios-de-correccion-italiano-ebua-julio-21.pdf,si
Italiano,2021,Ordinaria,Canarias,https://www.gobiernodecanarias.org/cmsgob1/export/sites/educacion/web/bachillerato/_galerias/descargas/ebau-21/examenes-ebau-junio-2021/criterios-correccion-italiano-2021.pdf,si
Italiano,2022,Extraordinaria,Canarias,https://www.gobiernodecanarias.org/cmsgob1/export/sites/educacion/web/bachillerato/_galerias/descargas/ebau-22/examenes-ebau-julio-2022/criterios-de-correccion-italiano-julio-22.pdf,si
Italiano,2022,Ordinaria,Canarias,https://www.gobiernodecanarias.org/cmsgob1/export/sites/educacion/web/bachillerato/_galerias/descargas/ebau-22/examenes-ebau-junio-2022/estructura-criterios-correccion-italiano-ebau-junio-2022.pdf,si
Italiano,2023,Extraordinaria,Canarias,https://www.gobiernodecanarias.org/cmsgob1/export/sites/educacion/web/bachillerato/_galerias/descargas/ebau-23/examenes-ebau-julio-2023/criterios-correccion-italiano-ebau-23.pdf,si
Italiano,2023,Ordinaria,Canarias,https://www.gobiernodecanarias.org/cmsgob1/export/sites/educacion/web/bachillerato/_galerias/descargas/ebau-23/examenes-ebau-junio-2023/criterios-italiano-ciencias-ebau-junio.pdf,si
Italiano,2023,Ordinaria,Canarias,https://www.gobiernodecanarias.org/cmsgob1/export/sites/educacion/web/bachillerato/_galerias/descargas/ebau-23/examenes-ebau-junio-2023/criterios-italiano-humanidades-ebau-junio.pdf,si
Italiano,2024,Ordinaria,Canarias,https://www.gobiernodecanarias.org/cmsgob1/export/sites/educacion/web/bachillerato/_galerias/descargas/pau-2024/examenes-pau-junio/criterios-correccion-italiano-pau-junio-24.pdf,si
Italiano,2025,Extraordinaria,Canarias,https://www.gobiernodecanarias.org/cmsgob1/export/sites/educacion/web/bachillerato/_galerias/descargas/pau-2025/examenes-pau-julio-2025/criterios-de-correcion-italiano-pau-julio-25.pdf,si
Italiano,2025,Extraordinaria,Canarias,https://www.gobiernodecanarias.org/cmsgob1/export/sites/educacion/web/bachillerato/_galerias/descargas/pau-2025/examenes-pau-julio-2025/criterios-correccion-reserva-italiano-pau-julio-25.pdf,si
Italiano,2025,Ordinaria,Canarias,https://www.gobiernodecanarias.org/cmsgob1/export/sites/educacion/web/bachillerato/_galerias/descargas/pau-2025/examenes-PAU-junio-2025/criterios-correccion-italiano-pau-junio-25.pdf,si
Latín II,2019,Ordinaria,Canarias,https://www.gobiernodecanarias.org/cmsgob1/export/sites/educacion/web/bachillerato/_galerias/descargas/ebau-19/latin_julio_2019.pdf,si
Latín II,2019,Ordinaria,Canarias,https://www.gobiernodecanarias.org/cmsgob1/export/sites/educacion/web/bachillerato/_galerias/descargas/ebau-19/crtierios_latin_julio_2019.pdf,si
Latín II,2020,Extraordinaria,Canarias,https://www.gobiernodecanarias.org/cmsgob1/export/sites/educacion/web/bachillerato/_galerias/descargas/ebau_20/examenes-ebau-septiembre-2020/latin-ii-ebau-sep-2020.pdf,si
Latín II,2020,Extraordinaria,Canarias,https://www.gobiernodecanarias.org/cmsgob1/export/sites/educacion/web/bachillerato/_galerias/descargas/ebau_20/examenes-ebau-septiembre-2020/criterios-latin-ii-ebau-sep-2020.pdf,si
Latín II,2021,Extraordinaria,Canarias,https://www.gobiernodecanarias.org/cmsgob1/export/sites/educacion/web/bachillerato/_galerias/descargas/ebau-21/examenes-ebau-julio-2021/exemen-latin-ebau-julio-21.pdf,si
Latín II,2021,Extraordinaria,Canarias,https://www.gobiernodecanarias.org/cmsgob1/export/sites/educacion/web/bachillerato/_galerias/descargas/ebau-21/examenes-ebau-julio-2021/criterios-correccion-latin-ebau-julio-2021.pdf,si
Latín II,2021,Ordinaria,Canarias,https://www.gobiernodecanarias.org/cmsgob1/export/sites/educacion/web/bachillerato/_galerias/descargas/ebau-21/examenes-ebau-junio-2021/examen-ebau-latin-junio-21.pdf,si
Latín II,2021,Ordinaria,Canarias,https://www.gobiernodecanarias.org/cmsgob1/export/sites/educacion/web/bachillerato/_galerias/descargas/ebau-21/examenes-ebau-junio-2021/criterios-correccion-ebau-latin-junio-21.pdf,si
Latín II,2022,Extraordinaria,Canarias,https://www.gobiernodecanarias.org/cmsgob1/export/sites/educacion/web/bachillerato/_galerias/descargas/ebau-22/examenes-ebau-julio-2022/examen-latin-ebau-julio-22.pdf,si
Latín II,2022,Extraordinaria,Canarias,https://www.gobiernodecanarias.org/cmsgob1/export/sites/educacion/web/bachillerato/_galerias/descargas/ebau-22/examenes-ebau-julio-2022/criterios-correccion-latin-ii-ebau-julio-22.pdf,si
Latín II,2022,Ordinaria,Canarias,https://www.gobiernodecanarias.org/cmsgob1/export/sites/educacion/web/bachillerato/_galerias/descargas/ebau-22/examenes-ebau-junio-2022/examen-latin-ebau-junio-22.pdf,si
Latín II,2022,Ordinaria,Canarias,https://www.gobiernodecanarias.org/cmsgob1/export/sites/educacion/web/bachillerato/_galerias/descargas/ebau-22/examenes-ebau-junio-2022/criterios-latin-ebau-junio-22.pdf,si
Latín II,2023,Extraordinaria,Canarias,https://www.gobiernodecanarias.org/cmsgob1/export/sites/educacion/web/bachillerato/_galerias/descargas/ebau-23/examenes-ebau-julio-2023/examen-latin-ebau-julio-23.pdf,si
Latín II,2023,Extraordinaria,Canarias,https://www.gobiernodecanarias.org/cmsgob1/export/sites/educacion/web/bachillerato/_galerias/descargas/ebau-23/examenes-ebau-julio-2023/criterios-correccion-latin-ebau-julio-23.pdf,si
Latín II,2023,Ordinaria,Canarias,https://www.gobiernodecanarias.org/cmsgob1/export/sites/educacion/web/bachillerato/_galerias/descargas/ebau-23/examenes-ebau-junio-2023/examen-latin-ii-ebau-junio.pdf,si
Latín II,2023,Ordinaria,Canarias,https://www.gobiernodecanarias.org/cmsgob1/export/sites/educacion/web/bachillerato/_galerias/descargas/ebau-23/examenes-ebau-junio-2023/criterios-latin-ii-ciencias-ebau-junio.pdf,si
Latín II,2024,Extraordinaria,Canarias,https://www.gobiernodecanarias.org/cmsgob1/export/sites/educacion/web/bachillerato/_galerias/descargas/pau-2024/examenes-pau-julio-2024/examen-latin-ii-pau-julio-24.pdf,si
Latín II,2024,Extraordinaria,Canarias,https://www.gobiernodecanarias.org/cmsgob1/export/sites/educacion/web/bachillerato/_galerias/descargas/pau-2024/examenes-pau-julio-2024/criterios-correccion-latin-ii-pau-julio-24.pdf,si
Latín II,2024,Ordinaria,Canarias,https://www.gobiernodecanarias.org/cmsgob1/export/sites/educacion/web/bachillerato/_galerias/descargas/pau-2024/examenes-pau-junio/examen-latin-pau-junio-24.pdf,si
Latín II,2024,Ordinaria,Canarias,https://www.gobiernodecanarias.org/cmsgob1/export/sites/educacion/web/bachillerato/_galerias/descargas/pau-2024/examenes-pau-junio/criterios-correccion-latin-pau-2024-junio.pdf,si
Latín II,2025,Extraordinaria,Canarias,https://www.gobiernodecanarias.org/cmsgob1/export/sites/educacion/web/bachillerato/_galerias/descargas/pau-2025/examenes-pau-julio-2025/examen-latin-pau-julio-25.pdf,si
Latín II,2025,Extraordinaria,Canarias,https://www.gobiernodecanarias.org/cmsgob1/export/sites/educacion/web/bachillerato/_galerias/descargas/pau-2025/examenes-pau-julio-2025/criterios-de-correcion-latin-pau-julio-25.pdf,si
Latín II,2025,Ordinaria,Canarias,https://www.gobiernodecanarias.org/cmsgob1/export/sites/educacion/web/bachillerato/_galerias/descargas/pau-2025/examenes-PAU-junio-2025/examen-latin-ii-pau-junio-25.pdf,si
Latín II,2025,Ordinaria,Canarias,https://www.gobiernodecanarias.org/cmsgob1/export/sites/educacion/web/bachillerato/_galerias/descargas/pau-2025/examenes-PAU-junio-2025/criterios-correccion-latin-ii-pau-junio-25.pdf,si
Lengua Castellana y Literatura,2019,Ordinaria,Canarias,https://www.gobiernodecanarias.org/cmsgob1/export/sites/educacion/web/bachillerato/_galerias/descargas/ebau-19/lcl_ebaul_julio_19.pdf,si
Lengua Castellana y Literatura,2019,Ordinaria,Canarias,https://www.gobiernodecanarias.org/cmsgob1/export/sites/educacion/web/bachillerato/_galerias/descargas/ebau-19/criterios_crit_gen_lcl_julio_19.pdf,si
Lengua Castellana y Literatura,2019,Ordinaria,Canarias,https://www.gobiernodecanarias.org/cmsgob1/export/sites/educacion/web/bachillerato/_galerias/descargas/ebau-19/criterios_crit_esp_lcl_julio_19.pdf,si
Lengua Castellana y Literatura,2019,Ordinaria,Canarias,https://www.gobiernodecanarias.org/cmsgob1/export/sites/educacion/web/bachillerato/_galerias/descargas/ebau-19/ingles_julio_19.pdf,si
Lengua Castellana y Literatura,2019,Ordinaria,Canarias,https://www.gobiernodecanarias.org/cmsgob1/export/sites/educacion/web/bachillerato/_galerias/descargas/ebau-19/frances_julio_19.pdf,si
Lengua Castellana y Literatura,2019,Ordinaria,Canarias,https://www.gobiernodecanarias.org/cmsgob1/export/sites/educacion/web/bachillerato/_galerias/descargas/ebau-19/Italiano_julio_19.pdf,si
Lengua Castellana y Literatura,2019,Ordinaria,Canarias,https://www.gobiernodecanarias.org/cmsgob1/export/sites/educacion/web/bachillerato/_galerias/descargas/ebau-19/aleman_julio_19.pdf,si
Lengua Castellana y Literatura,2020,Extraordinaria,Canarias,https://www.gobiernodecanarias.org/cmsgob1/export/sites/educacion/web/bachillerato/_galerias/descargas/ebau_20/examenes-ebau-septiembre-2020/lcl-ebau-sep-2020.pdf,si
Lengua Castellana y Literatura,2020,Extraordinaria,Canarias,https://www.gobiernodecanarias.org/cmsgob1/export/sites/educacion/web/bachillerato/_galerias/descargas/ebau_20/examenes-ebau-septiembre-2020/criterios-lcl-ebau-sep-2020.pdf,si
Lengua Castellana y Literatura,2020,Extraordinaria,Canarias,https://www.gobiernodecanarias.org/cmsgob1/export/sites/educacion/web/bachillerato/_galerias/descargas/ebau_20/examenes-ebau-septiembre-2020/ingles-ebau-sep-2020.pdf,si
Lengua Castellana y Literatura,2020,Extraordinaria,Canarias,https://www.gobiernodecanarias.org/cmsgob1/export/sites/educacion/web/bachillerato/_galerias/descargas/ebau_20/examenes-ebau-septiembre-2020/criterios-ingles-ebau-sep-2020.pdf,si
Lengua Castellana y Literatura,2020,Extraordinaria,Canarias,https://www.gobiernodecanarias.org/cmsgob1/export/sites/educacion/web/bachillerato/_galerias/descargas/ebau_20/examenes-ebau-septiembre-2020/frances-ebau-sep-2020.pdf,si
Lengua Castellana y Literatura,2020,Extraordinaria,Canarias,https://www.gobiernodecanarias.org/cmsgob1/export/sites/educacion/web/bachillerato/_galerias/descargas/ebau_20/examenes-ebau-septiembre-2020/aleman-ebau-sep-2020.pdf,si
Lengua Castellana y Literatura,2021,Extraordinaria,Canarias,https://www.gobiernodecanarias.org/cmsgob1/export/sites/educacion/web/bachillerato/_galerias/descargas/ebau-21/examenes-ebau-julio-2021/examen-lengua-castellana-literatura-ebau-julio-21.pdf,si
Lengua Castellana y Literatura,2021,Extraordinaria,Canarias,https://www.gobiernodecanarias.org/cmsgob1/export/sites/educacion/web/bachillerato/_galerias/descargas/ebau-21/examenes-ebau-julio-2021/criterios-de-correccion-lengua-castellana-y-literatura-ebua-julio-21.pdf,si
Lengua Castellana y Literatura,2021,Extraordinaria,Canarias,https://www.gobiernodecanarias.org/cmsgob1/export/sites/educacion/web/bachillerato/_galerias/descargas/ebau-21/examenes-ebau-julio-2021/examen-ingles-ebau-julio-21.pdf,si
Lengua Castellana y Literatura,2021,Extraordinaria,Canarias,https://www.gobiernodecanarias.org/cmsgob1/export/sites/educacion/web/bachillerato/_galerias/descargas/ebau-21/examenes-ebau-julio-2021/examen-frances-ebau-julio-21.pdf,si
Lengua Castellana y Literatura,2021,Extraordinaria,Canarias,https://www.gobiernodecanarias.org/cmsgob1/export/sites/educacion/web/bachillerato/_galerias/descargas/ebau-21/examenes-ebau-julio-2021/examen-italiano-ebau-julio-21.pdf,si
Lengua Castellana y Literatura,2021,Extraordinaria,Canarias,https://www.gobiernodecanarias.org/cmsgob1/export/sites/educacion/web/bachillerato/_galerias/descargas/ebau-21/examenes-ebau-julio-2021/examen-aleman-ebau-julio-21.pdf,si
Lengua Castellana y Literatura,2021,Ordinaria,Canarias,https://www.gobiernodecanarias.org/cmsgob1/export/sites/educacion/web/bachillerato/_galerias/descargas/ebau-21/examenes-ebau-junio-2021/examen-ebau-lcl-ciencias-junio-2021.pdf,si
Lengua Castellana y Literatura,2021,Ordinaria,Canarias,https://www.gobiernodecanarias.org/cmsgob1/export/sites/educacion/web/bachillerato/_galerias/descargas/ebau-21/examenes-ebau-junio-2021/examen-ebau-lcl-humanidades-junio-2021.pdf,si
Lengua Castellana y Literatura,2021,Ordinaria,Canarias,https://www.gobiernodecanarias.org/cmsgob1/export/sites/educacion/web/bachillerato/_galerias/descargas/ebau-21/examenes-ebau-junio-2021/Criterios-de-correccion-ebau-lcl-ciencias-junio-21.pdf,si
Lengua Castellana y Literatura,2021,Ordinaria,Canarias,https://www.gobiernodecanarias.org/cmsgob1/export/sites/educacion/web/bachillerato/_galerias/descargas/ebau-21/examenes-ebau-junio-2021/criterios-de-correccion-ebau-lcl-humanidades-junio-21.pdf,si
Lengua Castellana y Literatura,2021,Ordinaria,Canarias,https://www.gobiernodecanarias.org/cmsgob1/export/sites/educacion/web/bachillerato/_galerias/descargas/ebau-21/examenes-ebau-junio-2021/examen-ingles-ciencias-ebau-junio-2021.pdf,si
Lengua Castellana y Literatura,2021,Ordinaria,Canarias,https://www.gobiernodecanarias.org/cmsgob1/export/sites/educacion/web/bachillerato/_galerias/descargas/ebau-21/examenes-ebau-junio-2021/examen-ingles-humanidades-ebau-junio-21.pdf,si
Lengua Castellana y Literatura,2021,Ordinaria,Canarias,https://www.gobiernodecanarias.org/cmsgob1/export/sites/educacion/web/bachillerato/_galerias/descargas/ebau-21/examenes-ebau-junio-2021/examen-frances-ebau-ciencias-junio-21.pdf,si
Lengua Castellana y Literatura,2021,Ordinaria,Canarias,https://www.gobiernodecanarias.org/cmsgob1/export/sites/educacion/web/bachillerato/_galerias/descargas/ebau-21/examenes-ebau-junio-2021/examen-frances-ebau-humanidades-junio-21.pdf,si
Lengua Castellana y Literatura,2021,Ordinaria,Canarias,https://www.gobiernodecanarias.org/cmsgob1/export/sites/educacion/web/bachillerato/_galerias/descargas/ebau-21/examenes-ebau-junio-2021/examen-italiano-ebau-prova-1-la-casa-vorrei-adidas-italiano.pdf,si
Lengua Castellana y Literatura,2021,Ordinaria,Canarias,https://www.gobiernodecanarias.org/cmsgob1/export/sites/educacion/web/bachillerato/_galerias/descargas/ebau-21/examenes-ebau-junio-2021/examen-ebau-italiano-humanidades-junio-21.pdf,si
Lengua Castellana y Literatura,2021,Ordinaria,Canarias,https://www.gobiernodecanarias.org/cmsgob1/export/sites/educacion/web/bachillerato/_galerias/descargas/ebau-21/examenes-ebau-junio-2021/examen-aleman-ebau-ciencias-junio-21.pdf,si
Lengua Castellana y Literatura,2021,Ordinaria,Canarias,https://www.gobiernodecanarias.org/cmsgob1/export/sites/educacion/web/bachillerato/_galerias/descargas/ebau-21/examenes-ebau-junio-2021/examen-aleman-ebau-humanidades-junio-21.pdf,si
Lengua Castellana y Literatura,2022,Extraordinaria,Canarias,https://www.gobiernodecanarias.org/cmsgob1/export/sites/educacion/web/bachillerato/_galerias/descargas/ebau-22/examenes-ebau-julio-2022/examen-lcl-ebau-julio-22.pdf,si
Lengua Castellana y Literatura,2022,Extraordinaria,Canarias,https://www.gobiernodecanarias.org/cmsgob1/export/sites/educacion/web/bachillerato/_galerias/descargas/ebau-22/examenes-ebau-julio-2022/criterios-de-correccion-lcl-julio-22.pdf,si
Lengua Castellana y Literatura,2022,Extraordinaria,Canarias,https://www.gobiernodecanarias.org/cmsgob1/export/sites/educacion/web/bachillerato/_galerias/descargas/ebau-22/examenes-ebau-julio-2022/examen-ingles-ebau-julio-22.pdf,si
Lengua Castellana y Literatura,2022,Extraordinaria,Canarias,https://www.gobiernodecanarias.org/cmsgob1/export/sites/educacion/web/bachillerato/_galerias/descargas/ebau-22/examenes-ebau-julio-2022/examen-frances-ebau-julio-22.pdf,si
Lengua Castellana y Literatura,2022,Extraordinaria,Canarias,https://www.gobiernodecanarias.org/cmsgob1/export/sites/educacion/web/bachillerato/_galerias/descargas/ebau-22/examenes-ebau-julio-2022/examen-italiano-ebau-julio-22.pdf,si
Lengua Castellana y Literatura,2022,Extraordinaria,Canarias,https://www.gobiernodecanarias.org/cmsgob1/export/sites/educacion/web/bachillerato/_galerias/descargas/ebau-22/examenes-ebau-julio-2022/examen-aleman-ebau-julio-22.pdf,si
Lengua Castellana y Literatura,2022,Ordinaria,Canarias,https://www.gobiernodecanarias.org/cmsgob1/export/sites/educacion/web/bachillerato/_galerias/descargas/ebau-22/examenes-ebau-junio-2022/examen-lcl-ciencias-ebau-junio-2022.pdf,si
Lengua Castellana y Literatura,2022,Ordinaria,Canarias,https://www.gobiernodecanarias.org/cmsgob1/export/sites/educacion/web/bachillerato/_galerias/descargas/ebau-22/examenes-ebau-junio-2022/examen-lcl-humanidades-ebau-junio-2022.pdf,si
Lengua Castellana y Literatura,2022,Ordinaria,Canarias,https://www.gobiernodecanarias.org/cmsgob1/export/sites/educacion/web/bachillerato/_galerias/descargas/ebau-22/examenes-ebau-junio-2022/criterios-de-correccion-lcl-ciencias-ebau-junio-2022.pdf,si
Lengua Castellana y Literatura,2022,Ordinaria,Canarias,https://www.gobiernodecanarias.org/cmsgob1/export/sites/educacion/web/bachillerato/_galerias/descargas/ebau-22/examenes-ebau-junio-2022/criterios-correccion-lcl-humanidades-ebau-junio-22.pdf,si
Lengua Castellana y Literatura,2022,Ordinaria,Canarias,https://www.gobiernodecanarias.org/cmsgob1/export/sites/educacion/web/bachillerato/_galerias/descargas/ebau-22/examenes-ebau-junio-2022/examen-ingles-ciencias-ebau-junio-2022.pdf,si
Lengua Castellana y Literatura,2022,Ordinaria,Canarias,https://www.gobiernodecanarias.org/cmsgob1/export/sites/educacion/web/bachillerato/_galerias/descargas/ebau-22/examenes-ebau-junio-2022/examen-ingles-humanidades-ebau-junio-2022.pdf,si
Lengua Castellana y Literatura,2022,Ordinaria,Canarias,https://www.gobiernodecanarias.org/cmsgob1/export/sites/educacion/web/bachillerato/_galerias/descargas/ebau-22/examenes-ebau-junio-2022/examen-frances-ebau-junio-2022.pdf,si
Lengua Castellana y Literatura,2022,Ordinaria,Canarias,https://www.gobiernodecanarias.org/cmsgob1/export/sites/educacion/web/bachillerato/_galerias/descargas/ebau-22/examenes-ebau-junio-2022/examen-frances-humanidades-ebau-junio-2022.pdf,si
Lengua Castellana y Literatura,2022,Ordinaria,Canarias,https://www.gobiernodecanarias.org/cmsgob1/export/sites/educacion/web/bachillerato/_galerias/descargas/ebau-22/examenes-ebau-junio-2022/examen-italiano-ebau-junio-2022.pdf,si
Lengua Castellana y Literatura,2022,Ordinaria,Canarias,https://www.gobiernodecanarias.org/cmsgob1/export/sites/educacion/web/bachillerato/_galerias/descargas/ebau-22/examenes-ebau-junio-2022/examen-italiano-humanidades-ebau-junio-2022.pdf,si
Lengua Castellana y Literatura,2022,Ordinaria,Canarias,https://www.gobiernodecanarias.org/cmsgob1/export/sites/educacion/web/bachillerato/_galerias/descargas/ebau-22/examenes-ebau-junio-2022/examen-aleman-ebau-junio-2022.pdf,si
Lengua Castellana y Literatura,2022,Ordinaria,Canarias,https://www.gobiernodecanarias.org/cmsgob1/export/sites/educacion/web/bachillerato/_galerias/descargas/ebau-22/examenes-ebau-junio-2022/examen-aleman-humanidades-ebau-junio-2022.pdf,si
Lengua Castellana y Literatura,2023,Extraordinaria,Canarias,https://www.gobiernodecanarias.org/cmsgob1/export/sites/educacion/web/bachillerato/_galerias/descargas/ebau-23/examenes-ebau-julio-2023/examen-lengua-ebau-julio-23.pdf,si
Lengua Castellana y Literatura,2023,Extraordinaria,Canarias,https://www.gobiernodecanarias.org/cmsgob1/export/sites/educacion/web/bachillerato/_galerias/descargas/ebau-23/examenes-ebau-julio-2023/criterios-correccion-lengua-ebau-23.pdf,si
Lengua Castellana y Literatura,2023,Extraordinaria,Canarias,https://www.gobiernodecanarias.org/cmsgob1/export/sites/educacion/web/bachillerato/_galerias/descargas/ebau-23/examenes-ebau-julio-2023/examen-ingles-ebau-julio-23.pdf,si
Lengua Castellana y Literatura,2023,Extraordinaria,Canarias,https://www.gobiernodecanarias.org/cmsgob1/export/sites/educacion/web/bachillerato/_galerias/descargas/ebau-23/examenes-ebau-julio-2023/examen-ingles-ebau-julio-23-2.pdf,si
Lengua Castellana y Literatura,2023,Extraordinaria,Canarias,https://www.gobiernodecanarias.org/cmsgob1/export/sites/educacion/web/bachillerato/_galerias/descargas/ebau-23/examenes-ebau-julio-2023/examen-frances-julio-23.pdf,si
Lengua Castellana y Literatura,2023,Extraordinaria,Canarias,https://www.gobiernodecanarias.org/cmsgob1/export/sites/educacion/web/bachillerato/_galerias/descargas/ebau-23/examenes-ebau-julio-2023/examen-frances-ebau-julio-23-2.pdf,si
Lengua Castellana y Literatura,2023,Extraordinaria,Canarias,https://www.gobiernodecanarias.org/cmsgob1/export/sites/educacion/web/bachillerato/_galerias/descargas/ebau-23/examenes-ebau-julio-2023/examen-italiano-ebau-julio-23.pdf,si
Lengua Castellana y Literatura,2023,Extraordinaria,Canarias,https://www.gobiernodecanarias.org/cmsgob1/export/sites/educacion/web/bachillerato/_galerias/descargas/ebau-23/examenes-ebau-julio-2023/examen-italiano-ebau-julio-23-2.pdf,si
Lengua Castellana y Literatura,2023,Extraordinaria,Canarias,https://www.gobiernodecanarias.org/cmsgob1/export/sites/educacion/web/bachillerato/_galerias/descargas/ebau-23/examenes-ebau-julio-2023/examen-alemans-ebau-julio-23.pdf,si
Lengua Castellana y Literatura,2023,Extraordinaria,Canarias,https://www.gobiernodecanarias.org/cmsgob1/export/sites/educacion/web/bachillerato/_galerias/descargas/ebau-23/examenes-ebau-julio-2023/examen-aleman-ebau-julio-23-2.pdf,si
Lengua Castellana y Literatura,2023,Ordinaria,Canarias,https://www.gobiernodecanarias.org/cmsgob1/export/sites/educacion/web/bachillerato/_galerias/descargas/ebau-23/examenes-ebau-junio-2023/examen-lcl-ciencias-ebau-junio.pdf,si
Lengua Castellana y Literatura,2023,Ordinaria,Canarias,https://www.gobiernodecanarias.org/cmsgob1/export/sites/educacion/web/bachillerato/_galerias/descargas/ebau-23/examenes-ebau-junio-2023/examen-lcl-humanidades-ebau-junio.pdf,si
Lengua Castellana y Literatura,2023,Ordinaria,Canarias,https://www.gobiernodecanarias.org/cmsgob1/export/sites/educacion/web/bachillerato/_galerias/descargas/ebau-23/examenes-ebau-junio-2023/criterios-lcl-ciencias-ebau-junio.pdf,si
Lengua Castellana y Literatura,2023,Ordinaria,Canarias,https://www.gobiernodecanarias.org/cmsgob1/export/sites/educacion/web/bachillerato/_galerias/descargas/ebau-23/examenes-ebau-junio-2023/criterios-lcl-humanidades-ebau-junio.pdf,si
Lengua Castellana y Literatura,2023,Ordinaria,Canarias,https://www.gobiernodecanarias.org/cmsgob1/export/sites/educacion/web/bachillerato/_galerias/descargas/ebau-23/examenes-ebau-junio-2023/criterios-generales-lcl-ebau-junio.pdf,si
Lengua Castellana y Literatura,2023,Ordinaria,Canarias,https://www.gobiernodecanarias.org/cmsgob1/export/sites/educacion/web/bachillerato/_galerias/descargas/ebau-23/examenes-ebau-junio-2023/examen-ingles-ciencias-ebau-junio.pdf,si
Lengua Castellana y Literatura,2023,Ordinaria,Canarias,https://www.gobiernodecanarias.org/cmsgob1/export/sites/educacion/web/bachillerato/_galerias/descargas/ebau-23/examenes-ebau-junio-2023/examen-ingles-humanidades-ebau-junio.pdf,si
Lengua Castellana y Literatura,2023,Ordinaria,Canarias,https://www.gobiernodecanarias.org/cmsgob1/export/sites/educacion/web/bachillerato/_galerias/descargas/ebau-23/examenes-ebau-junio-2023/examen-frances-ciencias-ebau-junio.pdf,si
Lengua Castellana y Literatura,2023,Ordinaria,Canarias,https://www.gobiernodecanarias.org/cmsgob1/export/sites/educacion/web/bachillerato/_galerias/descargas/ebau-23/examenes-ebau-junio-2023/examen-frances-humanidades-ebau-junio.pdf,si
Lengua Castellana y Literatura,2023,Ordinaria,Canarias,https://www.gobiernodecanarias.org/cmsgob1/export/sites/educacion/web/bachillerato/_galerias/descargas/ebau-23/examenes-ebau-junio-2023/examen-italiano-ciencias-ebau-junio.pdf,si
Lengua Castellana y Literatura,2023,Ordinaria,Canarias,https://www.gobiernodecanarias.org/cmsgob1/export/sites/educacion/web/bachillerato/_galerias/descargas/ebau-23/examenes-ebau-junio-2023/examen-italiano-humanidades-ebau-junio.pdf,si
Lengua Castellana y Literatura,2023,Ordinaria,Canarias,https://www.gobiernodecanarias.org/cmsgob1/export/sites/educacion/web/bachillerato/_galerias/descargas/ebau-23/examenes-ebau-junio-2023/examen-aleman-ciencias-ebau-junio.pdf,si
Lengua Castellana y Literatura,2023,Ordinaria,Canarias,https://www.gobiernodecanarias.org/cmsgob1/export/sites/educacion/web/bachillerato/_galerias/descargas/ebau-23/examenes-ebau-junio-2023/examen-aleman-humanidades-ebau-junio.pdf,si
Lengua Castellana y Literatura,2024,Extraordinaria,Canarias,https://www.gobiernodecanarias.org/cmsgob1/export/sites/educacion/web/bachillerato/_galerias/descargas/pau-2024/examenes-pau-julio-2024/examen-lcl-pau-julio-24.pdf,si
Lengua Castellana y Literatura,2024,Extraordinaria,Canarias,https://www.gobiernodecanarias.org/cmsgob1/export/sites/educacion/web/bachillerato/_galerias/descargas/pau-2024/examenes-pau-julio-2024/criterios-correccion-lcl-pau-julio-24.pdf,si
Lengua Castellana y Literatura,2024,Extraordinaria,Canarias,https://www.gobiernodecanarias.org/cmsgob1/export/sites/educacion/web/bachillerato/_galerias/descargas/pau-2024/examenes-pau-julio-2024/examen-ingles-ebau-julio-24-v2.pdf,si
Lengua Castellana y Literatura,2024,Extraordinaria,Canarias,https://www.gobiernodecanarias.org/cmsgob1/export/sites/educacion/web/bachillerato/_galerias/descargas/pau-2024/examenes-pau-julio-2024/examen-frances-pau-julio-24.pdf,si
Lengua Castellana y Literatura,2024,Extraordinaria,Canarias,https://www.gobiernodecanarias.org/cmsgob1/export/sites/educacion/web/bachillerato/_galerias/descargas/pau-2024/examenes-pau-julio-2024/examen-aleman-pau-julio-24.pdf,si
Lengua Castellana y Literatura,2024,Ordinaria,Canarias,https://www.gobiernodecanarias.org/cmsgob1/export/sites/educacion/web/bachillerato/_galerias/descargas/pau-2024/examenes-pau-junio/examen_lengua_castellana_ordinario_pau_2024.pdf,si
Lengua Castellana y Literatura,2024,Ordinaria,Canarias,https://www.gobiernodecanarias.org/cmsgob1/export/sites/educacion/web/bachillerato/_galerias/descargas/pau-2024/examenes-pau-junio/examen-lcl-convocatoria-ordinaria-pau-2024-junio.pdf,si
Lengua Castellana y Literatura,2024,Ordinaria,Canarias,https://www.gobiernodecanarias.org/cmsgob1/export/sites/educacion/web/bachillerato/_galerias/descargas/pau-2024/examenes-pau-junio/criterios_de_correccion_lcl-pau-junio-24-p2-6-junio.pdf,si
Lengua Castellana y Literatura,2024,Ordinaria,Canarias,https://www.gobiernodecanarias.org/cmsgob1/export/sites/educacion/web/bachillerato/_galerias/descargas/pau-2024/examenes-pau-junio/criterios-correccion-lcl-convocatoria-ordinaria-pau-2024-junio.pdf.pdf,si
Lengua Castellana y Literatura,2024,Ordinaria,Canarias,https://www.gobiernodecanarias.org/cmsgob1/export/sites/educacion/web/bachillerato/_galerias/descargas/pau-2024/examenes-pau-junio/examen_ingles_ordinaria_ciencias_pau_2024.pdf,si
Lengua Castellana y Literatura,2024,Ordinaria,Canarias,https://www.gobiernodecanarias.org/cmsgob1/export/sites/educacion/web/bachillerato/_galerias/descargas/pau-2024/examenes-pau-junio/examen-ingles-convocatoria-ordinaria-pau-2024-junio.pdf,si
Lengua Castellana y Literatura,2024,Ordinaria,Canarias,https://www.gobiernodecanarias.org/cmsgob1/export/sites/educacion/web/bachillerato/_galerias/descargas/pau-2024/examenes-pau-junio/examen-frances-pau-junio-24-ciencias.pdf,si
Lengua Castellana y Literatura,2024,Ordinaria,Canarias,https://www.gobiernodecanarias.org/cmsgob1/export/sites/educacion/web/bachillerato/_galerias/descargas/pau-2024/examen_frances_pau_2024.pdf,si
Lengua Castellana y Literatura,2024,Ordinaria,Canarias,https://www.gobiernodecanarias.org/cmsgob1/export/sites/educacion/web/bachillerato/_galerias/descargas/pau-2024/examenes-pau-junio/examen-italiano-pau-junio-24-ciencias.pdf,si
Lengua Castellana y Literatura,2024,Ordinaria,Canarias,https://www.gobiernodecanarias.org/cmsgob1/export/sites/educacion/web/bachillerato/_galerias/descargas/pau-2024/examenes-pau-junio/examen-italiano-convocatoria-ordinaria-pau-2024-junio.pdf,si
Lengua Castellana y Literatura,2024,Ordinaria,Canarias,https://www.gobiernodecanarias.org/cmsgob1/export/sites/educacion/web/bachillerato/_galerias/descargas/pau-2024/examenes-pau-junio/examen-aleman-pau-junio-24-ciencias.pdf,si
Lengua Castellana y Literatura,2024,Ordinaria,Canarias,https://www.gobiernodecanarias.org/cmsgob1/export/sites/educacion/web/bachillerato/_galerias/descargas/pau-2024/examen_aleman_pau_2024.pdf,si
Lengua Castellana y Literatura,2025,Extraordinaria,Canarias,https://www.gobiernodecanarias.org/cmsgob1/export/sites/educacion/web/bachillerato/_galerias/descargas/pau-2025/examenes-pau-julio-2025/examen-lcl-pau-julio-25.pdf,si
Lengua Castellana y Literatura,2025,Extraordinaria,Canarias,https://www.gobiernodecanarias.org/cmsgob1/export/sites/educacion/web/bachillerato/_galerias/descargas/pau-2025/examenes-pau-julio-2025/criterios-de-correcion-lcl-pau-julio-25.pdf,si
Lengua Castellana y Literatura,2025,Extraordinaria,Canarias,https://www.gobiernodecanarias.org/cmsgob1/export/sites/educacion/web/bachillerato/_galerias/descargas/pau-2025/examenes-pau-julio-2025/examen-ingles-pau-julio-25.pdf,si
Lengua Castellana y Literatura,2025,Extraordinaria,Canarias,https://www.gobiernodecanarias.org/cmsgob1/export/sites/educacion/web/bachillerato/_galerias/descargas/pau-2025/examenes-pau-julio-2025/examen-reserva-ingles-pau-julio-25.pdf,si
Lengua Castellana y Literatura,2025,Extraordinaria,Canarias,https://www.gobiernodecanarias.org/cmsgob1/export/sites/educacion/web/bachillerato/_galerias/descargas/pau-2025/examenes-pau-julio-2025/examen-frances-pau-julio-25.pdf,si
Lengua Castellana y Literatura,2025,Extraordinaria,Canarias,https://www.gobiernodecanarias.org/cmsgob1/export/sites/educacion/web/bachillerato/_galerias/descargas/pau-2025/examenes-pau-julio-2025/examen-reserva-frances-pau-julio-25.pdf,si
Lengua Castellana y Literatura,2025,Extraordinaria,Canarias,https://www.gobiernodecanarias.org/cmsgob1/export/sites/educacion/web/bachillerato/_galerias/descargas/pau-2025/examenes-pau-julio-2025/examen-italiano-pau-julio-25.pdf,si
Lengua Castellana y Literatura,2025,Extraordinaria,Canarias,https://www.gobiernodecanarias.org/cmsgob1/export/sites/educacion/web/bachillerato/_galerias/descargas/pau-2025/examenes-pau-julio-2025/examen-reserva-italiano-pau-julio-25.pdf,si
Lengua Castellana y Literatura,2025,Extraordinaria,Canarias,https://www.gobiernodecanarias.org/cmsgob1/export/sites/educacion/web/bachillerato/_galerias/descargas/pau-2025/examenes-pau-julio-2025/examen-aleman-pau-julio-25.pdf,si
Lengua Castellana y Literatura,2025,Extraordinaria,Canarias,https://www.gobiernodecanarias.org/cmsgob1/export/sites/educacion/web/bachillerato/_galerias/descargas/pau-2025/examenes-pau-julio-2025/examen-reserva-aleman-pau-julio-25.pdf,si
Lengua Castellana y Literatura,2025,Ordinaria,Canarias,https://www.gobiernodecanarias.org/cmsgob1/export/sites/educacion/web/bachillerato/_galerias/descargas/pau-2025/examenes-PAU-junio-2025/examen-lcl-ciencias-pau-junio-25.pdf,si
Lengua Castellana y Literatura,2025,Ordinaria,Canarias,https://www.gobiernodecanarias.org/cmsgob1/export/sites/educacion/web/bachillerato/_galerias/descargas/pau-2025/examenes-PAU-junio-2025/examen-lcl-hccss-pau-junio-25.pdf,si
Lengua Castellana y Literatura,2025,Ordinaria,Canarias,https://www.gobiernodecanarias.org/cmsgob1/export/sites/educacion/web/bachillerato/_galerias/descargas/pau-2025/examenes-PAU-junio-2025/criterios-correccion-lcl-ciencias-pau-junio-25.pdf,si
Lengua Castellana y Literatura,2025,Ordinaria,Canarias,https://www.gobiernodecanarias.org/cmsgob1/export/sites/educacion/web/bachillerato/_galerias/descargas/pau-2025/examenes-PAU-junio-2025/criterios-correccion-lcl-hccss-pau-junio-25.pdf,si
Lengua Castellana y Literatura,2025,Ordinaria,Canarias,https://www.gobiernodecanarias.org/cmsgob1/export/sites/educacion/web/bachillerato/_galerias/descargas/pau-2025/examenes-PAU-junio-2025/examen-ingles-ciencias-pau-junio-25.pdf,si
Lengua Castellana y Literatura,2025,Ordinaria,Canarias,https://www.gobiernodecanarias.org/cmsgob1/export/sites/educacion/web/bachillerato/_galerias/descargas/pau-2025/examenes-PAU-junio-2025/examen-ingles-hccss-pau-junio-25.pdf,si
Lengua Castellana y Literatura,2025,Ordinaria,Canarias,https://www.gobiernodecanarias.org/cmsgob1/export/sites/educacion/web/bachillerato/_galerias/descargas/pau-2025/examenes-PAU-junio-2025/examen-frances-ciencias-pau-junio-25.pdf,si
Lengua Castellana y Literatura,2025,Ordinaria,Canarias,https://www.gobiernodecanarias.org/cmsgob1/export/sites/educacion/web/bachillerato/_galerias/descargas/pau-2025/examenes-PAU-junio-2025/examen-frances-hccss-pau-junio-25.pdf,si
Lengua Castellana y Literatura,2025,Ordinaria,Canarias,https://www.gobiernodecanarias.org/cmsgob1/export/sites/educacion/web/bachillerato/_galerias/descargas/pau-2025/examenes-PAU-junio-2025/examen-italiano-ciencias-pau-junio-25.pdf,si
Lengua Castellana y Literatura,2025,Ordinaria,Canarias,https://www.gobiernodecanarias.org/cmsgob1/export/sites/educacion/web/bachillerato/_galerias/descargas/pau-2025/examenes-PAU-junio-2025/examen-italiano-hccss-pau-junio-25.pdf,si
Lengua Castellana y Literatura,2025,Ordinaria,Canarias,https://www.gobiernodecanarias.org/cmsgob1/export/sites/educacion/web/bachillerato/_galerias/descargas/pau-2025/examenes-PAU-junio-2025/examen-aleman-ciencias-pau-junio-25.pdf,si
Lengua Castellana y Literatura,2025,Ordinaria,Canarias,https://www.gobiernodecanarias.org/cmsgob1/export/sites/educacion/web/bachillerato/_galerias/descargas/pau-2025/examenes-PAU-junio-2025/examen-aleman-hccss-pau-junio-25.pdf,si
Literatura Dramática,2024,Extraordinaria,Canarias,https://www.gobiernodecanarias.org/cmsgob1/export/sites/educacion/web/bachillerato/_galerias/descargas/pau-2024/examenes-pau-julio-2024/examen-literatura-dramatica-ebau-julio-24.pdf,si
Literatura Dramática,2024,Extraordinaria,Canarias,https://www.gobiernodecanarias.org/cmsgob1/export/sites/educacion/web/bachillerato/_galerias/descargas/pau-2024/examenes-pau-julio-2024/criterios-correccion-literatura-dramatica-ebau-julio-24.pdf,si
Literatura Dramática,2024,Ordinaria,Canarias,https://www.gobiernodecanarias.org/cmsgob1/export/sites/educacion/web/bachillerato/_galerias/descargas/pau-2024/examenes-pau-junio/examen-literatura-dramatica-pau-junio-24.pdf,si
Literatura Dramática,2024,Ordinaria,Canarias,https://www.gobiernodecanarias.org/cmsgob1/export/sites/educacion/web/bachillerato/_galerias/descargas/pau-2024/examenes-pau-junio/criterios_de_correccion_literatura-dramatica-pau-junio-24-p2-6-junio.pdf,si
Literatura Dramática,2025,Extraordinaria,Canarias,https://www.gobiernodecanarias.org/cmsgob1/export/sites/educacion/web/bachillerato/_galerias/descargas/pau-2025/examenes-pau-julio-2025/examen-literatura-dramatica-pau-julio-25.pdf,si
Literatura Dramática,2025,Extraordinaria,Canarias,https://www.gobiernodecanarias.org/cmsgob1/export/sites/educacion/web/bachillerato/_galerias/descargas/pau-2025/examenes-pau-julio-2025/rubrica-comentario-texto-literatura-dramatica-pau-julio-25.pdf,si
Literatura Dramática,2025,Extraordinaria,Canarias,https://www.gobiernodecanarias.org/cmsgob1/export/sites/educacion/web/bachillerato/_galerias/descargas/pau-2025/examenes-pau-julio-2025/rubrica-creacion-texto-literatura-dramatica-pau-julio-25.pdf,si
Literatura Dramática,2025,Ordinaria,Canarias,https://www.gobiernodecanarias.org/cmsgob1/export/sites/educacion/web/bachillerato/_galerias/descargas/pau-2025/examenes-PAU-junio-2025/examen-literatura-dramatica-pau-junio-25.pdf,si
Literatura Dramática,2025,Ordinaria,Canarias,https://www.gobiernodecanarias.org/cmsgob1/export/sites/educacion/web/bachillerato/_galerias/descargas/pau-2025/examenes-PAU-junio-2025/rubrica-creacion-texto-literatura-dramatica-pau-junio-25.pdf,si
Literatura Dramática,2025,Ordinaria,Canarias,https://www.gobiernodecanarias.org/cmsgob1/export/sites/educacion/web/bachillerato/_galerias/descargas/pau-2025/examenes-PAU-junio-2025/rubrica-comentario-texto-literatura-dramatica-pau-junio-25.pdf,si
Matemáticas II,2019,Ordinaria,Canarias,https://www.gobiernodecanarias.org/cmsgob1/export/sites/educacion/web/bachillerato/_galerias/descargas/ebau-19/mat__julio_2019.pdf,si
Matemáticas II,2019,Ordinaria,Canarias,https://www.gobiernodecanarias.org/cmsgob1/export/sites/educacion/web/bachillerato/_galerias/descargas/ebau-19/criterios_mat__julio_2019.pdf,si
Matemáticas II,2019,Ordinaria,Canarias,https://www.gobiernodecanarias.org/cmsgob1/export/sites/educacion/web/bachillerato/_galerias/descargas/ebau-19/mat_aplic_cs__julio_2019.pdf,si
Matemáticas II,2019,Ordinaria,Canarias,https://www.gobiernodecanarias.org/cmsgob1/export/sites/educacion/web/bachillerato/_galerias/descargas/ebau-19/criterios_mat_aplic_cs__julio_2019.pdf,si
Matemáticas II,2020,Extraordinaria,Canarias,https://www.gobiernodecanarias.org/cmsgob1/export/sites/educacion/web/bachillerato/_galerias/descargas/ebau_20/examenes-ebau-septiembre-2020/matematicas-ebau-sep-2020.pdf,si
Matemáticas II,2020,Extraordinaria,Canarias,https://www.gobiernodecanarias.org/cmsgob1/export/sites/educacion/web/bachillerato/_galerias/descargas/ebau_20/examenes-ebau-septiembre-2020/mat-acs-ebsa-sep-2020.pdf,si
Matemáticas II,2020,Extraordinaria,Canarias,https://www.gobiernodecanarias.org/cmsgob1/export/sites/educacion/web/bachillerato/_galerias/descargas/ebau_20/examenes-ebau-septiembre-2020/crIterios-mat_acs-ebau-sep-2020.pdf,si
Matemáticas II,2021,Extraordinaria,Canarias,https://www.gobiernodecanarias.org/cmsgob1/export/sites/educacion/web/bachillerato/_galerias/descargas/ebau-21/examenes-ebau-julio-2021/exemen-matematicas-ii-ebau-julio-21.pdf,si
Matemáticas II,2021,Extraordinaria,Canarias,https://www.gobiernodecanarias.org/cmsgob1/export/sites/educacion/web/bachillerato/_galerias/descargas/ebau-21/examenes-ebau-julio-2021/criterios-correccion-matematicas-ii-ebau-julio-2021.pdf,si
Matemáticas II,2021,Extraordinaria,Canarias,https://www.gobiernodecanarias.org/cmsgob1/export/sites/educacion/web/bachillerato/_galerias/descargas/ebau-21/examenes-ebau-julio-2021/exemen-matematicas-cs-ebau-julio-21.pdf,si
Matemáticas II,2021,Extraordinaria,Canarias,https://www.gobiernodecanarias.org/cmsgob1/export/sites/educacion/web/bachillerato/_galerias/descargas/ebau-21/examenes-ebau-julio-2021/criterios-correccion-matematicas-cs-ebau-julio-2021.pdf,si
Matemáticas II,2021,Ordinaria,Canarias,https://www.gobiernodecanarias.org/cmsgob1/export/sites/educacion/web/bachillerato/_galerias/descargas/ebau-21/examenes-ebau-junio-2021/examen-ebau-matematicas-ii-ciencias-junio-21.pdf,si
Matemáticas II,2021,Ordinaria,Canarias,https://www.gobiernodecanarias.org/cmsgob1/export/sites/educacion/web/bachillerato/_galerias/descargas/ebau-21/examenes-ebau-junio-2021/criterios-soluciones-ebau-matematicas-ii-junio-21.pdf,si
Matemáticas II,2021,Ordinaria,Canarias,https://www.gobiernodecanarias.org/cmsgob1/export/sites/educacion/web/bachillerato/_galerias/descargas/ebau-21/examenes-ebau-junio-2021/examen-ebau-matematicas-cs-junio-21.pdf,si
Matemáticas II,2021,Ordinaria,Canarias,https://www.gobiernodecanarias.org/cmsgob1/export/sites/educacion/web/bachillerato/_galerias/descargas/ebau-21/examenes-ebau-junio-2021/criterios-correccion-ebau-matematicas-cs-junio-21.pdf,si
Matemáticas II,2022,Extraordinaria,Canarias,https://www.gobiernodecanarias.org/cmsgob1/export/sites/educacion/web/bachillerato/_galerias/descargas/ebau-22/examenes-ebau-julio-2022/examen-matematicas-ii-ebau-julio-22.pdf,si
Matemáticas II,2022,Extraordinaria,Canarias,https://www.gobiernodecanarias.org/cmsgob1/export/sites/educacion/web/bachillerato/_galerias/descargas/ebau-22/examenes-ebau-julio-2022/criterios-correccion-matematicas-ii-ebau-julio-22.pdf,si
Matemáticas II,2022,Extraordinaria,Canarias,https://www.gobiernodecanarias.org/cmsgob1/export/sites/educacion/web/bachillerato/_galerias/descargas/ebau-22/examenes-ebau-julio-2022/examen-matematicas-cs-ebau-julio-22.pdf,si
Matemáticas II,2022,Extraordinaria,Canarias,https://www.gobiernodecanarias.org/cmsgob1/export/sites/educacion/web/bachillerato/_galerias/descargas/ebau-22/examenes-ebau-julio-2022/criterios-correccion-matematicas-cs-ebau-julio-22.pdf,si
Matemáticas II,2022,Ordinaria,Canarias,https://www.gobiernodecanarias.org/cmsgob1/export/sites/educacion/web/bachillerato/_galerias/descargas/ebau-22/examenes-ebau-junio-2022/examen-matematicas-ii-ebau-junio-2022.pdf,si
Matemáticas II,2022,Ordinaria,Canarias,https://www.gobiernodecanarias.org/cmsgob1/export/sites/educacion/web/bachillerato/_galerias/descargas/ebau-22/examenes-ebau-junio-2022/criterios-correccion-matematicas-ii-ebau-junio-22.pdf,si
Matemáticas II,2022,Ordinaria,Canarias,https://www.gobiernodecanarias.org/cmsgob1/export/sites/educacion/web/bachillerato/_galerias/descargas/ebau-22/examenes-ebau-junio-2022/examen-matematicas-sc-ebau-junio-22.pdf,si
Matemáticas II,2022,Ordinaria,Canarias,https://www.gobiernodecanarias.org/cmsgob1/export/sites/educacion/web/bachillerato/_galerias/descargas/ebau-22/examenes-ebau-junio-2022/criterios-correccion-matematicas-cs-ebau-junio-22.pdf,si
Matemáticas II,2023,Extraordinaria,Canarias,https://www.gobiernodecanarias.org/cmsgob1/export/sites/educacion/web/bachillerato/_galerias/descargas/ebau-23/examenes-ebau-julio-2023/examen-matematicas-ii-ebau-julio-23.pdf,si
Matemáticas II,2023,Extraordinaria,Canarias,https://www.gobiernodecanarias.org/cmsgob1/export/sites/educacion/web/bachillerato/_galerias/descargas/ebau-23/examenes-ebau-julio-2023/examen-macs-ebau-julio-23.pdf,si
Matemáticas II,2023,Extraordinaria,Canarias,https://www.gobiernodecanarias.org/cmsgob1/export/sites/educacion/web/bachillerato/_galerias/descargas/ebau-23/examenes-ebau-julio-2023/criterios-correccion-macs-ebau-julio-23.pdf,si
Matemáticas II,2023,Extraordinaria,Canarias,https://www.gobiernodecanarias.org/cmsgob1/export/sites/educacion/web/bachillerato/_galerias/descargas/ebau-23/examenes-ebau-julio-2023/examen-macs-ebau-julio-23.pdf,si
Matemáticas II,2023,Extraordinaria,Canarias,https://www.gobiernodecanarias.org/cmsgob1/export/sites/educacion/web/bachillerato/_galerias/descargas/ebau-23/examenes-ebau-julio-2023/criterios-correccion-macs-ebau-julio-23.pdf,si
Matemáticas II,2023,Ordinaria,Canarias,https://www.gobiernodecanarias.org/cmsgob1/export/sites/educacion/web/bachillerato/_galerias/descargas/ebau-23/examenes-ebau-junio-2023/examen-ebau-junio-mateamticas-23.pdf,si
Matemáticas II,2023,Ordinaria,Canarias,https://www.gobiernodecanarias.org/cmsgob1/export/sites/educacion/web/bachillerato/_galerias/descargas/ebau-23/examenes-ebau-junio-2023/examen-macs-ebau-junio.pdf,si
Matemáticas II,2023,Ordinaria,Canarias,https://www.gobiernodecanarias.org/cmsgob1/export/sites/educacion/web/bachillerato/_galerias/descargas/ebau-23/examenes-ebau-junio-2023/criterios-macs-ebau-junio.pdf,si
Matemáticas II,2024,Extraordinaria,Canarias,https://www.gobiernodecanarias.org/cmsgob1/export/sites/educacion/web/bachillerato/_galerias/descargas/pau-2024/examenes-pau-julio-2024/examen-matematicas-ii-pau-julio-24.pdf,si
Matemáticas II,2024,Extraordinaria,Canarias,https://www.gobiernodecanarias.org/cmsgob1/export/sites/educacion/web/bachillerato/_galerias/descargas/pau-2024/examenes-pau-julio-2024/criterios-correccion-matematicas-ii-pau-julio-24.pdf,si
Matemáticas II,2024,Extraordinaria,Canarias,https://www.gobiernodecanarias.org/cmsgob1/export/sites/educacion/web/bachillerato/_galerias/descargas/pau-2024/examenes-pau-julio-2024/examen-matsc-ii-pau-julio-24.pdf,si
Matemáticas II,2024,Extraordinaria,Canarias,https://www.gobiernodecanarias.org/cmsgob1/export/sites/educacion/web/bachillerato/_galerias/descargas/pau-2024/examenes-pau-julio-2024/criterios-correccion-matcs-ii-pau-julio-24.pdf,si
Matemáticas II,2024,Ordinaria,Canarias,https://www.gobiernodecanarias.org/cmsgob1/export/sites/educacion/web/bachillerato/_galerias/descargas/pau-2024/examenes-pau-junio/20240607_matematicas-II_pau_ordinaria_junio_2024.pdf,si
Matemáticas II,2024,Ordinaria,Canarias,https://www.gobiernodecanarias.org/cmsgob1/export/sites/educacion/web/bachillerato/_galerias/descargas/pau-2024/examenes-pau-junio/criterios-correccion-matematicas-ii-pau-junio-24.pdf,si
Matemáticas II,2024,Ordinaria,Canarias,https://www.gobiernodecanarias.org/cmsgob1/export/sites/educacion/web/bachillerato/_galerias/descargas/pau-2024/examenes-pau-junio/examen-matematicas-aplicadas-ciencias-sociales-pau-junio-24.pdf,si
Matemáticas II,2024,Ordinaria,Canarias,https://www.gobiernodecanarias.org/cmsgob1/export/sites/educacion/web/bachillerato/_galerias/descargas/pau-2024/examenes-pau-junio/criterios-correccion-matematicas-aplicadas-ciencias-sociales-pau-2024-junio.pdf,si
Matemáticas II,2025,Extraordinaria,Canarias,https://www.gobiernodecanarias.org/cmsgob1/export/sites/educacion/web/bachillerato/_galerias/descargas/pau-2025/examenes-pau-julio-2025/examen-matematicas-ii-pau-julio-25.pdf,si
Matemáticas II,2025,Extraordinaria,Canarias,https://www.gobiernodecanarias.org/cmsgob1/export/sites/educacion/web/bachillerato/_galerias/descargas/pau-2025/examenes-pau-julio-2025/criterios-de-correcion-matematicas-ii-pau-julio-25.pdf,si
Matemáticas II,2025,Extraordinaria,Canarias,https://www.gobiernodecanarias.org/cmsgob1/export/sites/educacion/web/bachillerato/_galerias/descargas/pau-2025/examenes-pau-julio-2025/examen-matematicas-aplicadas-ccss-pau-julio-25.pdf,si
Matemáticas II,2025,Extraordinaria,Canarias,https://www.gobiernodecanarias.org/cmsgob1/export/sites/educacion/web/bachillerato/_galerias/descargas/pau-2025/examenes-pau-julio-2025/criterios-de-correcion-matematicas-aplicadas-ccss-pau-julio-25.pdf,si
Matemáticas II,2025,Ordinaria,Canarias,https://www.gobiernodecanarias.org/cmsgob1/export/sites/educacion/web/bachillerato/_galerias/descargas/pau-2025/examenes-PAU-junio-2025/examen-matematicas-ii-pau-junio-25.pdf,si
Matemáticas II,2025,Ordinaria,Canarias,https://www.gobiernodecanarias.org/cmsgob1/export/sites/educacion/web/bachillerato/_galerias/descargas/pau-2025/examenes-PAU-junio-2025/criterios-correccion-matematicas-ii-pau-junio-25.pdf,si
Matemáticas II,2025,Ordinaria,Canarias,https://www.gobiernodecanarias.org/cmsgob1/export/sites/educacion/web/bachillerato/_galerias/descargas/pau-2025/examenes-PAU-junio-2025/examen-matematicas-aplicadas-ccss-pau-junio-25.pdf,si
Matemáticas II,2025,Ordinaria,Canarias,https://www.gobiernodecanarias.org/cmsgob1/export/sites/educacion/web/bachillerato/_galerias/descargas/pau-2025/examenes-PAU-junio-2025/criterios-correccion-matematicas-aplicadas-ccss-pau-junio-25.pdf,si
Movimientos Culturales y Artísticos,2024,Extraordinaria,Canarias,https://www.gobiernodecanarias.org/cmsgob1/export/sites/educacion/web/bachillerato/_galerias/descargas/pau-2024/examenes-pau-julio-2024/examen-movimientos-culturales-pau-julio-24.pdf,si
Movimientos Culturales y Artísticos,2024,Extraordinaria,Canarias,https://www.gobiernodecanarias.org/cmsgob1/export/sites/educacion/web/bachillerato/_galerias/descargas/pau-2024/examenes-pau-julio-2024/criterios-movimientos-culturales-artisticos-pau-julio-24.pdf,si
Movimientos Culturales y Artísticos,2024,Ordinaria,Canarias,https://www.gobiernodecanarias.org/cmsgob1/export/sites/educacion/web/bachillerato/_galerias/descargas/pau-2024/examenes-pau-junio/20240607_mov_culturales_junio_2024.pdf,si
Movimientos Culturales y Artísticos,2024,Ordinaria,Canarias,https://www.gobiernodecanarias.org/cmsgob1/export/sites/educacion/web/bachillerato/_galerias/descargas/pau-2024/examenes-pau-junio/criterios-correccion-movimientos-culturales-y-artisticos-pau-junio-24.pdf,si
Movimientos Culturales y Artísticos,2025,Extraordinaria,Canarias,https://www.gobiernodecanarias.org/cmsgob1/export/sites/educacion/web/bachillerato/_galerias/descargas/pau-2025/examenes-pau-julio-2025/examen-movimientos-culturales-artisticos-pau-julio-25.pdf,si
Movimientos Culturales y Artísticos,2025,Extraordinaria,Canarias,https://www.gobiernodecanarias.org/cmsgob1/export/sites/educacion/web/bachillerato/_galerias/descargas/pau-2025/examenes-pau-julio-2025/criterios-de-correcion-movimientos-culturales-artisticos-pau-julio-25.pdf,si
Movimientos Culturales y Artísticos,2025,Ordinaria,Canarias,https://www.gobiernodecanarias.org/cmsgob1/export/sites/educacion/web/bachillerato/_galerias/descargas/pau-2025/examenes-PAU-junio-2025/examen-movimientos-culturales-artisticos-pau-junio-25.pdf,si
Movimientos Culturales y Artísticos,2025,Ordinaria,Canarias,https://www.gobiernodecanarias.org/cmsgob1/export/sites/educacion/web/bachillerato/_galerias/descargas/pau-2025/examenes-PAU-junio-2025/criterios-correccion-movimientos-culturales-artisticos-pau-junio-25.pdf,si
Química,2019,Ordinaria,Canarias,https://www.gobiernodecanarias.org/cmsgob1/export/sites/educacion/web/bachillerato/_galerias/descargas/ebau-19/prueba_ebau_quimica_julio_2019.pdf,si
Química,2019,Ordinaria,Canarias,https://www.gobiernodecanarias.org/cmsgob1/export/sites/educacion/web/bachillerato/_galerias/descargas/ebau-19/criterios_quimica_julio_19.pdf,si
Química,2020,Extraordinaria,Canarias,https://www.gobiernodecanarias.org/cmsgob1/export/sites/educacion/web/bachillerato/_galerias/descargas/ebau_20/examenes-ebau-septiembre-2020/quimica-ebau-sep-2020.pdf,si
Química,2021,Extraordinaria,Canarias,https://www.gobiernodecanarias.org/cmsgob1/export/sites/educacion/web/bachillerato/_galerias/descargas/ebau-21/examenes-ebau-julio-2021/examen-quimica-ebau-julio-21.pdf,si
Química,2021,Extraordinaria,Canarias,https://www.gobiernodecanarias.org/cmsgob1/export/sites/educacion/web/bachillerato/_galerias/descargas/ebau-21/examenes-ebau-julio-2021/criterios_quimica_ebau_julio_2021.pdf,si
Química,2021,Ordinaria,Canarias,https://www.gobiernodecanarias.org/cmsgob1/export/sites/educacion/web/bachillerato/_galerias/descargas/ebau-21/examenes-ebau-junio-2021/examen-ebau-quimica-junio-21.pdf,si
Química,2021,Ordinaria,Canarias,https://www.gobiernodecanarias.org/cmsgob1/export/sites/educacion/web/bachillerato/_galerias/descargas/ebau-21/examenes-ebau-junio-2021/criterios-correccion-ebau-quimica-junio-21.pdf,si
Química,2022,Extraordinaria,Canarias,https://www.gobiernodecanarias.org/cmsgob1/export/sites/educacion/web/bachillerato/_galerias/descargas/ebau-22/examenes-ebau-julio-2022/examen-quimica-ebau-julio-22.pdf,si
Química,2022,Extraordinaria,Canarias,https://www.gobiernodecanarias.org/cmsgob1/export/sites/educacion/web/bachillerato/_galerias/descargas/ebau-22/examenes-ebau-julio-2022/criterios-correccion-quimica-ebau-julio-22.pdf,si
Química,2022,Ordinaria,Canarias,https://www.gobiernodecanarias.org/cmsgob1/export/sites/educacion/web/bachillerato/_galerias/descargas/ebau-22/examenes-ebau-junio-2022/examen-quimica-ebau-junio-22.pdf,si
Química,2022,Ordinaria,Canarias,https://www.gobiernodecanarias.org/cmsgob1/export/sites/educacion/web/bachillerato/_galerias/descargas/ebau-22/examenes-ebau-junio-2022/criterios-de-correccion-ebau-quimica-junio-22.pdf,si
Química,2023,Extraordinaria,Canarias,https://www.gobiernodecanarias.org/cmsgob1/export/sites/educacion/web/bachillerato/_galerias/descargas/ebau-23/examenes-ebau-julio-2023/examen-quimica-ebau-julio-23.pdf,si
Química,2023,Extraordinaria,Canarias,https://www.gobiernodecanarias.org/cmsgob1/export/sites/educacion/web/bachillerato/_galerias/descargas/ebau-23/examenes-ebau-julio-2023/criterios-correccion-quimica-ebau-julio-23.pdf,si
Química,2023,Ordinaria,Canarias,https://www.gobiernodecanarias.org/cmsgob1/export/sites/educacion/web/bachillerato/_galerias/descargas/ebau-23/examenes-ebau-junio-2023/examen-quimica-ciencias-ebau-junio.pdf,si
Química,2023,Ordinaria,Canarias,https://www.gobiernodecanarias.org/cmsgob1/export/sites/educacion/web/bachillerato/_galerias/descargas/ebau-23/examenes-ebau-junio-2023/criterios-quimica-ciencias-ebau-junio.pdf,si
Química,2024,Extraordinaria,Canarias,https://www.gobiernodecanarias.org/cmsgob1/export/sites/educacion/web/bachillerato/_galerias/descargas/pau-2024/examenes-pau-julio-2024/examen-quimica-pau-julio-24.pdf,si
Química,2024,Extraordinaria,Canarias,https://www.gobiernodecanarias.org/cmsgob1/export/sites/educacion/web/bachillerato/_galerias/descargas/pau-2024/examenes-pau-julio-2024/criterios-quimica-pau-julio-24.pdf,si
Química,2024,Ordinaria,Canarias,https://www.gobiernodecanarias.org/cmsgob1/export/sites/educacion/web/bachillerato/_galerias/descargas/pau-2024/examenes-pau-junio/examen-quimica-pau-junio-24.pdf,si
Química,2024,Ordinaria,Canarias,https://www.gobiernodecanarias.org/cmsgob1/export/sites/educacion/web/bachillerato/_galerias/descargas/pau-2024/examenes-pau-junio/criterios_de_correccion_quimica-pau-junio-24-p2-6-junio.pdf,si
Química,2025,Extraordinaria,Canarias,https://www.gobiernodecanarias.org/cmsgob1/export/sites/educacion/web/bachillerato/_galerias/descargas/pau-2025/examenes-pau-julio-2025/examen-quimica-pau-julio-25.pdf,si
Química,2025,Extraordinaria,Canarias,https://www.gobiernodecanarias.org/cmsgob1/export/sites/educacion/web/bachillerato/_galerias/descargas/pau-2025/examenes-pau-julio-2025/criterios-de-correcion-quimica-pau-julio-25.pdf,si
Química,2025,Ordinaria,Canarias,https://www.gobiernodecanarias.org/cmsgob1/export/sites/educacion/web/bachillerato/_galerias/descargas/pau-2025/examenes-PAU-junio-2025/examen-quimica-pau-junio-25.pdf,si
Química,2025,Ordinaria,Canarias,https://www.gobiernodecanarias.org/cmsgob1/export/sites/educacion/web/bachillerato/_galerias/descargas/pau-2025/examenes-PAU-junio-2025/criterios-correccion-quimica-pau-junio-25.pdf,si
Tecnología e Ingeniería II,2024,Extraordinaria,Canarias,https://www.gobiernodecanarias.org/cmsgob1/export/sites/educacion/web/bachillerato/_galerias/descargas/pau-2024/examenes-pau-julio-2024/examen-tecnologia-e-ingenieria-ebau-julio-24.pdf,si
Tecnología e Ingeniería II,2024,Extraordinaria,Canarias,https://www.gobiernodecanarias.org/cmsgob1/export/sites/educacion/web/bachillerato/_galerias/descargas/pau-2024/examenes-pau-julio-2024/criterios-correccion-tecnologia-e-ingenieria-ebau-julio-24.pdf,si
Tecnología e Ingeniería II,2024,Ordinaria,Canarias,https://www.gobiernodecanarias.org/cmsgob1/export/sites/educacion/web/bachillerato/_galerias/descargas/pau-2024/examenes-pau-junio/examen-tecnologia-e-ingenieria-ii-pau-junio-24.pdf,si
Tecnología e Ingeniería II,2025,Extraordinaria,Canarias,https://www.gobiernodecanarias.org/cmsgob1/export/sites/educacion/web/bachillerato/_galerias/descargas/pau-2025/examenes-pau-julio-2025/examen-tecnologia-ingenieria-pau-julio-25.pdf,si
Tecnología e Ingeniería II,2025,Extraordinaria,Canarias,https://www.gobiernodecanarias.org/cmsgob1/export/sites/educacion/web/bachillerato/_galerias/descargas/pau-2025/examenes-pau-julio-2025/criterios-correccion-tecnologia-ingenieria-pau-julio-25.pdf,si
Tecnología e Ingeniería II,2025,Ordinaria,Canarias,https://www.gobiernodecanarias.org/cmsgob1/export/sites/educacion/web/bachillerato/_galerias/descargas/pau-2025/examenes-PAU-junio-2025/examen-tecnologia-ingenieria-pau-junio-25.pdf,si
Tecnología e Ingeniería II,2025,Ordinaria,Canarias,https://www.gobiernodecanarias.org/cmsgob1/export/sites/educacion/web/bachillerato/_galerias/descargas/pau-2025/examenes-PAU-junio-2025/criterios-correccion-tecnologia-ingenieria-pau-junio-25.pdf,si
Técnicas de Expresión Gráfico-Plástica,2024,Extraordinaria,Canarias,https://www.gobiernodecanarias.org/cmsgob1/export/sites/educacion/web/bachillerato/_galerias/descargas/pau-2024/examenes-pau-julio-2024/examen-tecnicas-de-expresion-ebau-julio-24.pdf,si
Técnicas de Expresión Gráfico-Plástica,2024,Extraordinaria,Canarias,https://www.gobiernodecanarias.org/cmsgob1/export/sites/educacion/web/bachillerato/_galerias/descargas/pau-2024/examenes-pau-julio-2024/criterios-correccion-tecnicas-expresion-grafico-plasticas-ebau-julio-24.pdf,si
Técnicas de Expresión Gráfico-Plástica,2024,Ordinaria,Canarias,https://www.gobiernodecanarias.org/cmsgob1/export/sites/educacion/web/bachillerato/_galerias/descargas/pau-2024/examenes-pau-junio/examen-tecnicas-de-expresion-grafico-plastica-pau-junio-24.pdf,si
Técnicas de Expresión Gráfico-Plástica,2024,Ordinaria,Canarias,https://www.gobiernodecanarias.org/cmsgob1/export/sites/educacion/web/bachillerato/_galerias/descargas/pau-2024/examenes-pau-junio/criterios_de_correccion-tecnicas-expresion-grafico-plastica-pau-junio-24-p2-6-junio.pdf,si
Técnicas de Expresión Gráfico-Plástica,2025,Extraordinaria,Canarias,https://www.gobiernodecanarias.org/cmsgob1/export/sites/educacion/web/bachillerato/_galerias/descargas/pau-2025/examenes-pau-julio-2025/examen-tecnicas-expresion-grafico-plasticas-pau-julio-25.pdf,si
Técnicas de Expresión Gráfico-Plástica,2025,Extraordinaria,Canarias,https://www.gobiernodecanarias.org/cmsgob1/export/sites/educacion/web/bachillerato/_galerias/descargas/pau-2025/examenes-pau-julio-2025/criterios-correccion-tecnicas-expresion-grafico-plasticas-pau-julio-25.pdf,si
Técnicas de Expresión Gráfico-Plástica,2025,Ordinaria,Canarias,https://www.gobiernodecanarias.org/cmsgob1/export/sites/educacion/web/bachillerato/_galerias/descargas/pau-2025/examenes-PAU-junio-2025/examen-tecnicas-expresion-grafico-plasticas-pau-junio-25.pdf,si
Técnicas de Expresión Gráfico-Plástica,2025,Ordinaria,Canarias,https://www.gobiernodecanarias.org/cmsgob1/export/sites/educacion/web/bachillerato/_galerias/descargas/pau-2025/examenes-PAU-junio-2025/criterios-correccion-tecnicas-expresion-grafico-plasticas-pau-junio-25.pdf,si
Alemán,2018,Ordinaria,Castilla y León,http://www.usal.es/files/acceso/aleman_fase_general_jun_2018.pdf,si
Alemán,2018,Ordinaria,Castilla y León,http://www.usal.es/files/acceso/aleman_fase_general_julio_2018.pdf,si
Alemán,2018,Ordinaria,Castilla y León,http://www.usal.es/files/acceso/criterios_aleman_fase_general_julio_2018.pdf,si
Alemán,2018,Ordinaria,Castilla y León,http://www.usal.es/files/acceso/aleman_fase_mejora_nota_jun_2018.pdf,si
Alemán,2018,Ordinaria,Castilla y León,http://www.usal.es/files/acceso/aleman_fase_mejora_nota_julio_2018.pdf,si
Alemán,2018,Ordinaria,Castilla y León,http://www.usal.es/files/acceso/criterios_aleman_fase_mejora_nota_julio_2018.pdf,si
Alemán,2019,Ordinaria,Castilla y León,https://www.usal.es/files/acceso/aleman_ebau_fase_general_junio_2019.pdf,si
Alemán,2019,Ordinaria,Castilla y León,https://www.usal.es/files/acceso/criterios_aleman_junio_2019.pdf,si
Alemán,2019,Ordinaria,Castilla y León,https://www.usal.es/files/acceso/aleman_fase_general_julio_2019.pdf,si
Alemán,2019,Ordinaria,Castilla y León,https://www.usal.es/files/acceso/criterios_aleman_julio_2019.pdf,si
Alemán,2019,Ordinaria,Castilla y León,https://www.usal.es/files/acceso/aleman_fase_mejora_nota_junio_2019.pdf,si
Alemán,2019,Ordinaria,Castilla y León,https://www.usal.es/files/acceso/criterios_aleman_fase_mejora_nota_junio_2019.pdf,si
Alemán,2019,Ordinaria,Castilla y León,https://www.usal.es/files/acceso/aleman_fase_mejora_nota_julio_2019.pdf,si
Alemán,2019,Ordinaria,Castilla y León,https://www.usal.es/files/acceso/criterios_aleman_fase_mejora_nota_julio_2019.pdf,si
Alemán,2020,Ordinaria,Castilla y León,https://www.usal.es/files/acceso/aleman_fase_obligatoria_ebau_2020.pdf,si
Alemán,2020,Ordinaria,Castilla y León,https://www.usal.es/files/acceso/cc_aleman_fase_obligatoria_ebau_2020.pdf,si
Alemán,2020,Ordinaria,Castilla y León,https://www.usal.es/files/acceso/aleman_fase_mejora_nota_ebau_2020.pdf,si
Alemán,2020,Ordinaria,Castilla y León,https://www.usal.es/files/acceso/cc_aleman_fase_mejora_nota_ebau_2020.pdf,si
Alemán,2021,Ordinaria,Castilla y León,https://www.usal.es/files/acceso/aleman_fase_obligatoria_ebau_junio_2021.pdf,si
Alemán,2021,Ordinaria,Castilla y León,https://www.usal.es/files/acceso/cc_aleman_fase_obligatoria_ebau_junio_2021.pdf,si
Alemán,2021,Ordinaria,Castilla y León,https://www.usal.es/files/acceso/aleman_fase_obligatoria_ebau_julio_2021.pdf,si
Alemán,2021,Ordinaria,Castilla y León,https://www.usal.es/files/acceso/cc_aleman_fase_obligatoria_ebau_julio_2021.pdf,si
Alemán,2021,Ordinaria,Castilla y León,https://www.usal.es/files/acceso/aleman_fase_mejora_nota_ebau_junio_2021.pdf,si
Alemán,2021,Ordinaria,Castilla y León,https://www.usal.es/files/acceso/cc_aleman_fase_mejora_nota_ebau_2021.pdf,si
Alemán,2021,Ordinaria,Castilla y León,https://www.usal.es/files/acceso/aleman_fase_mejora_ebau_julio_2021.pdf,si
Alemán,2021,Ordinaria,Castilla y León,https://www.usal.es/files/acceso/cc_aleman_fase_mejora_ebau_julio_2021.pdf,si
Alemán,2022,Ordinaria,Castilla y León,https://www.usal.es/files/acceso/aleman_fase_general_ebau_junio_2022.pdf,si
Alemán,2022,Ordinaria,Castilla y León,https://www.usal.es/files/acceso/cc_aleman_fase_obligatoria_ebau_junio_2022.pdf,si
Alemán,2022,Ordinaria,Castilla y León,https://www.usal.es/files/acceso/aleman_fase_general_ebau_julio_2022.pdf,si
Alemán,2022,Ordinaria,Castilla y León,https://www.usal.es/files/acceso/cc_aleman_fase_obligatoria_ebau_julio_2022.pdf,si
Alemán,2022,Ordinaria,Castilla y León,https://www.usal.es/files/acceso/aleman_fase_mejora_nota_ebau_junio_2022.pdf,si
Alemán,2022,Ordinaria,Castilla y León,https://www.usal.es/files/acceso/cc_aleman_fase_mejora_nota_ebau_junio_2022.pdf,si
Alemán,2022,Ordinaria,Castilla y León,https://www.usal.es/files/acceso/aleman_fase_mejora_nota_ebau_julio_2022.pdf,si
Alemán,2022,Ordinaria,Castilla y León,https://www.usal.es/files/acceso/cc_aleman_fase_mejora_nota_ebau_julio_2022.pdf,si
Alemán,2023,Modelo 0,Castilla y León,https://www.educa.jcyl.es/universidad/es/servicio-ensenanza-universitaria/acceso-universidades-publicas-castilla-leon/ebau-2023/modelos-0-examen-criterios-correccion/modelos-examen-0.ficheros/1605369-Modelo%200%20Aleman.pdf,si
Alemán,2023,Ordinaria,Castilla y León,https://www.usal.es/files/acceso/aleman_fase_general_ebau_junio_2023.pdf,si
Alemán,2023,Ordinaria,Castilla y León,https://www.usal.es/files/acceso/cc_aleman_fase_obligatoria_ebau_junio_2023.pdf,si
Alemán,2023,Ordinaria,Castilla y León,https://www.usal.es/files/acceso/aleman_fase_general_ebau_julio_2023.pdf,si
Alemán,2023,Ordinaria,Castilla y León,https://www.usal.es/files/acceso/cc_aleman_fase_general_ebau_julio_2023.pdf,si
Alemán,2023,Ordinaria,Castilla y León,https://www.usal.es/files/acceso/aleman_fase_mejora_nota_ebau_junio_2023.pdf,si
Alemán,2023,Ordinaria,Castilla y León,https://www.usal.es/files/acceso/cc_aleman_fase_mejor_nota_ebau_2023.pdf,si
Alemán,2023,Ordinaria,Castilla y León,https://www.usal.es/files/acceso/aleman_fase_mejora_nota_ebau_julio_2023.pdf,si
Alemán,2023,Ordinaria,Castilla y León,https://www.usal.es/files/acceso/cc_aleman_fase_mejora_nota_ebau_julio_2023.pdf,si
Alemán,2024,Ordinaria,Castilla y León,https://www.usal.es/files/acceso/aleman_ii_fase_general_ebau_junio_2024.pdf,si
Alemán,2024,Ordinaria,Castilla y León,https://www.usal.es/files/acceso/cc_aleman_ii_fase_obligatoria_ebau_junio_2024.pdf,si
Alemán,2024,Ordinaria,Castilla y León,https://www.usal.es/files/acceso/aleman_ii_fase_mejora_nota_ebau_junio_2024.pdf,si
Alemán,2024,Ordinaria,Castilla y León,https://www.usal.es/files/acceso/cc_aleman_ii_fase_mejora_nota_ebau_junio_2024.pdf,si
Alemán,2024,Ordinaria,Castilla y León,https://www.usal.es/files/acceso/aleman_ii_fase_mejora_nota_ebau_julio_2024.pdf,si
Alemán,2024,Ordinaria,Castilla y León,https://www.usal.es/files/acceso/cc_aleman_ii_fase_mejora_nota_ebau_julio_2024.pdf,si
Análisis Musical II,2024,Ordinaria,Castilla y León,https://www.usal.es/files/acceso/analisis_musical_ii_fase_general_ebau_junio_2024.pdf,si
Análisis Musical II,2024,Ordinaria,Castilla y León,https://www.usal.es/files/acceso/cc_analisis_musical_ii_ebau_junio_2024.pdf,si
Análisis Musical II,2024,Ordinaria,Castilla y León,https://www.usal.es/files/acceso/analisis_musical_ii_fase_mejora_nota_ebau_junio_2024.pdf,si
Análisis Musical II,2024,Ordinaria,Castilla y León,https://www.usal.es/files/acceso/cc_analisis_musical_ii_ebau_junio_2024.pdf,si
Artes Escénicas,2018,Ordinaria,Castilla y León,http://www.usal.es/files/acceso/artes_escenicas_jun_2018.pdf,si
Artes Escénicas,2018,Ordinaria,Castilla y León,http://www.usal.es/files/acceso/artes_escenicas_julio-2018.pdf,si
Artes Escénicas,2018,Ordinaria,Castilla y León,http://www.usal.es/files/acceso/criterios_artes_escenicas_julio-2018.pdf,si
Artes Escénicas,2019,Ordinaria,Castilla y León,https://www.usal.es/files/acceso/artes-escenicas_junio_2019.pdf,si
Artes Escénicas,2019,Ordinaria,Castilla y León,https://www.usal.es/files/acceso/artes_escenicas_julio_2019.pdf,si
Artes Escénicas,2020,Ordinaria,Castilla y León,https://www.usal.es/files/acceso/artes_escenicas_ebau_2020.pdf,si
Artes Escénicas,2020,Ordinaria,Castilla y León,https://www.usal.es/files/acceso/cc_artes_escenicas_ebau_2020.pdf,si
Artes Escénicas,2020,Ordinaria,Castilla y León,https://www.usal.es/files/acceso/artes_escenicas_sept_2020.pdf,si
Artes Escénicas,2020,Ordinaria,Castilla y León,https://www.usal.es/files/acceso/cc_artes_escenicas_ebau_sept_2020.pdf,si
Artes Escénicas,2021,Ordinaria,Castilla y León,https://www.usal.es/files/acceso/artes_escenicas_ebau_junio_2021.pdf,si
Artes Escénicas,2021,Ordinaria,Castilla y León,https://www.usal.es/files/acceso/cc_artes_escenicas_ebau_junio_2021.pdf,si
Artes Escénicas,2021,Ordinaria,Castilla y León,https://www.usal.es/files/acceso/artes_escenicas_ebau_julio_2021.pdf,si
Artes Escénicas,2021,Ordinaria,Castilla y León,https://www.usal.es/files/acceso/cc_artes_escenicas_ebau_julio_2021.pdf,si
Artes Escénicas,2022,Ordinaria,Castilla y León,https://www.usal.es/files/acceso/artes_escenicas_ebau_junio_2022.pdf,si
Artes Escénicas,2022,Ordinaria,Castilla y León,https://www.usal.es/files/acceso/cc_artes_escenicas_ebau_junio_2022.pdf,si
Artes Escénicas,2022,Ordinaria,Castilla y León,https://www.usal.es/files/acceso/artes_escenicas_ebau_julio_2022.pdf,si
Artes Escénicas,2022,Ordinaria,Castilla y León,https://www.usal.es/files/acceso/cc_artes_escenicas_ebau_julio_2022.pdf,si
Artes Escénicas,2023,Modelo 0,Castilla y León,https://www.educa.jcyl.es/universidad/es/servicio-ensenanza-universitaria/acceso-universidades-publicas-castilla-leon/ebau-2023/modelos-0-examen-criterios-correccion/modelos-examen-0.ficheros/1605370-Modelo%200%20Artes%20Esc%C3%A9nicas.pdf,si
Artes Escénicas,2023,Ordinaria,Castilla y León,https://www.usal.es/files/acceso/artes_escenicas_ebau_junio_2023.pdf,si
Artes Escénicas,2023,Ordinaria,Castilla y León,https://www.usal.es/files/acceso/cc_artes_escenicas_ebau_junio_2023.pdf,si
Artes Escénicas,2023,Ordinaria,Castilla y León,https://www.usal.es/files/acceso/artes_escenicas_ebau_julio_2023.pdf,si
Artes Escénicas,2023,Ordinaria,Castilla y León,https://www.usal.es/files/acceso/cc_artes_escenicas_ebau_julio_2023.pdf,si
Artes Escénicas,2024,Ordinaria,Castilla y León,https://www.usal.es/files/acceso/artes_escenicas_fase_general_ebau_junio_2024.pdf,si
Artes Escénicas,2024,Ordinaria,Castilla y León,https://www.usal.es/files/acceso/cc_artes_escenicas_ii_ebau_junio_2024.pdf,si
Artes Escénicas,2024,Ordinaria,Castilla y León,https://www.usal.es/files/acceso/artes_escenicas_ii_fase_mejora_nota_ebau_junio_2024.pdf,si
Artes Escénicas,2024,Ordinaria,Castilla y León,https://www.usal.es/files/acceso/cc_artes_escenicas_ii_ebau_junio_2024.pdf,si
Artes Escénicas,2024,Ordinaria,Castilla y León,https://www.usal.es/files/acceso/artes_escenicas_ii_fase_mejora_nota_ebau_julio_2024.pdf,si
Artes Escénicas,2024,Ordinaria,Castilla y León,https://www.usal.es/files/acceso/cc_artes_escenicas_ii_ebau_junio_2024.pdf,si
Artes Escénicas,2025,Modelo 0,Castilla y León,https://www.educa.jcyl.es/universidad/es/servicio-ensenanza-universitaria/acceso-universidades-publicas-castilla-leon/pau-2025-b5f5f/modelos-examen-0.ficheros/1744597-Modelo%200%20Artes%20Esc%C3%A9nicas%20II.pdf,si
Biología,2018,Ordinaria,Castilla y León,http://www.usal.es/files/acceso/biologia_jun_2018.pdf,si
Biología,2018,Ordinaria,Castilla y León,http://www.usal.es/files/acceso/biologia_julio_2018.pdf,si
Biología,2018,Ordinaria,Castilla y León,http://www.usal.es/files/acceso/criterios_biologia_julio_2018.pdf,no
Biología,2019,Ordinaria,Castilla y León,https://www.usal.es/files/acceso/biologia_junio_2019.pdf,si
Biología,2019,Ordinaria,Castilla y León,https://www.usal.es/files/acceso/criterios_biologia_junio_2019.pdf,si
Biología,2019,Ordinaria,Castilla y León,https://www.usal.es/files/acceso/biologia_julio_2019.pdf,si
Biología,2019,Ordinaria,Castilla y León,https://www.usal.es/files/acceso/criterios_biologia_julio_2019.pdf,si
Biología,2020,Ordinaria,Castilla y León,https://www.usal.es/files/acceso/biologia_ebau_2020.pdf,si
Biología,2020,Ordinaria,Castilla y León,https://www.usal.es/files/acceso/cc_biologia_ebau_2020.pdf,si
Biología,2020,Ordinaria,Castilla y León,https://www.usal.es/files/acceso/biologia_sept_2020.pdf,si
Biología,2020,Ordinaria,Castilla y León,https://www.usal.es/files/acceso/cc_biologia_ebau_sept_2020.pdf,si
Biología,2021,Ordinaria,Castilla y León,https://www.usal.es/files/acceso/biologia_ebau_junio_2021.pdf,si
Biología,2021,Ordinaria,Castilla y León,https://www.usal.es/files/acceso/cc_biologia_ebau_junio_2021.pdf,no
Biología,2021,Ordinaria,Castilla y León,https://www.usal.es/files/acceso/biologia_ebau_julio_2021.pdf,no
Biología,2021,Ordinaria,Castilla y León,https://www.usal.es/files/acceso/cc_biologia_ebau_julio_2021.pdf,no
Biología,2022,Ordinaria,Castilla y León,https://www.usal.es/files/acceso/biologia_ebau_junio_2022.pdf,no
Biología,2022,Ordinaria,Castilla y León,https://www.usal.es/files/acceso/cc_biologia_ebau_junio_2022.pdf,no
Biología,2022,Ordinaria,Castilla y León,https://www.usal.es/files/acceso/biologia_ebau_julio_2022.pdf,no
Biología,2022,Ordinaria,Castilla y León,https://www.usal.es/files/acceso/cc_biologia_ebau_julio_2022.pdf,no
Biología,2023,Modelo 0,Castilla y León,https://www.educa.jcyl.es/universidad/es/servicio-ensenanza-universitaria/acceso-universidades-publicas-castilla-leon/ebau-2023/modelos-0-examen-criterios-correccion/modelos-examen-0.ficheros/1605371-Modelo%200%20Biolog%C3%ADa%20.pdf,si
Biología,2023,Ordinaria,Castilla y León,https://www.usal.es/files/acceso/biologia_ebau_junio_2023.pdf,no
Biología,2023,Ordinaria,Castilla y León,https://www.usal.es/files/acceso/cc_biologia-criterios_ebau_junio_2023.pdf,no
Biología,2023,Ordinaria,Castilla y León,https://www.usal.es/files/acceso/biologia_ebau_julio_2023.pdf,no
Biología,2023,Ordinaria,Castilla y León,https://www.usal.es/files/acceso/cc_biologia_ebau_julio_2023.pdf,no
Biología,2024,Ordinaria,Castilla y León,https://www.usal.es/files/acceso/biologia_ebau_junio_2024.pdf,no
Biología,2024,Ordinaria,Castilla y León,https://www.usal.es/files/acceso/cc_biologia_ebau_junio_2024.pdf,no
Biología,2024,Ordinaria,Castilla y León,https://www.usal.es/files/acceso/biologia_ebau_julio_2024.pdf,no
Biología,2024,Ordinaria,Castilla y León,https://www.usal.es/files/acceso/cc_biologia_ebau_julio_2024.pdf,no
Ciencias Generales,2024,Ordinaria,Castilla y León,https://www.usal.es/files/acceso/ciencias_generales_fase_general_ebau_junio_2024.pdf,no
Ciencias Generales,2024,Ordinaria,Castilla y León,https://www.usal.es/files/acceso/ciencias_generales_fase_mejora_nota_ebau_junio_2024.pdf,no
Ciencias Generales,2025,Modelo 0,Castilla y León,https://www.educa.jcyl.es/universidad/es/servicio-ensenanza-universitaria/acceso-universidades-publicas-castilla-leon/pau-2025-b5f5f/modelos-examen-0.ficheros/1746875-Modelo%200%20Ciencias%20Generales.pdf,si
Coro y Técnica Vocal II,2024,Ordinaria,Castilla y León,https://www.usal.es/files/acceso/coro_y_tecnica_vocal_ebau_junio_2024.pdf,no
Coro y Técnica Vocal II,2024,Ordinaria,Castilla y León,http://file:///C:/Users/User/Desktop/DESCARGA%20julio%202020/Criterios%20de%20correcci%C3%B3n%20Coro%20y%20T%C3%A9cnica%20Vocal%20II.pdf,no
Coro y Técnica Vocal II,2025,Modelo 0,Castilla y León,https://www.educa.jcyl.es/universidad/es/servicio-ensenanza-universitaria/acceso-universidades-publicas-castilla-leon/pau-2025-b5f5f/modelos-examen-0.ficheros/1743854-Modelo%200%20Coro%20y%20T%C3%A9cnica%20Vocal%20II.pdf,si
Cultura Audiovisual,2023,Modelo 0,Castilla y León,https://www.educa.jcyl.es/universidad/es/servicio-ensenanza-universitaria/acceso-universidades-publicas-castilla-leon/ebau-2023/modelos-0-examen-criterios-correccion/modelos-examen-0.ficheros/1605372-Modelo%200%20Cultura%20Audiovisual.pdf,si
Desconocida,2018,Ordinaria,Castilla y León,http://www.usal.es/files/acceso/cultura_audiovisual_jun_2018.pdf,no
Desconocida,2018,Ordinaria,Castilla y León,http://www.usal.es/files/acceso/cultura_audiovisual_julio_2018.pdf,no
Desconocida,2018,Ordinaria,Castilla y León,http://www.usal.es/files/acceso/criterios_cultura_audiovisual_julio_2018.pdf,no
Desconocida,2018,Ordinaria,Castilla y León,http://www.usal.es/files/acceso/criterios_ha_espana_julio_2018.pdf,no
Desconocida,2018,Ordinaria,Castilla y León,http://www.usal.es/files/acceso/ha_arte_julio_2018.pdf,no
Desconocida,2018,Ordinaria,Castilla y León,http://www.usal.es/files/acceso/criterios_ha_del_arte_julio_2018.pdf,no
Desconocida,2019,Ordinaria,Castilla y León,https://www.usal.es/files/acceso/cultura_audiovisual_junio_2019.pdf,no
Desconocida,2019,Ordinaria,Castilla y León,https://www.usal.es/files/acceso/criterios_cultura_audiovisual_junio_2019.pdf,no
Desconocida,2019,Ordinaria,Castilla y León,https://www.usal.es/files/acceso/cultura_audiovisual_julio_2019.pdf,no
Desconocida,2019,Ordinaria,Castilla y León,https://www.usal.es/files/acceso/criterios_cultura_audiovisual_julio_2019.pdf,no
Desconocida,2019,Ordinaria,Castilla y León,https://www.usal.es/files/acceso/criterios_h._arte_junio_2019.pdf,no
Desconocida,2020,Ordinaria,Castilla y León,https://www.usal.es/files/acceso/cultura_audiovisual_ebau_2020.pdf,no
Desconocida,2020,Ordinaria,Castilla y León,https://www.usal.es/files/acceso/cc_cultura_audiovisual_ebau_2020.pdf,no
Desconocida,2020,Ordinaria,Castilla y León,https://www.usal.es/files/acceso/cultura_audiovisual_sept_2020.pdf,no
Desconocida,2020,Ordinaria,Castilla y León,https://www.usal.es/files/acceso/cc_cultura_audiovisual_ebau_sept_2020.pdf,no
Desconocida,2020,Ordinaria,Castilla y León,https://www.usal.es/files/acceso/fund_arte_ebau_2020.pdf,no
Desconocida,2020,Ordinaria,Castilla y León,https://www.usal.es/files/acceso/geogrfia_ebau_2020.pdf,no
Desconocida,2020,Ordinaria,Castilla y León,https://www.usal.es/files/acceso/ha_de_espana_ebau_2020.pdf,no
Desconocida,2020,Ordinaria,Castilla y León,https://www.usal.es/files/acceso/ha_de_espana_ebau_sept_2020.pdf,no
Desconocida,2020,Ordinaria,Castilla y León,https://www.usal.es/files/acceso/ha_del_arte_ebau_2020.pdf,no
Desconocida,2020,Ordinaria,Castilla y León,https://www.usal.es/files/acceso/cc_ha_del_arte_ebau_2020_1.pdf,no
Desconocida,2020,Ordinaria,Castilla y León,https://www.usal.es/files/acceso/ha_del_arte_ebau_sept_2020.pdf,no
Desconocida,2020,Ordinaria,Castilla y León,https://www.usal.es/files/acceso/cc_ha_del_arte_ebau_sept_2020.pdf,no
Desconocida,2020,Ordinaria,Castilla y León,https://www.usal.es/files/acceso/cc_mat_ccss_ebau_2020.pdf,no
Desconocida,2020,Ordinaria,Castilla y León,https://www.usal.es/files/acceso/mat._aplic.cc_.ss_._ebau_sept_2020.pdf,no
Desconocida,2020,Ordinaria,Castilla y León,https://www.usal.es/files/acceso/cc_mat_acs_ebau_sept_2020.pdf,no
Desconocida,2020,Ordinaria,Castilla y León,https://www.usal.es/files/acceso/cc_quimicva_ebau_sept_2020.pdf,no
Desconocida,2021,Ordinaria,Castilla y León,https://www.usal.es/files/acceso/cultura_audiovisual_ebau_junio_2021.pdf,no
Desconocida,2021,Ordinaria,Castilla y León,https://www.usal.es/files/acceso/cc_cultura_audiovisual_ebau_junio_2021.pdf,no
Desconocida,2021,Ordinaria,Castilla y León,https://www.usal.es/files/acceso/cultura_audiovisual_ebau_julio_2021.pdf,no
Desconocida,2021,Ordinaria,Castilla y León,https://www.usal.es/files/acceso/cc_cultura_audiovisual_ebau_julio_2021.pdf,no
Desconocida,2021,Ordinaria,Castilla y León,https://www.usal.es/files/acceso/ha_de_espana_ebau_junio_2021.pdf,no
Desconocida,2021,Ordinaria,Castilla y León,https://www.usal.es/files/acceso/ha_de_espana_ebau_julio_2021.pdf,no
Desconocida,2021,Ordinaria,Castilla y León,https://www.usal.es/files/acceso/ha_del_arte_ebau_junio_2021.pdf,no
Desconocida,2021,Ordinaria,Castilla y León,https://www.usal.es/files/acceso/ha_del_arte_ebau_julio_2021.pdf,no
Desconocida,2021,Ordinaria,Castilla y León,https://www.usal.es/files/acceso/lengu_castellana_ebau_junio_2021_0.pdf,no
Desconocida,2022,Ordinaria,Castilla y León,https://www.usal.es/files/acceso/cultura_audiovisual_ebau_junio_2022.pdf,no
Desconocida,2022,Ordinaria,Castilla y León,https://www.usal.es/files/acceso/cc_cultura_audiovisual_ebau_junio_2022.pdf,no
Desconocida,2022,Ordinaria,Castilla y León,https://www.usal.es/files/acceso/cultura_audiovisual_ebau_julio_2022.pdf,no
Desconocida,2022,Ordinaria,Castilla y León,https://www.usal.es/files/acceso/cc_cultura_audiovisual_ebau_julio_2022.pdf,no
Desconocida,2023,Ordinaria,Castilla y León,https://www.usal.es/files/acceso/cultura_audiovisual_ebau_junio_2023.pdf,si
Desconocida,2023,Ordinaria,Castilla y León,https://www.usal.es/files/acceso/cc_cultura_audiovisual_ebau_junio_2023.pdf,si
Desconocida,2023,Ordinaria,Castilla y León,https://www.usal.es/files/acceso/cultura_audiovisual_ebau_julio_2023.pdf,si
Desconocida,2023,Ordinaria,Castilla y León,https://www.usal.es/files/acceso/cc_cultura_audiovisual_ebau_julio_2023.pdf,si
Desconocida,2023,Ordinaria,Castilla y León,https://www.usal.es/files/acceso/cc_frtancesfase_general_ebau_julio_2023.pdf,si
Desconocida,2023,Ordinaria,Castilla y León,https://www.usal.es/files/acceso/ha_de_espana_ebau_julio_2023.pdf,si
Desconocida,2024,Ordinaria,Castilla y León,http://file:///C:/Users/User/Desktop/DESCARGA%20julio%202020/Criterios%20de%20correcci%C3%B3n%20Ciencias%20Generales.pdf,no
Desconocida,2024,Ordinaria,Castilla y León,http://file:///C:/Users/User/Desktop/DESCARGA%20julio%202020/Criterios%20de%20correcci%C3%B3n%20Ciencias%20Generales.pdf,no
Desconocida,2024,Ordinaria,Castilla y León,https://www.usal.es/files/acceso/dibujo_tec._aplicado_a_las_aa._p._y_d_ebau_junio_2024.pdf,si
Desconocida,2024,Ordinaria,Castilla y León,https://www.usal.es/files/acceso/dibujo_tec._aapd_ebau_julio_2024.pdf,si
Desconocida,2024,Ordinaria,Castilla y León,https://www.usal.es/files/acceso/empresa_y_dmn_ebau_junio_2024.pdf,si
Desconocida,2024,Ordinaria,Castilla y León,https://www.usal.es/files/acceso/cc_empresa_y_dmn_ebau_junio_2024.pdf,si
Desconocida,2024,Ordinaria,Castilla y León,https://www.usal.es/files/acceso/empresa_y_dineo_de_modelos_de_negocio_ebau_julio_2024.pdf,si
Desconocida,2024,Ordinaria,Castilla y León,https://www.usal.es/files/acceso/ha_espana_fase_general_ebau_junio_2024.pdf,si
Desconocida,2024,Ordinaria,Castilla y León,https://www.usal.es/files/acceso/tecnicas_egp_ebau_junio_2024.pdf,si
Desconocida,2024,Ordinaria,Castilla y León,https://www.usal.es/files/acceso/cc_tecnicas_de_expresion_grafico-plastica_ebau_junio_2024.pdf,si
Desconocida,2025,Modelo 0,Castilla y León,https://www.educa.jcyl.es/universidad/es/servicio-ensenanza-universitaria/acceso-universidades-publicas-castilla-leon/pau-2025-b5f5f/modelos-examen-0.ficheros/1744537-Modelo%200%20An%C3%A1lisis%20Musical%20II.pdf,si
Desconocida,2025,Modelo 0,Castilla y León,https://www.educa.jcyl.es/universidad/es/servicio-ensenanza-universitaria/acceso-universidades-publicas-castilla-leon/pau-2025-b5f5f/modelos-examen-0.ficheros/1744539-Modelo%200%20Biologi%C2%BFa.pdf,si
Desconocida,2025,Modelo 0,Castilla y León,https://www.educa.jcyl.es/universidad/es/servicio-ensenanza-universitaria/acceso-universidades-publicas-castilla-leon/pau-2025-b5f5f/modelos-examen-0.ficheros/1745257-Modelo%200%20Dibujo%20Art%C3%ADstico%20II.pdf,si
Dibujo Artístico II,2024,Ordinaria,Castilla y León,https://www.usal.es/files/acceso/dibujo_artistico_ii_fase_general_ebau_junio_2024.pdf,si
Dibujo Artístico II,2024,Ordinaria,Castilla y León,https://www.usal.es/files/acceso/cc_dibujo_artistico_ii_fase_obligatoria_ebau_junio_2024.pdf,si
Dibujo Artístico II,2024,Ordinaria,Castilla y León,https://www.usal.es/files/acceso/dibujo_artistico-ii_fase_general_ebau_julio_2024.pdf,si
Dibujo Artístico II,2024,Ordinaria,Castilla y León,https://www.usal.es/files/acceso/cc_dibujo_artistico_ii_fase_obligatoria_ebau_julio_2024.pdf,si
Dibujo Artístico II,2024,Ordinaria,Castilla y León,https://www.usal.es/files/acceso/dibujo_artistico_ii_fase_mejora_nota_ebau_junio_2024.pdf,si
Dibujo Artístico II,2024,Ordinaria,Castilla y León,https://www.usal.es/files/acceso/cc_dibujo_artistico_ii_ii_fase_mejora_nota_ebau_junio_2024.pdf,si
Dibujo Técnico II,2018,Ordinaria,Castilla y León,http://www.usal.es/files/acceso/dibujo_tecnico_ii_jun_2018.pdf,si
Dibujo Técnico II,2018,Ordinaria,Castilla y León,http://www.usal.es/files/acceso/dibujo_tecnico_julio_2018.pdf,si
Dibujo Técnico II,2018,Ordinaria,Castilla y León,http://www.usal.es/files/acceso/criterios_dibujo_tecnico_ii_julio_2018.pdf,si
Dibujo Técnico II,2019,Ordinaria,Castilla y León,https://www.usal.es/files/acceso/dibujo_tecnico_junio_2019.pdf,si
Dibujo Técnico II,2019,Ordinaria,Castilla y León,https://www.usal.es/files/acceso/criterios_dibujo_tecnico_junio_2019.pdf,si
Dibujo Técnico II,2019,Ordinaria,Castilla y León,https://www.usal.es/files/acceso/dibujo_tecnico_julio_2019.pdf,si
Dibujo Técnico II,2019,Ordinaria,Castilla y León,https://www.usal.es/files/acceso/criterios_dibujo_tecnico_julio_2019.pdf,si
Dibujo Técnico II,2020,Ordinaria,Castilla y León,https://www.usal.es/files/acceso/dibujo_tecnico_ii_ebau_2020.pdf,si
Dibujo Técnico II,2020,Ordinaria,Castilla y León,https://www.usal.es/files/acceso/cc_dibujo_tecnico_ii_ebau_2020.pdf,si
Dibujo Técnico II,2020,Ordinaria,Castilla y León,https://www.usal.es/files/acceso/dibujo_tecnico_ii_ebau_sept_2020.pdf,si
Dibujo Técnico II,2020,Ordinaria,Castilla y León,https://www.usal.es/files/acceso/cc_dibujo_tecnico_ebau_sept_2020.pdf,si
Dibujo Técnico II,2021,Ordinaria,Castilla y León,https://www.usal.es/files/acceso/dibujo_tecnico_ebau_junio_2021.pdf,si
Dibujo Técnico II,2021,Ordinaria,Castilla y León,https://www.usal.es/files/acceso/cc_dibujo_tecnico_ii_ebau_junio_2021.pdf,si
Dibujo Técnico II,2021,Ordinaria,Castilla y León,https://www.usal.es/files/acceso/dibujo_tecnico_ebau_julio_2021.pdf,si
Dibujo Técnico II,2021,Ordinaria,Castilla y León,https://www.usal.es/files/acceso/cc_dibujo_tecnico_ebau_julio_2021.pdf,si
Dibujo Técnico II,2022,Ordinaria,Castilla y León,https://www.usal.es/files/acceso/dibujo_tecnico_ebau_junio_2022.pdf,si
Dibujo Técnico II,2022,Ordinaria,Castilla y León,https://www.usal.es/files/acceso/cc_dibujo_tecnico_ebau_junio_2022.pdf,si
Dibujo Técnico II,2022,Ordinaria,Castilla y León,https://www.usal.es/files/acceso/dibujo_tecnico_ebau_julio_2022.pdf,si
Dibujo Técnico II,2022,Ordinaria,Castilla y León,https://www.usal.es/files/acceso/cc_dibujo_tecnico_ii_ebau_julio_2022.pdf,si
Dibujo Técnico II,2023,Modelo 0,Castilla y León,https://www.educa.jcyl.es/universidad/es/servicio-ensenanza-universitaria/acceso-universidades-publicas-castilla-leon/ebau-2023/modelos-0-examen-criterios-correccion/modelos-examen-0.ficheros/1605373-Modelo%200%20Dibujo%20T%C3%A9cnico%20II.pdf,si
Dibujo Técnico II,2023,Ordinaria,Castilla y León,https://www.usal.es/files/acceso/dibujo_tecnico_ii_ebau_junio_2023.pdf,si
Dibujo Técnico II,2023,Ordinaria,Castilla y León,https://www.usal.es/files/acceso/cc_dibujo_tecnico_ebau_junio_2023.pdf,si
Dibujo Técnico II,2023,Ordinaria,Castilla y León,https://www.usal.es/files/acceso/dibujo_tecnico_ebau_julio_2023.pdf,si
Dibujo Técnico II,2023,Ordinaria,Castilla y León,https://www.usal.es/files/acceso/cc_dibujo_tecnico_ebau_julio_2023.pdf,si
Dibujo Técnico II,2024,Ordinaria,Castilla y León,https://www.usal.es/files/acceso/dibujo_tecnico_ii_ebau_junio_2024.pdf,si
Dibujo Técnico II,2024,Ordinaria,Castilla y León,https://www.usal.es/files/acceso/cc_dibujo_tecnico_ii_ebau_junio_2024.pdf,si
Dibujo Técnico II,2024,Ordinaria,Castilla y León,https://www.usal.es/files/acceso/dibujo_tecnico_ebau_julio_2024.pdf,si
Dibujo Técnico II,2024,Ordinaria,Castilla y León,https://www.usal.es/files/acceso/cc_dibujo_tecnico_ii_ebau_julio_2024.pdf,si
Dibujo Técnico II,2025,Modelo 0,Castilla y León,https://www.educa.jcyl.es/universidad/es/servicio-ensenanza-universitaria/acceso-universidades-publicas-castilla-leon/pau-2025-b5f5f/modelos-examen-0.ficheros/1744540-Modelo%200%20Dibujo%20T%C3%A9cnico%20II.pdf,si
Dibujo Técnico II,2025,Modelo 0,Castilla y León,https://www.educa.jcyl.es/universidad/es/servicio-ensenanza-universitaria/acceso-universidades-publicas-castilla-leon/pau-2025-b5f5f/modelos-examen-0.ficheros/1745258-Modelo%200%20Dibujo%20T%C3%A9cnico%20aplicado%20a%20las%20Artes%20Pl%C3%A1sticas%20y%20al%20Dise%C3%B1o%20II.pdf,si
Diseño,2018,Ordinaria,Castilla y León,http://www.usal.es/files/acceso/diseno_jun_2018.pdf,si
Diseño,2018,Ordinaria,Castilla y León,http://www.usal.es/files/acceso/diseno_julio_2018.pdf,si
Diseño,2018,Ordinaria,Castilla y León,http://www.usal.es/files/acceso/criterios_diseno_julio_2018.pdf,si
Diseño,2019,Ordinaria,Castilla y León,https://www.usal.es/files/acceso/diseno_junio_2019.pdf,si
Diseño,2019,Ordinaria,Castilla y León,https://www.usal.es/files/acceso/criterios_diseno_junio_2019.pdf,si
Diseño,2019,Ordinaria,Castilla y León,https://www.usal.es/files/acceso/diseno_julio_2019.pdf,si
Diseño,2019,Ordinaria,Castilla y León,https://www.usal.es/files/acceso/criterios_diseno_julio_2019.pdf,si
Diseño,2020,Ordinaria,Castilla y León,https://www.usal.es/files/acceso/diseno_ebau_2020.pdf,si
Diseño,2020,Ordinaria,Castilla y León,https://www.usal.es/files/acceso/cc_diseno_ebau_2020.pdf,si
Diseño,2020,Ordinaria,Castilla y León,https://www.usal.es/files/acceso/diseno_ebau_sept_2020.pdf,si
Diseño,2020,Ordinaria,Castilla y León,https://www.usal.es/files/acceso/cc_diseno_ebau_sept_2020.pdf,si
Diseño,2021,Ordinaria,Castilla y León,https://www.usal.es/files/acceso/diseno_ebau_junio_2021.pdf,si
Diseño,2021,Ordinaria,Castilla y León,https://www.usal.es/files/acceso/cc_diseno_ebau_junio_2021.pdf,si
Diseño,2021,Ordinaria,Castilla y León,https://www.usal.es/files/acceso/diseno_ebau_julio_2021.pdf,si
Diseño,2021,Ordinaria,Castilla y León,https://www.usal.es/files/acceso/cc_diseno_ebau_julio_2021.pdf,si
Diseño,2022,Ordinaria,Castilla y León,https://www.usal.es/files/acceso/diseno_ebau_junio_2022.pdf,si
Diseño,2022,Ordinaria,Castilla y León,https://www.usal.es/files/acceso/cc_diseno_ebau_junio_2022.pdf,si
Diseño,2022,Ordinaria,Castilla y León,https://www.usal.es/files/acceso/diseno_ebau_julio_2022.pdf,si
Diseño,2022,Ordinaria,Castilla y León,https://www.usal.es/files/acceso/cc_diseno_ebau_julio_2022.pdf,si
Diseño,2023,Ordinaria,Castilla y León,https://www.usal.es/files/acceso/diseno_ebau_junio_2023.pdf,si
Diseño,2023,Ordinaria,Castilla y León,https://www.usal.es/files/acceso/cc_diseno_ebau_junio_2023.pdf,si
Diseño,2023,Ordinaria,Castilla y León,https://www.usal.es/files/acceso/diseno_ebau_julio_2023.pdf,si
Diseño,2023,Ordinaria,Castilla y León,https://www.usal.es/files/acceso/cc_diseno_ebau_julio_2023.pdf,si
Diseño,2024,Ordinaria,Castilla y León,https://www.usal.es/files/acceso/cc_dibujo_tecnico_aplicado_a_las_artes_plasticas_y_al_diseno_ii_junio_2024.pdf,si
Diseño,2024,Ordinaria,Castilla y León,https://www.usal.es/files/acceso/cc_dibujo_tecnico_aplicado_a_las_artes_plasticas_y_al_diseno_ii_junio_2024.pdf,si
Diseño,2024,Ordinaria,Castilla y León,https://www.usal.es/files/acceso/diseno_ii_ebau_junio_2024.pdf,si
Diseño,2024,Ordinaria,Castilla y León,https://www.usal.es/files/acceso/cc_diseno_ebau_junio_2024.pdf,si
Diseño,2024,Ordinaria,Castilla y León,https://www.usal.es/files/acceso/diseno_ebau_julio_2024.pdf,si
Diseño,2024,Ordinaria,Castilla y León,https://www.usal.es/files/acceso/cc_diseno_ebau_julio_2024.pdf,si
Diseño,2024,Ordinaria,Castilla y León,https://www.usal.es/files/acceso/cc_empresa_y_diseno_de_modelos_de_negocio_ebau_julio_2024.pdf,si
Disseny,2023,Modelo 0,Castilla y León,https://www.educa.jcyl.es/universidad/es/servicio-ensenanza-universitaria/acceso-universidades-publicas-castilla-leon/ebau-2023/modelos-0-examen-criterios-correccion/modelos-examen-0.ficheros/1605374-Modelo%200%20Dise%C3%B1o.pdf,si
Disseny,2025,Modelo 0,Castilla y León,https://www.educa.jcyl.es/universidad/es/servicio-ensenanza-universitaria/acceso-universidades-publicas-castilla-leon/pau-2025-b5f5f/modelos-examen-0.ficheros/1744013-Modelo%200%20Empresa%20y%20Dise%C3%B1o%20de%20Modelos%20de%20Negocio.pdf,si
Disseny,2025,Modelo 0,Castilla y León,https://www.educa.jcyl.es/universidad/es/servicio-ensenanza-universitaria/acceso-universidades-publicas-castilla-leon/pau-2025-b5f5f/modelos-examen-0.ficheros/1744541-Modelo%200%20Dise%C3%B1o.pdf,si
Economía de la Empresa,2018,Ordinaria,Castilla y León,http://www.usal.es/files/acceso/economia_jun_2018.pdf,si
Economía de la Empresa,2018,Ordinaria,Castilla y León,http://www.usal.es/files/acceso/economia_empresa_julio_2018.pdf,si
Economía de la Empresa,2018,Ordinaria,Castilla y León,http://www.usal.es/files/acceso/criterios_economia_empresa_julio_2018.pdf,si
Economía de la Empresa,2019,Ordinaria,Castilla y León,https://www.usal.es/files/acceso/economia_de_la_empresa_junio_2019.pdf,si
Economía de la Empresa,2019,Ordinaria,Castilla y León,https://www.usal.es/files/acceso/criterios_economia_de_la_empresa_junio_2019.pdf,no
Economía de la Empresa,2019,Ordinaria,Castilla y León,https://www.usal.es/files/acceso/economia_de_la_empresa_julio_2019.pdf,no
Economía de la Empresa,2019,Ordinaria,Castilla y León,https://www.usal.es/files/acceso/criterios_economia_de_la_empresa_julio_2019.pdf,no
Economía de la Empresa,2020,Ordinaria,Castilla y León,https://www.usal.es/files/acceso/economia-ebau-2020.pdf,no
Economía de la Empresa,2020,Ordinaria,Castilla y León,https://www.usal.es/files/acceso/cc_economia_ebau-2020.pdf,no
Economía de la Empresa,2020,Ordinaria,Castilla y León,https://www.usal.es/files/acceso/economia_ebau_sept_2020.pdf,no
Economía de la Empresa,2020,Ordinaria,Castilla y León,https://www.usal.es/files/acceso/cc_economia_ebau_sept_2020.pdf,no
Economía de la Empresa,2021,Ordinaria,Castilla y León,https://www.usal.es/files/acceso/economia_ebau_junio_2021.pdf,no
Economía de la Empresa,2021,Ordinaria,Castilla y León,https://www.usal.es/files/acceso/cc_economia_ebau_junio_2021.pdf,no
Economía de la Empresa,2021,Ordinaria,Castilla y León,https://www.usal.es/files/acceso/economia_ebau_julio_2021.pdf,no
Economía de la Empresa,2021,Ordinaria,Castilla y León,https://www.usal.es/files/acceso/cc_economia_ebau_julio_2021.pdf,no
Economía de la Empresa,2022,Ordinaria,Castilla y León,https://www.usal.es/files/acceso/economia_ebau_junio_2022.pdf,no
Economía de la Empresa,2022,Ordinaria,Castilla y León,https://www.usal.es/files/acceso/cc_economia_de_la_empresa_ebau_junio_2022.pdf,no
Economía de la Empresa,2022,Ordinaria,Castilla y León,https://www.usal.es/files/acceso/economia_ebau_julio_2022.pdf,no
Economía de la Empresa,2022,Ordinaria,Castilla y León,https://www.usal.es/files/acceso/cc_economia_de_la_empresa_ebau_julio_2022.pdf,no
Economía de la Empresa,2023,Modelo 0,Castilla y León,https://www.educa.jcyl.es/universidad/es/servicio-ensenanza-universitaria/acceso-universidades-publicas-castilla-leon/ebau-2023/modelos-0-examen-criterios-correccion/modelos-examen-0.ficheros/1605375-Modelo%200%20Econom%C3%ADa%20de%20la%20Empresa.pdf,si
Economía de la Empresa,2023,Ordinaria,Castilla y León,https://www.usal.es/files/acceso/economia_ebau_junio_2023.pdf,no
Economía de la Empresa,2023,Ordinaria,Castilla y León,https://www.usal.es/files/acceso/cc_economia_ebau_junio_2023.pdf,no
Economía de la Empresa,2023,Ordinaria,Castilla y León,https://www.usal.es/files/acceso/economia_ebau_julio_2023.pdf,no
Economía de la Empresa,2023,Ordinaria,Castilla y León,https://www.usal.es/files/acceso/cc_economia_ebau_julio_2023.pdf,no
Francés,2018,Ordinaria,Castilla y León,http://www.usal.es/files/acceso/frances_fase_general_jun_2018.pdf,no
Francés,2018,Ordinaria,Castilla y León,http://www.usal.es/files/acceso/frances_fase_general_julio_2018.pdf,no
Francés,2018,Ordinaria,Castilla y León,http://www.usal.es/files/acceso/criterios_frances_fase_general_julio_2018.pdf,no
Francés,2018,Ordinaria,Castilla y León,http://www.usal.es/files/acceso/frances_fase_mejora_nota_jun_2018.pdf,no
Francés,2018,Ordinaria,Castilla y León,http://www.usal.es/files/acceso/frances_fase_mejora_nota_julio_2018.pdf,no
Francés,2018,Ordinaria,Castilla y León,http://www.usal.es/files/acceso/criterios_frances_fase_mejora_nota_julio_2018.pdf,no
Francés,2019,Ordinaria,Castilla y León,https://www.usal.es/files/acceso/frances_fase_general_junio_2019.pdf,no
Francés,2019,Ordinaria,Castilla y León,https://www.usal.es/files/acceso/criterios_frances_junio_2019.pdf,no
Francés,2019,Ordinaria,Castilla y León,https://www.usal.es/files/acceso/frances_fase_general_julio_2019.pdf,no
Francés,2019,Ordinaria,Castilla y León,https://www.usal.es/files/acceso/criterios_frances_julio_2019.pdf,no
Francés,2019,Ordinaria,Castilla y León,https://www.usal.es/files/acceso/frances_fase_mejora_nota_junio_2019.pdf,no
Francés,2019,Ordinaria,Castilla y León,https://www.usal.es/files/acceso/criterio_frances_fase_mejora_nota_junio_2019.pdf,no
Francés,2019,Ordinaria,Castilla y León,https://www.usal.es/files/acceso/frances_fase_mejora_nota_julio_2019.pdf,no
Francés,2019,Ordinaria,Castilla y León,https://www.usal.es/files/acceso/criterios_frances_fase_mejora_nota_julio_2019.pdf,no
Francés,2020,Ordinaria,Castilla y León,https://www.usal.es/files/acceso/frances_fase_obligatoria_ebau_2020.pdf,no
Francés,2020,Ordinaria,Castilla y León,https://www.usal.es/files/acceso/cc_frances_fase_obligatoria_ebau_2020.pdf,no
Francés,2020,Ordinaria,Castilla y León,https://www.usal.es/files/acceso/frances_fase_obligatoria_ebau_sept_2020.pdf,no
Francés,2020,Ordinaria,Castilla y León,https://www.usal.es/files/acceso/cc_frances_ebau_2020_sept_2020.pdf,no
Francés,2020,Ordinaria,Castilla y León,https://www.usal.es/files/acceso/frances_fase_mejora_nota_ebau_2020.pdf,no
Francés,2020,Ordinaria,Castilla y León,https://www.usal.es/files/acceso/cc_frances_fase_mejora_nota_ebau_2020.pdf,no
Francés,2020,Ordinaria,Castilla y León,https://www.usal.es/files/acceso/frances_fase_mejora_nota_ebau_2020_0.pdf,no
Francés,2020,Ordinaria,Castilla y León,https://www.usal.es/files/acceso/cc_frances_fase_mejora_de_nota_ebau_sept_2020.pdf,si
Francés,2021,Ordinaria,Castilla y León,https://www.usal.es/files/acceso/frances_fase_obligatoria_ebau_junio_2021.pdf,si
Francés,2021,Ordinaria,Castilla y León,https://www.usal.es/files/acceso/cc_frances_fase_obligatoria_ebau_junio_2021.pdf,si
Francés,2021,Ordinaria,Castilla y León,https://www.usal.es/files/acceso/frances_fase_obligatoria_ebau_julio_2021.pdf,si
Francés,2021,Ordinaria,Castilla y León,https://www.usal.es/files/acceso/cc_frances_fase_obligatoria_ebau_julio_2021.pdf,si
Francés,2021,Ordinaria,Castilla y León,https://www.usal.es/files/acceso/frances_fase_mejora_nota_ebau_junio_2021.pdf,si
Francés,2021,Ordinaria,Castilla y León,https://www.usal.es/files/acceso/cc_frances_fase_mejora_nota_ebau_junio_2021.pdf,si
Francés,2021,Ordinaria,Castilla y León,https://www.usal.es/files/acceso/frances_fase_mejora_ebau_julio_2021.pdf,si
Francés,2021,Ordinaria,Castilla y León,https://www.usal.es/files/acceso/cc_frances_fase_mejora_ebau_julio_2021.pdf,si
Francés,2022,Ordinaria,Castilla y León,https://www.usal.es/files/acceso/frances_fase_general_ebau_junio_2022.pdf,si
Francés,2022,Ordinaria,Castilla y León,https://www.usal.es/files/acceso/cc_frances_fase_obligatoria_ebau_junio_2022.pdf,si
Francés,2022,Ordinaria,Castilla y León,https://www.usal.es/files/acceso/frances_fase_general_ebau_julio_2022.pdf,si
Francés,2022,Ordinaria,Castilla y León,https://www.usal.es/files/acceso/cc_frances_fase_obligatoria_ebau_julio_2022.pdf,si
Francés,2022,Ordinaria,Castilla y León,https://www.usal.es/files/acceso/frances_fase_mejora_nota_ebau_junio_2022.pdf,si
Francés,2022,Ordinaria,Castilla y León,https://www.usal.es/files/acceso/cc_frances_fase_mejora_nota_ebau_junio_2022.pdf,si
Francés,2022,Ordinaria,Castilla y León,https://www.usal.es/files/acceso/frances_fase_mejora_nota_ebau_julio_2022.pdf,si
Francés,2022,Ordinaria,Castilla y León,https://www.usal.es/files/acceso/cc_frances_fase_mejora_nota_ebau_julio_2022.pdf,si
Francés,2023,Modelo 0,Castilla y León,https://www.educa.jcyl.es/universidad/es/servicio-ensenanza-universitaria/acceso-universidades-publicas-castilla-leon/ebau-2023/modelos-0-examen-criterios-correccion/modelos-examen-0.ficheros/1605377-Modelo%200%20Franc%C3%A9s.pdf,si
Francés,2023,Ordinaria,Castilla y León,https://www.usal.es/files/acceso/frances_fase_general_ebau_junio_2023.pdf,si
Francés,2023,Ordinaria,Castilla y León,https://www.usal.es/files/acceso/cc_frances_fase_obligatoria_ebau_junio_2023.pdf,si
Francés,2023,Ordinaria,Castilla y León,https://www.usal.es/files/acceso/frances_fase_general_ebau_julio_2023.pdf,si
Francés,2023,Ordinaria,Castilla y León,https://www.usal.es/files/acceso/frances_fase_mejora_nota_ebau_junio_2023.pdf,si
Francés,2023,Ordinaria,Castilla y León,https://www.usal.es/files/acceso/cc_frances_fase_mejor_nota_ebau_2023.pdf,si
Francés,2023,Ordinaria,Castilla y León,https://www.usal.es/files/acceso/frances_fase_mejora_nota_ebau_julio_2023.pdf,si
Francés,2023,Ordinaria,Castilla y León,https://www.usal.es/files/acceso/cc_frances_fase_mejora_nota_ebau_julio_2023.pdf,si
Francés,2024,Ordinaria,Castilla y León,https://www.usal.es/files/acceso/frances_ii_fase_general_ebau_junio_2024.pdf,si
Francés,2024,Ordinaria,Castilla y León,https://www.usal.es/files/acceso/cc_frances_ii_fase_obligatoria_ebau_junio_2024.pdf,si
Francés,2024,Ordinaria,Castilla y León,https://www.usal.es/files/acceso/frances_ii_fase_general_ebau_julio_2024.pdf,si
Francés,2024,Ordinaria,Castilla y León,https://www.usal.es/files/acceso/cc_frances_ii_fase_obligatoria_ebau_julio_2024.pdf,si
Francés,2024,Ordinaria,Castilla y León,https://www.usal.es/files/acceso/frances_ii_fase_mejora_nota_ebau_junio_2024.pdf,si
Francés,2024,Ordinaria,Castilla y León,https://www.usal.es/files/acceso/cc_frances_ii_fase_mejora_nota_ebau_junio_2024.pdf,si
Francés,2024,Ordinaria,Castilla y León,https://www.usal.es/files/acceso/frances_ii_fase_mejora_nota_ebau_julio_2024.pdf,si
Francés,2024,Ordinaria,Castilla y León,https://www.usal.es/files/acceso/cc_frances_ii_fase_mejora_nota_ebau_julio_2024.pdf,si
Fundamentos Artísticos,2018,Ordinaria,Castilla y León,http://www.usal.es/files/acceso/fundamentos_del_arte_ii_jun_2018.pdf,si
Fundamentos Artísticos,2018,Ordinaria,Castilla y León,http://www.usal.es/files/acceso/fundamentos_arte_julio_2018.pdf,si
Fundamentos Artísticos,2018,Ordinaria,Castilla y León,http://www.usal.es/files/acceso/criterios_fundamentos_arte_julio_2018.pdf,si
Fundamentos Artísticos,2019,Ordinaria,Castilla y León,https://www.usal.es/files/acceso/fundamentos_del_arte_junio_2019.pdf,si
Fundamentos Artísticos,2019,Ordinaria,Castilla y León,https://www.usal.es/files/acceso/criterios_fundamentos_del_arte_junio_2019.pdf,si
Fundamentos Artísticos,2019,Ordinaria,Castilla y León,https://www.usal.es/files/acceso/fundamentos_del_arte_julio_2019.pdf,si
Fundamentos Artísticos,2019,Ordinaria,Castilla y León,https://www.usal.es/files/acceso/criterios_fundamentosdelarte_julio_2019.pdf,si
Fundamentos Artísticos,2020,Ordinaria,Castilla y León,https://www.usal.es/files/acceso/cc_fundamentos_de_arte_ebau_2020.pdf,si
Fundamentos Artísticos,2020,Ordinaria,Castilla y León,https://www.usal.es/files/acceso/fundamentos_de_arte_ebau_sept_2020.pdf,si
Fundamentos Artísticos,2020,Ordinaria,Castilla y León,https://www.usal.es/files/acceso/cc_fundamentos_de_arte_ebau_sept_2020.pdf,si
Fundamentos Artísticos,2021,Ordinaria,Castilla y León,https://www.usal.es/files/acceso/fundamentos_de_arte_ebau_junio_2021.pdf,si
Fundamentos Artísticos,2021,Ordinaria,Castilla y León,https://www.usal.es/files/acceso/cc_fundamentos_de_arte_ebau_junio_2021.pdf,si
Fundamentos Artísticos,2021,Ordinaria,Castilla y León,https://www.usal.es/files/acceso/fundamentos_de_arte_ebau_julio_2021.pdf,si
Fundamentos Artísticos,2021,Ordinaria,Castilla y León,https://www.usal.es/files/acceso/cc_fundamentos_de_arte_ebau_julio_2021.pdf,si
Fundamentos Artísticos,2022,Ordinaria,Castilla y León,https://www.usal.es/files/acceso/fundamentos_del_arte_ebau_junio_2022.pdf,si
Fundamentos Artísticos,2022,Ordinaria,Castilla y León,https://www.usal.es/files/acceso/cc_fundamentos_arte_ebau_junio_2022.pdf,si
Fundamentos Artísticos,2022,Ordinaria,Castilla y León,https://www.usal.es/files/acceso/fundamentos_de_arte_ebau_julio_2022.pdf,si
Fundamentos Artísticos,2022,Ordinaria,Castilla y León,https://www.usal.es/files/acceso/cc_fundamentos_ebau_julio_2022.pdf,si
Fundamentos Artísticos,2023,Modelo 0,Castilla y León,https://www.educa.jcyl.es/universidad/es/servicio-ensenanza-universitaria/acceso-universidades-publicas-castilla-leon/ebau-2023/modelos-0-examen-criterios-correccion/modelos-examen-0.ficheros/1605378-Modelo%200%20Fundamentos%20del%20Arte%20II.pdf,si
Fundamentos Artísticos,2023,Ordinaria,Castilla y León,https://www.usal.es/files/acceso/fundamentos_del_arte_ii_ebau_junio_2023.pdf,si
Fundamentos Artísticos,2023,Ordinaria,Castilla y León,https://www.usal.es/files/acceso/cc_fundamentos_del_arte_ebau_junio_2023.pdf,si
Fundamentos Artísticos,2023,Ordinaria,Castilla y León,https://www.usal.es/files/acceso/fundamentos_del_arte_ii_ebau_julio_2023.pdf,si
Fundamentos Artísticos,2023,Ordinaria,Castilla y León,https://www.usal.es/files/acceso/cc_fundamentos_ebau_julio_2023.pdf,si
Fundamentos Artísticos,2024,Ordinaria,Castilla y León,https://www.usal.es/files/acceso/fundamentos_artisticos_fase_general_ebau_junio_2024.pdf,si
Fundamentos Artísticos,2024,Ordinaria,Castilla y León,https://www.usal.es/files/acceso/cc_fundamentos_artisticos_ebau_junio_2024.pdf,si
Fundamentos Artísticos,2024,Ordinaria,Castilla y León,https://www.usal.es/files/acceso/fundamentos_artisticos_fase_mejora_nota_ebau_junio_2024.pdf,si
Fundamentos Artísticos,2024,Ordinaria,Castilla y León,https://www.usal.es/files/acceso/cc_fundamentos_artisticos_ebau_junio_2024.pdf,si
Fundamentos Artísticos,2024,Ordinaria,Castilla y León,https://www.usal.es/files/acceso/fundamentos_del_arte_ii_fase_general_ebau_junio_2024.pdf,si
Fundamentos Artísticos,2024,Ordinaria,Castilla y León,https://www.usal.es/files/acceso/cc_fundamentos_del_arte_ii_ebau_junio_2024.pdf,si
Fundamentos Artísticos,2025,Modelo 0,Castilla y León,https://www.educa.jcyl.es/universidad/es/servicio-ensenanza-universitaria/acceso-universidades-publicas-castilla-leon/pau-2025-b5f5f/modelos-examen-0.ficheros/1744543-Modelo%200%20Fundamentos%20Art%C3%ADsticos.pdf,si
Física,2018,Ordinaria,Castilla y León,http://www.usal.es/files/acceso/fisica_jun_2018.pdf,si
Física,2018,Ordinaria,Castilla y León,http://www.usal.es/files/acceso/fisica_julio_2018.pdf,si
Física,2018,Ordinaria,Castilla y León,http://www.usal.es/files/acceso/criterios_fisica_julio_2018.pdf,si
Física,2019,Ordinaria,Castilla y León,https://www.usal.es/files/acceso/fisica_junio_2019.pdf,si
Física,2019,Ordinaria,Castilla y León,https://www.usal.es/files/acceso/criterios_fisica_junio_2019.pdf,si
Física,2019,Ordinaria,Castilla y León,https://www.usal.es/files/acceso/fisica_julio_2019.pdf,si
Física,2019,Ordinaria,Castilla y León,https://www.usal.es/files/acceso/criterios_fisica_julio_2019.pdf,si
Física,2020,Ordinaria,Castilla y León,https://www.usal.es/files/acceso/fisica_ebau_2020.pdf,si
Física,2020,Ordinaria,Castilla y León,https://www.usal.es/files/acceso/cc_fisica_ebau_2020.pdf,si
Física,2020,Ordinaria,Castilla y León,https://www.usal.es/files/acceso/fisica_ebau_sept_2020.pdf,si
Física,2020,Ordinaria,Castilla y León,https://www.usal.es/files/acceso/cc_fisica_ebau_sept_2020.pdf,si
Física,2021,Ordinaria,Castilla y León,https://www.usal.es/files/acceso/fisica_ebau_junio_2021.pdf,si
Física,2021,Ordinaria,Castilla y León,https://www.usal.es/files/acceso/cc_fisica_ebau_junio_2021.pdf,si
Física,2021,Ordinaria,Castilla y León,https://www.usal.es/files/acceso/fisica_ebau_julio_2021.pdf,no
Física,2021,Ordinaria,Castilla y León,https://www.usal.es/files/acceso/cc_fisica_ebau_julio_2021.pdf,no
Física,2022,Ordinaria,Castilla y León,https://www.usal.es/files/acceso/fisica_ebau_junio_2022.pdf,no
Física,2022,Ordinaria,Castilla y León,https://www.usal.es/files/acceso/cc_fisica_ebau_junio_2022.pdf,no
Física,2022,Ordinaria,Castilla y León,https://www.usal.es/files/acceso/fisica_ebau_julio_2022.pdf,no
Física,2022,Ordinaria,Castilla y León,https://www.usal.es/files/acceso/cc_fisica_ebau_julio_2022.pdf,no
Física,2023,Modelo 0,Castilla y León,https://www.educa.jcyl.es/universidad/es/servicio-ensenanza-universitaria/acceso-universidades-publicas-castilla-leon/ebau-2023/modelos-0-examen-criterios-correccion/modelos-examen-0.ficheros/1605376-Modelo%200%20F%C3%ADsica.pdf,si
Física,2023,Ordinaria,Castilla y León,https://www.usal.es/files/acceso/fisica_ebau_junio_2023.pdf,no
Física,2023,Ordinaria,Castilla y León,https://www.usal.es/files/acceso/cc_fisica_ebau_junio_2023.pdf,no
Física,2023,Ordinaria,Castilla y León,https://www.usal.es/files/acceso/fisica_ebau_julio_2023.pdf,no
Física,2023,Ordinaria,Castilla y León,https://www.usal.es/files/acceso/cc_fisica_ebau_julio_2023.pdf,no
Física,2024,Ordinaria,Castilla y León,https://www.usal.es/files/acceso/fisica_ebau_junio_2024.pdf,no
Física,2024,Ordinaria,Castilla y León,https://www.usal.es/files/acceso/cc_fisica_ebau_junio_2024.pdf,no
Física,2024,Ordinaria,Castilla y León,https://www.usal.es/files/acceso/fisica_ebau_julio_2024.pdf,no
Física,2024,Ordinaria,Castilla y León,https://www.usal.es/files/acceso/cc_fisica_ebau_julio_2024.pdf,no
Física,2025,Modelo 0,Castilla y León,https://www.educa.jcyl.es/universidad/es/servicio-ensenanza-universitaria/acceso-universidades-publicas-castilla-leon/pau-2025-b5f5f/modelos-examen-0.ficheros/1744542-Modelo%200%20F%C3%ADsica.pdf,si
Geografía,2018,Ordinaria,Castilla y León,http://www.usal.es/files/acceso/geografia_jun_2018.pdf,no
Geografía,2018,Ordinaria,Castilla y León,http://www.usal.es/files/acceso/geografia_julio_2018.pdf,no
Geografía,2018,Ordinaria,Castilla y León,http://www.usal.es/files/acceso/criterios_geografia_julio_2018.pdf,no
Geografía,2019,Ordinaria,Castilla y León,https://www.usal.es/files/acceso/geografia_junio_2019.pdf,no
Geografía,2019,Ordinaria,Castilla y León,https://www.usal.es/files/acceso/criterios_geografia_junio_2019.pdf,no
Geografía,2019,Ordinaria,Castilla y León,https://www.usal.es/files/acceso/geografia_julio_2019.pdf,no
Geografía,2019,Ordinaria,Castilla y León,https://www.usal.es/files/acceso/criterios_geografia_julio_2019.pdf,si
Geografía,2020,Ordinaria,Castilla y León,https://www.usal.es/files/acceso/cc_geografia_ebau_2020.pdf,si
Geografía,2020,Ordinaria,Castilla y León,https://www.usal.es/files/acceso/geografia_ebau_sept_2020.pdf,no
Geografía,2020,Ordinaria,Castilla y León,https://www.usal.es/files/acceso/cc_geografia_ebau_sept_2020.pdf,no
Geografía,2021,Ordinaria,Castilla y León,https://www.usal.es/files/acceso/geografia_ebau_junio_2021.pdf,no
Geografía,2021,Ordinaria,Castilla y León,https://www.usal.es/files/acceso/cc_geografia_ebau_junio_2021.pdf,no
Geografía,2021,Ordinaria,Castilla y León,https://www.usal.es/files/acceso/geografia_ebau_julio_2021.pdf,si
Geografía,2021,Ordinaria,Castilla y León,https://www.usal.es/files/acceso/cc_geografia_ebau_julio_2021.pdf,si
Geografía,2022,Ordinaria,Castilla y León,https://www.usal.es/files/acceso/geografia_ebau_junio_2022.pdf,no
Geografía,2022,Ordinaria,Castilla y León,https://www.usal.es/files/acceso/cc_geografia_ebau_junio_2022.pdf,no
Geografía,2022,Ordinaria,Castilla y León,https://www.usal.es/files/acceso/geografia_ebau_julio_2022.pdf,si
Geografía,2022,Ordinaria,Castilla y León,https://www.usal.es/files/acceso/cc_geografia_ebau_julio_2022.pdf,no
Geografía,2023,Modelo 0,Castilla y León,https://www.educa.jcyl.es/universidad/es/servicio-ensenanza-universitaria/acceso-universidades-publicas-castilla-leon/ebau-2023/modelos-0-examen-criterios-correccion/modelos-examen-0.ficheros/1605379-Modelo%200%20Geograf%C3%ADa.pdf,si
Geografía,2023,Ordinaria,Castilla y León,https://www.usal.es/files/acceso/geografia_ebau_junio_2023.pdf,si
Geografía,2023,Ordinaria,Castilla y León,https://www.usal.es/files/acceso/cc_geografia_ebau_junio_2023.pdf,no
Geografía,2023,Ordinaria,Castilla y León,https://www.usal.es/files/acceso/geografia_ebau_julio_2023.pdf,no
Geografía,2023,Ordinaria,Castilla y León,https://www.usal.es/files/acceso/cc_geografia_ebau_julio_2023.pdf,si
Geografía,2024,Ordinaria,Castilla y León,https://www.usal.es/files/acceso/geografia_ebau_junio_2024.pdf,si
Geografía,2024,Ordinaria,Castilla y León,https://www.usal.es/files/acceso/cc_geografia_ebau_junio_2024_0.pdf,si
Geografía,2024,Ordinaria,Castilla y León,https://www.usal.es/files/acceso/geografia_ebau_julio_2024.pdf,si
Geografía,2024,Ordinaria,Castilla y León,https://www.usal.es/files/acceso/cc_geografia_ebau_junio_2024_0.pdf,si
Geografía,2025,Modelo 0,Castilla y León,https://www.educa.jcyl.es/universidad/es/servicio-ensenanza-universitaria/acceso-universidades-publicas-castilla-leon/pau-2025-b5f5f/modelos-examen-0.ficheros/1746874-Modelo%200%20Geograf%C3%ADa.pdf,si
Geología y Ciencias Ambientales,2018,Ordinaria,Castilla y León,http://www.usal.es/files/acceso/geologia_jun_2018.pdf,si
Geología y Ciencias Ambientales,2018,Ordinaria,Castilla y León,http://www.usal.es/files/acceso/geologia_julio_2018.pdf,si
Geología y Ciencias Ambientales,2018,Ordinaria,Castilla y León,http://www.usal.es/files/acceso/criterios_geologia_julio_2018.pdf,si
Geología y Ciencias Ambientales,2019,Ordinaria,Castilla y León,https://www.usal.es/files/acceso/geologia_junio_2019.pdf,si
Geología y Ciencias Ambientales,2019,Ordinaria,Castilla y León,https://www.usal.es/files/acceso/criterios_geologia_junio_2019.pdf,si
Geología y Ciencias Ambientales,2019,Ordinaria,Castilla y León,https://www.usal.es/files/acceso/geologia_julio_2019.pdf,si
Geología y Ciencias Ambientales,2019,Ordinaria,Castilla y León,https://www.usal.es/files/acceso/criterios_geologia_julio_2019.pdf,si
Geología y Ciencias Ambientales,2020,Ordinaria,Castilla y León,https://www.usal.es/files/acceso/geologia_ebau_2020.pdf,si
Geología y Ciencias Ambientales,2020,Ordinaria,Castilla y León,https://www.usal.es/files/acceso/cc_geologia_1_ebau_2020.pdf,si
Geología y Ciencias Ambientales,2020,Ordinaria,Castilla y León,https://www.usal.es/files/acceso/geologia_ebau_sept_2020.pdf,si
Geología y Ciencias Ambientales,2020,Ordinaria,Castilla y León,https://www.usal.es/files/acceso/cc_geologia_ebau_sept_2020.pdf,si
Geología y Ciencias Ambientales,2021,Ordinaria,Castilla y León,https://www.usal.es/files/acceso/geologia_ebau_junio_2021.pdf,si
Geología y Ciencias Ambientales,2021,Ordinaria,Castilla y León,https://www.usal.es/files/acceso/cc_geologia_ebau_junio_2021.pdf,no
Geología y Ciencias Ambientales,2021,Ordinaria,Castilla y León,https://www.usal.es/files/acceso/geologia_ebau_julio_2021.pdf,si
Geología y Ciencias Ambientales,2021,Ordinaria,Castilla y León,https://www.usal.es/files/acceso/cc_geologia_ebau_julio_2021.pdf,si
Geología y Ciencias Ambientales,2022,Ordinaria,Castilla y León,https://www.usal.es/files/acceso/geologia_ebau_junio_2022.pdf,si
Geología y Ciencias Ambientales,2022,Ordinaria,Castilla y León,https://www.usal.es/files/acceso/cc_geologia_ebau_junio_2022.pdf,si
Geología y Ciencias Ambientales,2022,Ordinaria,Castilla y León,https://www.usal.es/files/acceso/geologia_ebau_julio_2022.pdf,si
Geología y Ciencias Ambientales,2022,Ordinaria,Castilla y León,https://www.usal.es/files/acceso/cc_geologia_ebau_julio_2022.pdf,si
Geología y Ciencias Ambientales,2023,Modelo 0,Castilla y León,https://www.educa.jcyl.es/universidad/es/servicio-ensenanza-universitaria/acceso-universidades-publicas-castilla-leon/ebau-2023/modelos-0-examen-criterios-correccion/modelos-examen-0.ficheros/1605380-Modelo%200%20Geolog%C3%ADa.pdf,si
Geología y Ciencias Ambientales,2023,Ordinaria,Castilla y León,https://www.usal.es/files/acceso/geologia_ebau_junio_2023.pdf,si
Geología y Ciencias Ambientales,2023,Ordinaria,Castilla y León,https://www.usal.es/files/acceso/cc_geologia_ebau_junio_2023.pdf,si
Geología y Ciencias Ambientales,2023,Ordinaria,Castilla y León,https://www.usal.es/files/acceso/geologia_ebau_julio_2023.pdf,si
Geología y Ciencias Ambientales,2023,Ordinaria,Castilla y León,https://www.usal.es/files/acceso/cc_geologia_ebau_julio_2023.pdf,si
Geología y Ciencias Ambientales,2024,Ordinaria,Castilla y León,https://www.usal.es/files/acceso/geologia_y_ccaa_ebau_junio_2024.pdf,si
Geología y Ciencias Ambientales,2024,Ordinaria,Castilla y León,https://www.usal.es/files/acceso/cc_geologia_y_cc_aa_ebau_junio_2024.pdf,si
Geología y Ciencias Ambientales,2024,Ordinaria,Castilla y León,https://www.usal.es/files/acceso/geologia_y_ciencias_ambientales_ebau_julio_2024.pdf,si
Geología y Ciencias Ambientales,2024,Ordinaria,Castilla y León,https://www.usal.es/files/acceso/cc_geologia_y_ciencias_ambientales_ebau_julio_2024.pdf,si
Geología y Ciencias Ambientales,2025,Modelo 0,Castilla y León,https://www.educa.jcyl.es/universidad/es/servicio-ensenanza-universitaria/acceso-universidades-publicas-castilla-leon/pau-2025-b5f5f/modelos-examen-0.ficheros/1745259-Modelo%200%20Geolog%C3%ADa%20y%20Ciencias%20Ambientales.pdf,si
Griego II,2018,Ordinaria,Castilla y León,http://www.usal.es/files/acceso/griego_jun_2018.pdf,si
Griego II,2018,Ordinaria,Castilla y León,http://www.usal.es/files/acceso/griego_julio_2018.pdf,si
Griego II,2018,Ordinaria,Castilla y León,http://www.usal.es/files/acceso/criterios_griego_julio_2018.pdf,si
Griego II,2019,Ordinaria,Castilla y León,https://www.usal.es/files/acceso/griego_junio_2019.pdf,si
Griego II,2019,Ordinaria,Castilla y León,https://www.usal.es/files/acceso/criterios_griego_junio_2019.pdf,si
Griego II,2019,Ordinaria,Castilla y León,https://www.usal.es/files/acceso/griego_julio_2019.pdf,si
Griego II,2019,Ordinaria,Castilla y León,https://www.usal.es/files/acceso/criterios_griego_julio_2019.pdf,si
Griego II,2020,Ordinaria,Castilla y León,https://www.usal.es/files/acceso/griego_ii_ebau_2020.pdf,si
Griego II,2020,Ordinaria,Castilla y León,https://www.usal.es/files/acceso/cc_griego_ii_ebau_2020.pdf,si
Griego II,2020,Ordinaria,Castilla y León,https://www.usal.es/files/acceso/griego_ebau_sept_2020.pdf,si
Griego II,2020,Ordinaria,Castilla y León,https://www.usal.es/files/acceso/cc_griego_ebau_sept_2020.pdf,si
Griego II,2021,Ordinaria,Castilla y León,https://www.usal.es/files/acceso/griego_ebau_junio_2021.pdf,si
Griego II,2021,Ordinaria,Castilla y León,https://www.usal.es/files/acceso/cc_griego_ii_ebau_junio_2021.pdf,si
Griego II,2021,Ordinaria,Castilla y León,https://www.usal.es/files/acceso/griego_ebau_julio_2021.pdf,si
Griego II,2021,Ordinaria,Castilla y León,https://www.usal.es/files/acceso/cc_griego_ebau_julio_2021.pdf,si
Griego II,2022,Ordinaria,Castilla y León,https://www.usal.es/files/acceso/griego_ebau_junio_2022.pdf,si
Griego II,2022,Ordinaria,Castilla y León,https://www.usal.es/files/acceso/cc_griego_ebau_junio_2022.pdf,si
Griego II,2022,Ordinaria,Castilla y León,https://www.usal.es/files/acceso/griego_ebau_julio_2022.pdf,si
Griego II,2022,Ordinaria,Castilla y León,https://www.usal.es/files/acceso/cc_griego_ebau_julio_2022.pdf,si
Griego II,2023,Modelo 0,Castilla y León,https://www.educa.jcyl.es/universidad/es/servicio-ensenanza-universitaria/acceso-universidades-publicas-castilla-leon/ebau-2023/modelos-0-examen-criterios-correccion/modelos-examen-0.ficheros/1605381-Modelo%200%20Griego%20II.pdf,si
Griego II,2023,Ordinaria,Castilla y León,https://www.usal.es/files/acceso/griego_ebau_junio_2023.pdf,si
Griego II,2023,Ordinaria,Castilla y León,https://www.usal.es/files/acceso/cc_griego_ebau_junio_2023.pdf,si
Griego II,2023,Ordinaria,Castilla y León,https://www.usal.es/files/acceso/griego_ebau_julio_2023.pdf,si
Griego II,2023,Ordinaria,Castilla y León,https://www.usal.es/files/acceso/cc_griego_ebau_julio_2023.pdf,si
Griego II,2024,Ordinaria,Castilla y León,https://www.usal.es/files/acceso/griego_ii_ebau_junio_2024.pdf,si
Griego II,2024,Ordinaria,Castilla y León,https://www.usal.es/files/acceso/cc_griego_ii_ebau_junio_2024.pdf,si
Griego II,2024,Ordinaria,Castilla y León,https://www.usal.es/files/acceso/griego_ii_ebau_julio_2024.pdf,si
Griego II,2024,Ordinaria,Castilla y León,https://www.usal.es/files/acceso/cc_griego_ii_ebau_julio_2024.pdf,si
Griego II,2025,Modelo 0,Castilla y León,https://www.educa.jcyl.es/universidad/es/servicio-ensenanza-universitaria/acceso-universidades-publicas-castilla-leon/pau-2025-b5f5f/modelos-examen-0.ficheros/1746397-Modelo%200%20Griego%20II.pdf,si
Historia de España,2018,Ordinaria,Castilla y León,http://www.usal.es/files/acceso/historia_de_espana_jun_2018.pdf,si
Historia de España,2018,Ordinaria,Castilla y León,http://www.usal.es/files/acceso/historia_de_espana_julio_2018.pdf,si
Historia de España,2018,Ordinaria,Castilla y León,http://www.usal.es/files/acceso/historia_de_la_filosofia_jun_2018.pdf,si
Historia de España,2018,Ordinaria,Castilla y León,http://www.usal.es/files/acceso/historia_del_arte_jun_2018.pdf,si
Historia de España,2019,Ordinaria,Castilla y León,https://www.usal.es/files/acceso/historia_de_espana_junio_2019.pdf,si
Historia de España,2019,Ordinaria,Castilla y León,https://www.usal.es/files/acceso/criterios_historia_de_espana_junio_2019.pdf,si
Historia de España,2019,Ordinaria,Castilla y León,https://www.usal.es/files/acceso/historia_de_espana_julio_2019.pdf,si
Historia de España,2019,Ordinaria,Castilla y León,https://www.usal.es/files/acceso/criterios_historia_de_espana_julio_2019.pdf,si
Historia de España,2019,Ordinaria,Castilla y León,https://www.usal.es/files/acceso/historia_filosofia_junio_2019.pdf,no
Historia de España,2019,Ordinaria,Castilla y León,https://www.usal.es/files/acceso/criterios_historia_filosofia_junio_2019.pdf,si
Historia de España,2019,Ordinaria,Castilla y León,https://www.usal.es/files/acceso/criterios_historia_filosofia_julio_2019.pdf,si
Historia de España,2019,Ordinaria,Castilla y León,https://www.usal.es/files/acceso/historia_arte_junio_2019.pdf,si
Historia de España,2019,Ordinaria,Castilla y León,https://www.usal.es/files/acceso/historia_del_arte_julio_2019.pdf,si
Historia de España,2019,Ordinaria,Castilla y León,https://www.usal.es/files/acceso/criterios_historiadelarte_julio_2019.pdf,si
Historia de España,2020,Ordinaria,Castilla y León,https://www.usal.es/files/acceso/cc_historia_de_espana_ebau_2020.pdf,no
Historia de España,2020,Ordinaria,Castilla y León,https://www.usal.es/files/acceso/cc_historia_de_espana_sept_2020.pdf,si
Historia de España,2021,Ordinaria,Castilla y León,https://www.usal.es/files/acceso/cc_historia_espana_ebau_junio_2021.pdf,no
Historia de España,2021,Ordinaria,Castilla y León,https://www.usal.es/files/acceso/cc_historia_espana_ebau_julio_2021.pdf,si
Historia de España,2021,Ordinaria,Castilla y León,https://www.usal.es/files/acceso/cc_historia_de_la_filosofia_ebau_junio_2021.pdf,si
Historia de España,2021,Ordinaria,Castilla y León,https://www.usal.es/files/acceso/cc_historia_de_la_filosofia_ebau_julio_2021.pdf,si
Historia de España,2021,Ordinaria,Castilla y León,https://www.usal.es/files/acceso/cc_historia_del_arte_ebau_junio_2021.pdf,si
Historia de España,2021,Ordinaria,Castilla y León,https://www.usal.es/files/acceso/cc_historia_del_arte_ebau_julio_2021.pdf,si
Historia de España,2022,Ordinaria,Castilla y León,https://www.usal.es/files/acceso/historia_espana_ebau_junio_2022.pdf,no
Historia de España,2022,Ordinaria,Castilla y León,https://www.usal.es/files/acceso/cc_historia_de_espana_ebau_junio_2022.pdf,no
Historia de España,2022,Ordinaria,Castilla y León,https://www.usal.es/files/acceso/historia_de_espana_ebau_julio_2022.pdf,no
Historia de España,2022,Ordinaria,Castilla y León,https://www.usal.es/files/acceso/cc_historia_de_espana_ebau_julio_2022.pdf,no
Historia de España,2022,Ordinaria,Castilla y León,https://www.usal.es/files/acceso/historia_filosofia_ebau_junio_2022.pdf,no
Historia de España,2022,Ordinaria,Castilla y León,https://www.usal.es/files/acceso/cc_historia_de_la_filosofia_ebau_junio_2022.pdf,no
Historia de España,2022,Ordinaria,Castilla y León,https://www.usal.es/files/acceso/historia_de_la_filosofia_ebau_julio_2022.pdf,no
Historia de España,2022,Ordinaria,Castilla y León,https://www.usal.es/files/acceso/cc_historia_de_la_filosofia_ebau_julio_2022.pdf,no
Historia de España,2022,Ordinaria,Castilla y León,https://www.usal.es/files/acceso/historia_del_arte_ebau_junio_2022.pdf,no
Historia de España,2022,Ordinaria,Castilla y León,https://www.usal.es/files/acceso/cc_historia_del_arte_ebau_junio_2022.pdf,no
Historia de España,2022,Ordinaria,Castilla y León,https://www.usal.es/files/acceso/historia_del_arte_ebau_julio_2022.pdf,no
Historia de España,2022,Ordinaria,Castilla y León,https://www.usal.es/files/acceso/cc_historia_del_arte_ebau_julio_2022.pdf,no
Historia de España,2023,Modelo 0,Castilla y León,https://www.educa.jcyl.es/universidad/es/servicio-ensenanza-universitaria/acceso-universidades-publicas-castilla-leon/ebau-2023/modelos-0-examen-criterios-correccion/modelos-examen-0.ficheros/1605382-Modelo%200%20Historia%20de%20Espa%C3%B1a.pdf,si
Historia de España,2023,Modelo 0,Castilla y León,https://www.educa.jcyl.es/universidad/es/servicio-ensenanza-universitaria/acceso-universidades-publicas-castilla-leon/ebau-2023/modelos-0-examen-criterios-correccion/modelos-examen-0.ficheros/1605352-Modelo%200%20Historia%20de%20la%20Filosofia.pdf,si
Historia de España,2023,Modelo 0,Castilla y León,https://www.educa.jcyl.es/universidad/es/servicio-ensenanza-universitaria/acceso-universidades-publicas-castilla-leon/ebau-2023/modelos-0-examen-criterios-correccion/modelos-examen-0.ficheros/1605353-Modelo%200%20Historia%20del%20Arte.pdf,si
Historia de España,2023,Ordinaria,Castilla y León,https://www.usal.es/files/acceso/historia_de_espana_ebau_junio_2023.pdf,no
Historia de España,2023,Ordinaria,Castilla y León,https://www.usal.es/files/acceso/cc_historia_de_espana_ebau_junio_2023.pdf,no
Historia de España,2023,Ordinaria,Castilla y León,https://www.usal.es/files/acceso/cc_historia_de_espana_ebau_julio_2023.pdf,no
Historia de España,2023,Ordinaria,Castilla y León,https://www.usal.es/files/acceso/historia_de_la_filosofia_ebau_julio_2023.pdf,no
Historia de España,2023,Ordinaria,Castilla y León,https://www.usal.es/files/acceso/historia_del_arte_ebau_junio_2023.pdf,no
Historia de España,2023,Ordinaria,Castilla y León,https://www.usal.es/files/acceso/cc_historia_del_arte_ebau_junio_2023.pdf,si
Historia de España,2023,Ordinaria,Castilla y León,https://www.usal.es/files/acceso/historia_del_arte_ebau_julio_2023.pdf,si
Historia de España,2023,Ordinaria,Castilla y León,https://www.usal.es/files/acceso/cc_historia_del_arte_ebau_julio_2023.pdf,si
Historia de España,2024,Ordinaria,Castilla y León,https://www.usal.es/files/acceso/cc_historia_de_espana_ebau_junio_2024.pdf,si
Historia de España,2024,Ordinaria,Castilla y León,https://www.usal.es/files/acceso/historia_espana_fase_general_ebau_julio_2024.pdf,si
Historia de España,2024,Ordinaria,Castilla y León,https://www.usal.es/files/acceso/cc_historia_de_espana_ebau_junio_2024.pdf,si
Historia de España,2024,Ordinaria,Castilla y León,https://www.usal.es/files/acceso/historia_de_espana_fase_mejora_nota_ebau_junio_2024.pdf,si
Historia de España,2024,Ordinaria,Castilla y León,https://www.usal.es/files/acceso/cc_historia_de_espana_ebau_junio_2024.pdf,si
Historia de España,2024,Ordinaria,Castilla y León,https://www.usal.es/files/acceso/historia_de_espana_fase_mejora_nota_ebau_julio_2024.pdf,si
Historia de España,2024,Ordinaria,Castilla y León,https://www.usal.es/files/acceso/cc_historia_de_espana_ebau_junio_2024.pdf,si
Historia de España,2024,Ordinaria,Castilla y León,https://www.usal.es/files/acceso/historia_filosofia_fase_general_ebau_junio_2024.pdf,no
Historia de España,2024,Ordinaria,Castilla y León,https://www.usal.es/files/acceso/cc_historia_de_la_filosofia_ebau_junio_2024.pdf,no
Historia de España,2024,Ordinaria,Castilla y León,https://www.usal.es/files/acceso/historia_filosofia_fase_general_ebau_julio_2024.pdf,si
Historia de España,2024,Ordinaria,Castilla y León,https://www.usal.es/files/acceso/cc_historia_de_la_filosofiafase_obligatoria_ebau_julio_2024.pdf,no
Historia de España,2024,Ordinaria,Castilla y León,https://www.usal.es/files/acceso/historia_de_la_filosofia_fase_mejora_nota_ebau_junio_2024.pdf,no
Historia de España,2024,Ordinaria,Castilla y León,https://www.usal.es/files/acceso/cc_historia_de_la_filosofia_ii_fase_mejora_nota_ebau_junio_2024.pdf,no
Historia de España,2024,Ordinaria,Castilla y León,https://www.usal.es/files/acceso/historia_de_la_filosofia_fase_mejora_nota_ebau_julio_2024.pdf,no
Historia de España,2024,Ordinaria,Castilla y León,https://www.usal.es/files/acceso/cc_historia_de_la_filosofia_fase_mejora_nota_ebau_julio_2024.pdf,no
Historia de España,2024,Ordinaria,Castilla y León,https://www.usal.es/files/acceso/historia_de_la_musica_y_la_danza_ebau_junio_2024.pdf,no
Historia de España,2024,Ordinaria,Castilla y León,https://www.usal.es/files/acceso/cc_historia_de_la_musica_y_de_la_danza_ebau_junio_2024.pdf,no
Historia de España,2024,Ordinaria,Castilla y León,https://www.usal.es/files/acceso/historia_del_arte_ebau_junio_2024.pdf,si
Historia de España,2024,Ordinaria,Castilla y León,https://www.usal.es/files/acceso/cc_historia_del_arte_ebau_junio_2024.pdf,si
Historia de España,2024,Ordinaria,Castilla y León,https://www.usal.es/files/acceso/historia_del_arte_ebau_julio_2024.pdf,si
Historia de España,2024,Ordinaria,Castilla y León,https://www.usal.es/files/acceso/cc_historia_del_arte_ebau_junio_2024.pdf,si
Historia de España,2025,Modelo 0,Castilla y León,https://www.educa.jcyl.es/universidad/es/servicio-ensenanza-universitaria/acceso-universidades-publicas-castilla-leon/pau-2025-b5f5f/modelos-examen-0.ficheros/1756216-NUEVO%2014.01.25%20Modelo%200%20Historia%20de%20la%20Filosof%C3%ADa.pdf,si
Historia de España,2025,Modelo 0,Castilla y León,https://www.educa.jcyl.es/universidad/es/servicio-ensenanza-universitaria/acceso-universidades-publicas-castilla-leon/pau-2025-b5f5f/modelos-examen-0.ficheros/1743092-Modelo%200%20Historia%20de%20Espa%C3%B1a.pdf,si
Historia de España,2025,Modelo 0,Castilla y León,https://www.educa.jcyl.es/universidad/es/servicio-ensenanza-universitaria/acceso-universidades-publicas-castilla-leon/pau-2025-b5f5f/modelos-examen-0.ficheros/1743859-Modelo%200%20Historia%20de%20la%20M%C3%BAsica%20y%20de%20la%20Danza.pdf,si
Historia de España,2025,Modelo 0,Castilla y León,https://www.educa.jcyl.es/universidad/es/servicio-ensenanza-universitaria/acceso-universidades-publicas-castilla-leon/pau-2025-b5f5f/modelos-examen-0.ficheros/1744545-Modelo%200%20Historia%20del%20Arte.pdf,si
Historia de la Filosofía,2018,Ordinaria,Castilla y León,http://www.usal.es/files/acceso/ha_filosofia_julio_2018.pdf,si
Historia de la Filosofía,2018,Ordinaria,Castilla y León,http://www.usal.es/files/acceso/criterios_ha_filosofia_julio_2018.pdf,si
Historia de la Filosofía,2019,Ordinaria,Castilla y León,https://www.usal.es/files/acceso/hafilosofia_julio_2019.pdf,si
Historia de la Filosofía,2020,Ordinaria,Castilla y León,https://www.usal.es/files/acceso/ha_de_la_filosofia_ebau_2020.pdf,si
Historia de la Filosofía,2020,Ordinaria,Castilla y León,https://www.usal.es/files/acceso/cc_ha_de_la_filosofia_ebau_2020.pdf,si
Historia de la Filosofía,2020,Ordinaria,Castilla y León,https://www.usal.es/files/acceso/ha_de_la_filosofia_ebau_sept_2020.pdf,si
Historia de la Filosofía,2020,Ordinaria,Castilla y León,https://www.usal.es/files/acceso/cc_ha_de_la_filosofia_ebau_sept_2020.pdf,si
Historia de la Filosofía,2021,Ordinaria,Castilla y León,https://www.usal.es/files/acceso/ha_de_la_filosofia_ebau_junio_2021.pdf,si
Historia de la Filosofía,2021,Ordinaria,Castilla y León,https://www.usal.es/files/acceso/ha_de_la_filosofia_ebau_julio_2021.pdf,si
Historia de la Filosofía,2023,Ordinaria,Castilla y León,https://www.usal.es/files/acceso/filosofia_ebau_junio_2023.pdf,si
Historia de la Filosofía,2023,Ordinaria,Castilla y León,https://www.usal.es/files/acceso/cc_filosofia_ebau_junio_2023.pdf,si
Historia de la Filosofía,2023,Ordinaria,Castilla y León,https://www.usal.es/files/acceso/cc_ha_filosofia_ebau_julio_2023.pdf,si
Inglés,2018,Ordinaria,Castilla y León,http://www.usal.es/files/acceso/ingles_fase_general_jun_2018.pdf,si
Inglés,2018,Ordinaria,Castilla y León,http://www.usal.es/files/acceso/ingles_fase_general_julio_2018.pdf,si
Inglés,2018,Ordinaria,Castilla y León,http://www.usal.es/files/acceso/criterios_ingles_fase_general_julio_2018.pdf,si
Inglés,2018,Ordinaria,Castilla y León,http://www.usal.es/files/acceso/ingles_fase_mejora_nota_jun_2018.pdf,si
Inglés,2018,Ordinaria,Castilla y León,http://www.usal.es/files/acceso/ingles_fase_mejora_nota_julio_2018.pdf,si
Inglés,2018,Ordinaria,Castilla y León,http://www.usal.es/files/acceso/criterios_ingles_fase_mejora_nota_julio_2018.pdf,si
Inglés,2019,Ordinaria,Castilla y León,https://www.usal.es/files/acceso/ingles_fase_general_junio_2019.pdf,si
Inglés,2019,Ordinaria,Castilla y León,https://www.usal.es/files/acceso/criterios_ingles_junio_2019.pdf,si
Inglés,2019,Ordinaria,Castilla y León,https://www.usal.es/files/acceso/ingles_fase_general_julio_2019.pdf,si
Inglés,2019,Ordinaria,Castilla y León,https://www.usal.es/files/acceso/criterios_ingles_julio_2019.pdf,si
Inglés,2019,Ordinaria,Castilla y León,https://www.usal.es/files/acceso/ingles_fase_mejora_nota_junio_2019.pdf,si
Inglés,2019,Ordinaria,Castilla y León,https://www.usal.es/files/acceso/criterios_ingles_fase_mejora_nota_junio_2019.pdf,si
Inglés,2019,Ordinaria,Castilla y León,https://www.usal.es/files/acceso/ingles_fase_mejora_nota_julio_2019.pdf,si
Inglés,2019,Ordinaria,Castilla y León,https://www.usal.es/files/acceso/criterios_ingles_fase_mejora_nota_julio_2019.pdf,si
Inglés,2020,Ordinaria,Castilla y León,https://www.usal.es/files/acceso/ingles_fase_obligatoria_ebau_2020.pdf,si
Inglés,2020,Ordinaria,Castilla y León,https://www.usal.es/files/acceso/cc_ingles_fase_obligatoria_ebau-2020.pdf,si
Inglés,2020,Ordinaria,Castilla y León,https://www.usal.es/files/acceso/ingles_fase_obligatoria_ebau_sept_2020.pdf,no
Inglés,2020,Ordinaria,Castilla y León,https://www.usal.es/files/acceso/cc_ingles_ebau_sept_2020.pdf,no
Inglés,2020,Ordinaria,Castilla y León,https://www.usal.es/files/acceso/ingles_fase_mejora_nota_ebau_2020.pdf,no
Inglés,2020,Ordinaria,Castilla y León,https://www.usal.es/files/acceso/cc_ingles_fase_mejora_nota_ebau_2020.pdf,no
Inglés,2020,Ordinaria,Castilla y León,https://www.usal.es/files/acceso/ingles_fase_mejora_nota_ebau_2020_0.pdf,si
Inglés,2020,Ordinaria,Castilla y León,https://www.usal.es/files/acceso/cc_ingles_fase_mejora_de_nota_ebau_sept_2020.pdf,si
Inglés,2021,Ordinaria,Castilla y León,https://www.usal.es/files/acceso/ingles_fase_obligatoria_ebau_junio_2021.pdf,si
Inglés,2021,Ordinaria,Castilla y León,https://www.usal.es/files/acceso/cc_ingles_fase_obligatoria_ebau_junio_2021.pdf,si
Inglés,2021,Ordinaria,Castilla y León,https://www.usal.es/files/acceso/ingles_fase_obligatoria_ebau_julio_2021.pdf,si
Inglés,2021,Ordinaria,Castilla y León,https://www.usal.es/files/acceso/cc_ingles_fase_obligatoria_ebau_julio_2021.pdf,si
Inglés,2021,Ordinaria,Castilla y León,https://www.usal.es/files/acceso/ingles_fase_mejora_nota_ebau_junio_2021.pdf,si
Inglés,2021,Ordinaria,Castilla y León,https://www.usal.es/files/acceso/cc_ingles_fase_mejora_nota_ebau_junio_2021.pdf,si
Inglés,2021,Ordinaria,Castilla y León,https://www.usal.es/files/acceso/ingles_fase_mejora_ebau_julio_2021.pdf,si
Inglés,2021,Ordinaria,Castilla y León,https://www.usal.es/files/acceso/cc_ingles_fase_mejora_ebau_julio_2021.pdf,si
Inglés,2022,Ordinaria,Castilla y León,https://www.usal.es/files/acceso/ingles_fase_general_ebau_junio_2022.pdf,si
Inglés,2022,Ordinaria,Castilla y León,https://www.usal.es/files/acceso/cc_ingles_fase_obligatoria_ebau_junio_2022.pdf,si
Inglés,2022,Ordinaria,Castilla y León,https://www.usal.es/files/acceso/ingles_fase_general_ebau_julio_2022.pdf,si
Inglés,2022,Ordinaria,Castilla y León,https://www.usal.es/files/acceso/cc_ingles_fase_obligatoria_ebau_julio_2022.pdf,si
Inglés,2022,Ordinaria,Castilla y León,https://www.usal.es/files/acceso/ingles_fase_mejora_nota_ebau_junio_2022.pdf,si
Inglés,2022,Ordinaria,Castilla y León,https://www.usal.es/files/acceso/cc_ingles_fase_mejora_nota_ebau_junio_2022.pdf,si
Inglés,2022,Ordinaria,Castilla y León,https://www.usal.es/files/acceso/ingles_fase_mejora_nota_ebau_julio_2022.pdf,si
Inglés,2022,Ordinaria,Castilla y León,https://www.usal.es/files/acceso/cc_ingles_fase_mejora_nota_ebau_julio_2022.pdf,si
Inglés,2023,Modelo 0,Castilla y León,https://www.educa.jcyl.es/universidad/es/servicio-ensenanza-universitaria/acceso-universidades-publicas-castilla-leon/ebau-2023/modelos-0-examen-criterios-correccion/modelos-examen-0.ficheros/1605354-Modelo%200%20Ingl%C3%A9s.pdf,si
Inglés,2023,Ordinaria,Castilla y León,https://www.usal.es/files/acceso/ingles_fase_general_ebau_junio_2023.pdf,si
Inglés,2023,Ordinaria,Castilla y León,https://www.usal.es/files/acceso/cc_ingles_fase_obligatoria_ebau_junio_2023.pdf,si
Inglés,2023,Ordinaria,Castilla y León,https://www.usal.es/files/acceso/ingles_fase_general_ebau_julio_2023.pdf,si
Inglés,2023,Ordinaria,Castilla y León,https://www.usal.es/files/acceso/cc_ingles_fase_general_ebau_julio_2023.pdf,si
Inglés,2023,Ordinaria,Castilla y León,https://www.usal.es/files/acceso/ingles_fase_mejora_nota_ebau_junio_2023.pdf,si
Inglés,2023,Ordinaria,Castilla y León,https://www.usal.es/files/acceso/cc_ingles_fase_mejor_nota_ebau_2023.pdf,si
Inglés,2023,Ordinaria,Castilla y León,https://www.usal.es/files/acceso/ingles_fase_mejora_nota_ebau_julio_2023.pdf,si
Inglés,2023,Ordinaria,Castilla y León,https://www.usal.es/files/acceso/cc_ingles_fase_mejora_nota_ebau_julio_2023.pdf,si
Inglés,2024,Ordinaria,Castilla y León,https://www.usal.es/files/acceso/ingles_ii_fase_general_ebau_junio_2024.pdf,si
Inglés,2024,Ordinaria,Castilla y León,https://www.usal.es/files/acceso/cc_ingles_ii_ebau_junio_2024.pdf,no
Inglés,2024,Ordinaria,Castilla y León,https://www.usal.es/files/acceso/ingles_ii_fase_general_ebau_julio_2024.pdf,si
Inglés,2024,Ordinaria,Castilla y León,https://www.usal.es/files/acceso/cc_ingles_ii_ebau_junio_2024.pdf,no
Inglés,2024,Ordinaria,Castilla y León,https://www.usal.es/files/acceso/ingles_ii_fase_mejora_nota_ebau_junio_2024.pdf,si
Inglés,2024,Ordinaria,Castilla y León,https://www.usal.es/files/acceso/cc_ingles_ii_ebau_junio_2024.pdf,no
Inglés,2024,Ordinaria,Castilla y León,https://www.usal.es/files/acceso/ingles_ii_fase_mejora_nota_ebau_julio_2024.pdf,si
Inglés,2024,Ordinaria,Castilla y León,https://www.usal.es/files/acceso/cc_ingles_ii_ebau_junio_2024.pdf,no
Italiano,2018,Ordinaria,Castilla y León,http://www.usal.es/files/acceso/italiano_fase_general_jun_2018.pdf,no
Italiano,2018,Ordinaria,Castilla y León,http://www.usal.es/files/acceso/italiano_fase_general_julio_2018.pdf,no
Italiano,2018,Ordinaria,Castilla y León,http://www.usal.es/files/acceso/criterios_italiano_fase_general_julio_2018.pdf,no
Italiano,2018,Ordinaria,Castilla y León,http://www.usal.es/files/acceso/italiano_fase_mejora_nota_jun_2018.pdf,no
Italiano,2018,Ordinaria,Castilla y León,http://www.usal.es/files/acceso/italiano_fase_mejora_nota_julio_2018.pdf,no
Italiano,2018,Ordinaria,Castilla y León,http://www.usal.es/files/acceso/criterios_italiano_fase_mejora_nota_julio_2018.pdf,no
Italiano,2019,Ordinaria,Castilla y León,https://www.usal.es/files/acceso/italiano_fase_general_junio_2019.pdf,no
Italiano,2019,Ordinaria,Castilla y León,https://www.usal.es/files/acceso/criterios_italiano_junio_2019.pdf,no
Italiano,2019,Ordinaria,Castilla y León,https://www.usal.es/files/acceso/italiano_fase_general_julio_2019.pdf,no
Italiano,2019,Ordinaria,Castilla y León,https://www.usal.es/files/acceso/criterios_italiano_julio_2019.pdf,no
Italiano,2019,Ordinaria,Castilla y León,https://www.usal.es/files/acceso/italiano_fase_mejora_nota_junio_2019.pdf,no
Italiano,2019,Ordinaria,Castilla y León,https://www.usal.es/files/acceso/criterios_italiano_fase_mejora_nota_junio_2019.pdf,no
Italiano,2019,Ordinaria,Castilla y León,https://www.usal.es/files/acceso/italiano_fase_mejora_nota_julio_2019.pdf,no
Italiano,2019,Ordinaria,Castilla y León,https://www.usal.es/files/acceso/criterios_italiano_fase_mejora_nota_julio_2019.pdf,no
Italiano,2020,Ordinaria,Castilla y León,https://www.usal.es/files/acceso/italiano_fase_obligatoria_ebau_2020.pdf,no
Italiano,2020,Ordinaria,Castilla y León,https://www.usal.es/files/acceso/cc_italiano_fase_obligatoria_ebau_2020.pdf,si
Italiano,2020,Ordinaria,Castilla y León,https://www.usal.es/files/acceso/italiano_fase_mejora_nota_ebau_2020.pdf,si
Italiano,2020,Ordinaria,Castilla y León,https://www.usal.es/files/acceso/cc_italiano_fase_mejora_nota_ebau_2020.pdf,si
Italiano,2021,Ordinaria,Castilla y León,https://www.usal.es/files/acceso/italiano_fase_obligatoria_ebau_junio_2021.pdf,si
Italiano,2021,Ordinaria,Castilla y León,https://www.usal.es/files/acceso/cc_italiano_fase_obligatoria_ebau_junio_2021.pdf,si
Italiano,2021,Ordinaria,Castilla y León,https://www.usal.es/files/acceso/italiano_fase_obligatoria_ebau_julio_2021.pdf,si
Italiano,2021,Ordinaria,Castilla y León,https://www.usal.es/files/acceso/cc_italiano_fase_obligatoria_ebau_julio_2021.pdf,si
Italiano,2021,Ordinaria,Castilla y León,https://www.usal.es/files/acceso/italiano_fase_mejora_nota_ebau_junio_2021.pdf,no
Italiano,2021,Ordinaria,Castilla y León,https://www.usal.es/files/acceso/cc_italiano_fase_mejora_nota_ebau_2021.pdf,no
Italiano,2021,Ordinaria,Castilla y León,https://www.usal.es/files/acceso/italiano_fase_mejora_ebau_julio_2021.pdf,no
Italiano,2021,Ordinaria,Castilla y León,https://www.usal.es/files/acceso/cc_italiano_fase_mejora_ebau_julio_2021.pdf,no
Italiano,2022,Ordinaria,Castilla y León,https://www.usal.es/files/acceso/italiano_fase_general_ebau_junio_2022.pdf,no
Italiano,2022,Ordinaria,Castilla y León,https://www.usal.es/files/acceso/cc_italiano_fase_obligatoria_ebau_junio_2022.pdf,no
Italiano,2022,Ordinaria,Castilla y León,https://www.usal.es/files/acceso/italiano_fase_general_ebau_julio_2022.pdf,no
Italiano,2022,Ordinaria,Castilla y León,https://www.usal.es/files/acceso/cc_italiano_fase_obligatoria_ebau_julio_2022.pdf,no
Italiano,2022,Ordinaria,Castilla y León,https://www.usal.es/files/acceso/italiano_fase_mejora_nota_ebau_junio_2022.pdf,no
Italiano,2022,Ordinaria,Castilla y León,https://www.usal.es/files/acceso/cc_italiano_fase_mejora_nota_ebau_junio_2022.pdf,no
Italiano,2022,Ordinaria,Castilla y León,https://www.usal.es/files/acceso/italiano_fase_mejora_nota_ebau_julio_2022.pdf,no
Italiano,2022,Ordinaria,Castilla y León,https://www.usal.es/files/acceso/cc_italiano_fase_mejora_nota_ebau_julio_2022.pdf,no
Italiano,2023,Modelo 0,Castilla y León,https://www.educa.jcyl.es/universidad/es/servicio-ensenanza-universitaria/acceso-universidades-publicas-castilla-leon/ebau-2023/modelos-0-examen-criterios-correccion/modelos-examen-0.ficheros/1605355-Modelo%200%20Italiano.pdf.pdf,si
Italiano,2023,Ordinaria,Castilla y León,https://www.usal.es/files/acceso/italiano_fase_general_ebau_junio_2023.pdf,no
Italiano,2023,Ordinaria,Castilla y León,https://www.usal.es/files/acceso/cc_italiano_fase_obligatoria_ebau_junio_2023.pdf,si
Italiano,2023,Ordinaria,Castilla y León,https://www.usal.es/files/acceso/italiano_fase_general_ebau_julio_2023.pdf,si
Italiano,2023,Ordinaria,Castilla y León,https://www.usal.es/files/acceso/cc_italiano_fase_general_ebau_julio_2023.pdf,si
Italiano,2023,Ordinaria,Castilla y León,https://www.usal.es/files/acceso/italiano_fase_mejora_nota_ebau_junio_2023.pdf,si
Italiano,2023,Ordinaria,Castilla y León,https://www.usal.es/files/acceso/cc_italiano_fase_mejor_nota_ebau_2023.pdf,si
Italiano,2023,Ordinaria,Castilla y León,https://www.usal.es/files/acceso/italiano_fase_mejora_nota_ebau_julio_2023.pdf,si
Italiano,2023,Ordinaria,Castilla y León,https://www.usal.es/files/acceso/cc_italiano_fase_mejora_nota_ebau_julio_2023.pdf,si
Italiano,2024,Ordinaria,Castilla y León,https://www.usal.es/files/acceso/italiano_ii_fase_general_ebau_junio_.pdf,si
Italiano,2024,Ordinaria,Castilla y León,https://www.usal.es/files/acceso/cc_italiano_ii_fase_obligatoria_ebau_junio_2024.pdf,si
Italiano,2024,Ordinaria,Castilla y León,https://www.usal.es/files/acceso/italiano_ii_fase_mejora_nota_ebau_junio_2024.pdf,si
Italiano,2024,Ordinaria,Castilla y León,https://www.usal.es/files/acceso/cc_italiano_ii_fase_mejora_nota_ebau_junio_2024.pdf,si
Italiano,2024,Ordinaria,Castilla y León,https://www.usal.es/files/acceso/italiano_ii_fase_mejora_nota_ebau_julio_2024.pdf,si
Italiano,2024,Ordinaria,Castilla y León,https://www.usal.es/files/acceso/cc_italiano_ii_fase_mejora_nota_ebau_julio_2024.pdf,si
Latín II,2018,Ordinaria,Castilla y León,http://www.usal.es/files/acceso/latin_jun_2018.pdf,si
Latín II,2018,Ordinaria,Castilla y León,http://www.usal.es/files/acceso/latin_julio_2018.pdf,si
Latín II,2018,Ordinaria,Castilla y León,http://www.usal.es/files/acceso/criterios_latin_julio_2018.pdf,si
Latín II,2019,Ordinaria,Castilla y León,https://www.usal.es/files/acceso/latin_junio_2019.pdf,si
Latín II,2019,Ordinaria,Castilla y León,https://www.usal.es/files/acceso/criterios_latin_junio_2019.pdf,si
Latín II,2019,Ordinaria,Castilla y León,https://www.usal.es/files/acceso/latin_julio_2019.pdf,si
Latín II,2019,Ordinaria,Castilla y León,https://www.usal.es/files/acceso/criterios_latin_julio_2019.pdf,si
Latín II,2020,Ordinaria,Castilla y León,https://www.usal.es/files/acceso/latin_ebau_2020.pdf,no
Latín II,2020,Ordinaria,Castilla y León,https://www.usal.es/files/acceso/cc_latin_ii_ebau_2020.pdf,si
Latín II,2020,Ordinaria,Castilla y León,https://www.usal.es/files/acceso/latin_ebau_sept_2020.pdf,si
Latín II,2020,Ordinaria,Castilla y León,https://www.usal.es/files/acceso/cc_latin_ebau_sept_2020.pdf,si
Latín II,2021,Ordinaria,Castilla y León,https://www.usal.es/files/acceso/latin_ebau_junio_2021.pdf,si
Latín II,2021,Ordinaria,Castilla y León,https://www.usal.es/files/acceso/cc_latin_ebau_junio_2021.pdf,si
Latín II,2021,Ordinaria,Castilla y León,https://www.usal.es/files/acceso/latin_ebau_julio_2021.pdf,si
Latín II,2021,Ordinaria,Castilla y León,https://www.usal.es/files/acceso/cc_latin_ebau_julio_2021.pdf,si
Latín II,2022,Ordinaria,Castilla y León,https://www.usal.es/files/acceso/latin_ebau_junio_2022.pdf,si
Latín II,2022,Ordinaria,Castilla y León,https://www.usal.es/files/acceso/cc_latin_ebau_junio_2022.pdf,si
Latín II,2022,Ordinaria,Castilla y León,https://www.usal.es/files/acceso/latin_ebau_julio_2022.pdf,si
Latín II,2022,Ordinaria,Castilla y León,https://www.usal.es/files/acceso/cc_latin_ebau_julio_2022.pdf,si
Latín II,2023,Modelo 0,Castilla y León,https://www.educa.jcyl.es/universidad/es/servicio-ensenanza-universitaria/acceso-universidades-publicas-castilla-leon/ebau-2023/modelos-0-examen-criterios-correccion/modelos-examen-0.ficheros/1605356-Modelo%200%20Lat%C3%ADn%20II.pdf,si
Latín II,2023,Ordinaria,Castilla y León,https://www.usal.es/files/acceso/latin_ebau_junio_2023.pdf,no
Latín II,2023,Ordinaria,Castilla y León,https://www.usal.es/files/acceso/cc_latin_ii_ebau_junio_2023.pdf,si
Latín II,2023,Ordinaria,Castilla y León,https://www.usal.es/files/acceso/latin_ebau_julio_2023.pdf,si
Latín II,2023,Ordinaria,Castilla y León,https://www.usal.es/files/acceso/cc_latin_ii_ebau_julio_2023.pdf,si
Latín II,2024,Ordinaria,Castilla y León,https://www.usal.es/files/acceso/latin_ii_fase_general_ebau_junio_2024.pdf,si
Latín II,2024,Ordinaria,Castilla y León,https://www.usal.es/files/acceso/cc_latin_ii_fase_obligatoria_ebau_junio_2024.pdf,si
Latín II,2024,Ordinaria,Castilla y León,https://www.usal.es/files/acceso/latin_ii_fase_general_ebau_julio_2024.pdf,si
Latín II,2024,Ordinaria,Castilla y León,https://www.usal.es/files/acceso/cc_latin_ii_fase_obligatoria_ebau_julio_2024.pdf,no
Latín II,2024,Ordinaria,Castilla y León,https://www.usal.es/files/acceso/latin_ii_fase_mejora_nota_ebau_junio_2024.pdf,no
Latín II,2024,Ordinaria,Castilla y León,https://www.usal.es/files/acceso/cc_latin_ii_fase_mejora_nota_ebau_junio_2024.pdf,si
Latín II,2025,Modelo 0,Castilla y León,https://www.educa.jcyl.es/universidad/es/servicio-ensenanza-universitaria/acceso-universidades-publicas-castilla-leon/pau-2025-b5f5f/modelos-examen-0.ficheros/1743860-Modelo%200%20Lat%C3%ADn%20II.pdf,si
Lengua Castellana y Literatura,2018,Ordinaria,Castilla y León,http://www.usal.es/files/acceso/lengua_castellana_jun_2018.pdf,si
Lengua Castellana y Literatura,2018,Ordinaria,Castilla y León,http://www.usal.es/files/acceso/lengua_castellana_julio_2018.pdf,si
Lengua Castellana y Literatura,2018,Ordinaria,Castilla y León,http://www.usal.es/files/acceso/criterios_lengua_castellana_julio_2018.pdf,si
Lengua Castellana y Literatura,2019,Ordinaria,Castilla y León,https://www.usal.es/files/acceso/lengua_castellana_y_literatura_junio_2019.pdf,si
Lengua Castellana y Literatura,2019,Ordinaria,Castilla y León,https://www.usal.es/files/acceso/criterios_lengua_castellana_y_literatura_junio_2019.pdf,si
Lengua Castellana y Literatura,2019,Ordinaria,Castilla y León,https://www.usal.es/files/acceso/lengua_castellana_y_literatura_julio_2019.pdf,si
Lengua Castellana y Literatura,2019,Ordinaria,Castilla y León,https://www.usal.es/files/acceso/criterios_lengua_castellana_y_literatura_julio_2019.pdf,si
Lengua Castellana y Literatura,2020,Ordinaria,Castilla y León,https://www.usal.es/files/acceso/lengua_castellana_ebau_2020.pdf,no
Lengua Castellana y Literatura,2020,Ordinaria,Castilla y León,https://www.usal.es/files/acceso/cc_lengua_espanola_ebau_2020_0.pdf,no
Lengua Castellana y Literatura,2020,Ordinaria,Castilla y León,https://www.usal.es/files/acceso/lengua_castellana_ebau_sept_2020.pdf,no
Lengua Castellana y Literatura,2020,Ordinaria,Castilla y León,https://www.usal.es/files/acceso/cc_lengua_castellana_ebau_sept_2020.pdf,no
Lengua Castellana y Literatura,2021,Ordinaria,Castilla y León,https://www.usal.es/files/acceso/cc_lengua_castellana_ebau_junio_2021.pdf,no
Lengua Castellana y Literatura,2021,Ordinaria,Castilla y León,https://www.usal.es/files/acceso/lengua_castellana_ebau_julio_2021.pdf,no
Lengua Castellana y Literatura,2021,Ordinaria,Castilla y León,https://www.usal.es/files/acceso/cc_lengua_castellana_ebau_julio_2021.pdf,no
Lengua Castellana y Literatura,2022,Ordinaria,Castilla y León,https://www.usal.es/files/acceso/lengua_castellana_ebau_junio_2022.pdf,no
Lengua Castellana y Literatura,2022,Ordinaria,Castilla y León,https://www.usal.es/files/acceso/cc_lengua_castellana_y_literatura_ebau_junio_2022.pdf,si
Lengua Castellana y Literatura,2022,Ordinaria,Castilla y León,https://www.usal.es/files/acceso/lengua_castellana_ebau_julio_2022.pdf,si
Lengua Castellana y Literatura,2022,Ordinaria,Castilla y León,https://www.usal.es/files/acceso/cc_lengua_espanola_y_literatura_ebau_julio_2022.pdf,si
Lengua Castellana y Literatura,2023,Modelo 0,Castilla y León,https://www.educa.jcyl.es/universidad/es/servicio-ensenanza-universitaria/acceso-universidades-publicas-castilla-leon/ebau-2023/modelos-0-examen-criterios-correccion/modelos-examen-0.ficheros/1605383-Modelo%200%20Lengua%20Castellana%20y%20Literatura.pdf,si
Lengua Castellana y Literatura,2023,Ordinaria,Castilla y León,https://www.usal.es/files/acceso/lengua_castellana_ebau_junio_2023.pdf,si
Lengua Castellana y Literatura,2023,Ordinaria,Castilla y León,https://www.usal.es/files/acceso/cc_lengua_espanola_y_literatura_ebau_junio_2023.pdf,si
Lengua Castellana y Literatura,2023,Ordinaria,Castilla y León,https://www.usal.es/files/acceso/lengua_castellana_y_literatura_ebau_julio_2023.pdf,si
Lengua Castellana y Literatura,2023,Ordinaria,Castilla y León,https://www.usal.es/files/acceso/cc_lengua_espanola_y_literatura_ebau_julio_2023.pdf,si
Lengua Castellana y Literatura,2024,Ordinaria,Castilla y León,https://www.usal.es/files/acceso/lengua_castellana_ebau_junio_2024.pdf,si
Lengua Castellana y Literatura,2024,Ordinaria,Castilla y León,https://www.usal.es/files/acceso/cc_lengua_espanola_y_literatura_ebau_junio_2024.pdf,si
Lengua Castellana y Literatura,2024,Ordinaria,Castilla y León,https://www.usal.es/files/acceso/lengua_castellana_ebau_julio_2024.pdf,si
Lengua Castellana y Literatura,2024,Ordinaria,Castilla y León,https://www.usal.es/files/acceso/cc_lengua_castellana_y_literatura_ebau_julio_2024.pdf,si
Lengua Castellana y Literatura,2025,Modelo 0,Castilla y León,https://www.educa.jcyl.es/universidad/es/servicio-ensenanza-universitaria/acceso-universidades-publicas-castilla-leon/pau-2025-b5f5f/modelos-examen-0.ficheros/1743094-Modelo%200%20Lengua%20Extranjera%20II%20Alem%C3%A1n.pdf,si
Lengua Castellana y Literatura,2025,Modelo 0,Castilla y León,https://www.educa.jcyl.es/universidad/es/servicio-ensenanza-universitaria/acceso-universidades-publicas-castilla-leon/pau-2025-b5f5f/modelos-examen-0.ficheros/1744012-Modelo%200%20Lengua%20Extranjera%20II%20Franc%C3%A9s.pdf,si
Lengua Castellana y Literatura,2025,Modelo 0,Castilla y León,https://www.educa.jcyl.es/universidad/es/servicio-ensenanza-universitaria/acceso-universidades-publicas-castilla-leon/pau-2025-b5f5f/modelos-examen-0.ficheros/1743095-Modelo%200%20Lengua%20Extranjera%20II%20Ingl%C3%A9s.pdf,si
Lengua Castellana y Literatura,2025,Modelo 0,Castilla y León,https://www.educa.jcyl.es/universidad/es/servicio-ensenanza-universitaria/acceso-universidades-publicas-castilla-leon/pau-2025-b5f5f/modelos-examen-0.ficheros/1743096-Modelo%200%20Lengua%20Extranjera%20II%20Italiano.pdf,si
Lengua Castellana y Literatura,2025,Modelo 0,Castilla y León,https://www.educa.jcyl.es/universidad/es/servicio-ensenanza-universitaria/acceso-universidades-publicas-castilla-leon/pau-2025-b5f5f/modelos-examen-0.ficheros/1743099-Modelo%200%20Lengua%20Extranjera%20II%20Portugu%C3%A9s.pdf,si
Lengua Castellana y Literatura,2025,Modelo 0,Castilla y León,https://www.educa.jcyl.es/universidad/es/servicio-ensenanza-universitaria/acceso-universidades-publicas-castilla-leon/pau-2025-b5f5f/modelos-examen-0.ficheros/1744938-Modelo%200%20Lengua%20Castellana%20y%20Literatura%20II.pdf,si
Literatura Dramática,2024,Ordinaria,Castilla y León,https://www.usal.es/files/acceso/literatura_dramatica_ebau_junio_2024.pdf,no
Literatura Dramática,2024,Ordinaria,Castilla y León,https://www.usal.es/files/acceso/cc_literatura_dramatica_ebau_junio_2024.pdf,no
Literatura Dramática,2025,Modelo 0,Castilla y León,https://www.educa.jcyl.es/universidad/es/servicio-ensenanza-universitaria/acceso-universidades-publicas-castilla-leon/pau-2025-b5f5f/modelos-examen-0.ficheros/1745260-Modelo%200%20Literatura%20Dram%C3%A1tica.pdf,si
Matemáticas Aplicadas a las Ciencias Sociales II,2019,Ordinaria,Castilla y León,https://www.usal.es/files/acceso/criterios_maccss_julio_2019.pdf,no
Matemáticas Aplicadas a las Ciencias Sociales II,2021,Ordinaria,Castilla y León,https://www.usal.es/files/acceso/cc_macs_ebau_junio_2021.pdf,no
Matemáticas Aplicadas a las Ciencias Sociales II,2021,Ordinaria,Castilla y León,https://www.usal.es/files/acceso/cc_macs_ebau_julio_2021.pdf,no
Matemáticas Aplicadas a las Ciencias Sociales II,2022,Ordinaria,Castilla y León,https://www.usal.es/files/acceso/maccss_ebau_junio_2022.pdf,no
Matemáticas Aplicadas a las Ciencias Sociales II,2022,Ordinaria,Castilla y León,https://www.usal.es/files/acceso/cc_maccss_ebau_junio_2022.pdf,no
Matemáticas Aplicadas a las Ciencias Sociales II,2022,Ordinaria,Castilla y León,https://www.usal.es/files/acceso/macs_ebau_julio_2022.pdf,no
Matemáticas Aplicadas a las Ciencias Sociales II,2022,Ordinaria,Castilla y León,https://www.usal.es/files/acceso/cc_maccss_ebau_julio_2022.pdf,no
Matemáticas Aplicadas a las Ciencias Sociales II,2023,Ordinaria,Castilla y León,https://www.usal.es/files/acceso/maccss_ebau_junio_2023.pdf,no
Matemáticas Aplicadas a las Ciencias Sociales II,2023,Ordinaria,Castilla y León,https://www.usal.es/files/acceso/cc_maccss_ebau_junio_2023.pdf,no
Matemáticas Aplicadas a las Ciencias Sociales II,2023,Ordinaria,Castilla y León,https://www.usal.es/files/acceso/maccss_ebau_julio_2023.pdf,no
Matemáticas Aplicadas a las Ciencias Sociales II,2023,Ordinaria,Castilla y León,https://www.usal.es/files/acceso/cc_maccss_ebau_julio_2023.pdf,no
Matemáticas Aplicadas a las Ciencias Sociales II,2024,Ordinaria,Castilla y León,https://www.usal.es/files/acceso/maccss_ii_fase_general_ebau_junio_2024.pdf,no
Matemáticas Aplicadas a las Ciencias Sociales II,2024,Ordinaria,Castilla y León,https://www.usal.es/files/acceso/cc_maccss_ii_fase_obligatoria_ebau_junio_2024.pdf,no
Matemáticas Aplicadas a las Ciencias Sociales II,2024,Ordinaria,Castilla y León,https://www.usal.es/files/acceso/maccss_fase_general_ebau_julio_2024.pdf,no
Matemáticas Aplicadas a las Ciencias Sociales II,2024,Ordinaria,Castilla y León,https://www.usal.es/files/acceso/cc_maccss_fase_obligatoria_ebau_julio_2024.pdf,no
Matemáticas Aplicadas a las Ciencias Sociales II,2024,Ordinaria,Castilla y León,https://www.usal.es/files/acceso/maccss_ii_fase_mejora_nota_ebau_junio_2024.pdf,no
Matemáticas Aplicadas a las Ciencias Sociales II,2024,Ordinaria,Castilla y León,https://www.usal.es/files/acceso/cc_maccss_ii_fase_mejora_ebau_junio_2024.pdf,no
Matemáticas Aplicadas a las Ciencias Sociales II,2024,Ordinaria,Castilla y León,https://www.usal.es/files/acceso/maccss_fase_mejora_nota_ebau_julio_2024.pdf,no
Matemáticas Aplicadas a las Ciencias Sociales II,2024,Ordinaria,Castilla y León,https://www.usal.es/files/acceso/cc_maccss_fase_mejora_nota_ebau_julio_2024.pdf,no
Matemáticas II,2018,Ordinaria,Castilla y León,http://www.usal.es/files/acceso/matematicasacs_jun_2018.pdf,no
Matemáticas II,2018,Ordinaria,Castilla y León,http://www.usal.es/files/acceso/matematicas_acs_julio_2018.pdf,no
Matemáticas II,2018,Ordinaria,Castilla y León,http://www.usal.es/files/acceso/criterios_matematicas_acs_julio_2018.pdf,no
Matemáticas II,2018,Ordinaria,Castilla y León,http://www.usal.es/files/acceso/matematicas_ii_jun_2018.pdf,no
Matemáticas II,2018,Ordinaria,Castilla y León,http://www.usal.es/files/acceso/matematicas_julio_2018.pdf,no
Matemáticas II,2018,Ordinaria,Castilla y León,http://www.usal.es/files/acceso/criterios_matematicas_ii_julio_2018.pdf,no
Matemáticas II,2019,Ordinaria,Castilla y León,https://www.usal.es/files/acceso/matematicas_acs_junio_2019.pdf,no
Matemáticas II,2019,Ordinaria,Castilla y León,https://www.usal.es/files/acceso/criterios_matematicasacs_junio_2019.pdf,si
Matemáticas II,2019,Ordinaria,Castilla y León,https://www.usal.es/files/acceso/matematicas_acs_julio_2019.pdf,no
Matemáticas II,2019,Ordinaria,Castilla y León,https://www.usal.es/files/acceso/matematicas_junio_2019.pdf,si
Matemáticas II,2019,Ordinaria,Castilla y León,https://www.usal.es/files/acceso/criterios_matematicas_junio_2019.pdf,si
Matemáticas II,2019,Ordinaria,Castilla y León,https://www.usal.es/files/acceso/matematicas_ii_julio_2019.pdf,no
Matemáticas II,2019,Ordinaria,Castilla y León,https://www.usal.es/files/acceso/criterios_matematicas_ii_julio_2019.pdf,no
Matemáticas II,2020,Ordinaria,Castilla y León,https://www.usal.es/files/acceso/matematicas_cc_ss_ebau_2020.pdf,no
Matemáticas II,2020,Ordinaria,Castilla y León,https://www.usal.es/files/acceso/matematicas_ii_ebau_2020.pdf,si
Matemáticas II,2020,Ordinaria,Castilla y León,https://www.usal.es/files/acceso/cc_matematicas_ii_ebau_2020.pdf,si
Matemáticas II,2020,Ordinaria,Castilla y León,https://www.usal.es/files/acceso/matematicas_ii_sept_2020.pdf,si
Matemáticas II,2020,Ordinaria,Castilla y León,https://www.usal.es/files/acceso/cc_matematicas_ebau_sept_2020.pdf,si
Matemáticas II,2021,Ordinaria,Castilla y León,https://www.usal.es/files/acceso/matematicas_acs_ebau_junio_2021.pdf,si
Matemáticas II,2021,Ordinaria,Castilla y León,https://www.usal.es/files/acceso/matematicas_acs_ebau_julio_2021.pdf,si
Matemáticas II,2021,Ordinaria,Castilla y León,https://www.usal.es/files/acceso/matematicas_ii_ebau_junio_2021.pdf,si
Matemáticas II,2021,Ordinaria,Castilla y León,https://www.usal.es/files/acceso/cc_matematicas_ii_ebau_junio_2021.pdf,si
Matemáticas II,2021,Ordinaria,Castilla y León,https://www.usal.es/files/acceso/matematicas_ebau_julio_2021.pdf,si
Matemáticas II,2021,Ordinaria,Castilla y León,https://www.usal.es/files/acceso/cc_matematicas_ebau_julio_2021.pdf,si
Matemáticas II,2022,Ordinaria,Castilla y León,https://www.usal.es/files/acceso/matematicas_ebau_junio_2022.pdf,si
Matemáticas II,2022,Ordinaria,Castilla y León,https://www.usal.es/files/acceso/cc_matematicas_ebau_junio_2022.pdf,no
Matemáticas II,2022,Ordinaria,Castilla y León,https://www.usal.es/files/acceso/matematicas_ebau_julio_2022.pdf,no
Matemáticas II,2022,Ordinaria,Castilla y León,https://www.usal.es/files/acceso/cc_matematicas_ebau_julio_2022.pdf,si
Matemáticas II,2023,Modelo 0,Castilla y León,https://www.educa.jcyl.es/universidad/es/servicio-ensenanza-universitaria/acceso-universidades-publicas-castilla-leon/ebau-2023/modelos-0-examen-criterios-correccion/modelos-examen-0.ficheros/1605384-Modelo%200%20Matem%C3%A1ticas%20ACS%20II.pdf,si
Matemáticas II,2023,Modelo 0,Castilla y León,https://www.educa.jcyl.es/universidad/es/servicio-ensenanza-universitaria/acceso-universidades-publicas-castilla-leon/ebau-2023/modelos-0-examen-criterios-correccion/modelos-examen-0.ficheros/1605385-Modelo%200%20Matem%C3%A1ticas%20II.pdf,si
Matemáticas II,2023,Ordinaria,Castilla y León,https://www.usal.es/files/acceso/matematicas_ii_ebau_junio_2023.pdf,si
Matemáticas II,2023,Ordinaria,Castilla y León,https://www.usal.es/files/acceso/cc_matematicas_ii_ebau_junio_2023.pdf,si
Matemáticas II,2023,Ordinaria,Castilla y León,https://www.usal.es/files/acceso/matematicas_ebau_julio_2023.pdf,si
Matemáticas II,2023,Ordinaria,Castilla y León,https://www.usal.es/files/acceso/cc_matematicas_ebau_julio_2023.pdf,si
Matemáticas II,2024,Ordinaria,Castilla y León,https://www.usal.es/files/acceso/matematicas_ii_fase_general_ebau_junio_2024.pdf,si
Matemáticas II,2024,Ordinaria,Castilla y León,https://www.usal.es/files/acceso/cc_matematicas_ii_fase_obligatoria_ebau_junio_2024.pdf,si
Matemáticas II,2024,Ordinaria,Castilla y León,https://www.usal.es/files/acceso/matematicas_ii_fase_general_ebau_julio_2024.pdf,si
Matemáticas II,2024,Ordinaria,Castilla y León,https://www.usal.es/files/acceso/cc_matematicas_ii_fase_obligatoria_ebau_julio_2024.pdf,si
Matemáticas II,2024,Ordinaria,Castilla y León,https://www.usal.es/files/acceso/matematicas_ii_fase_mejora_nota_ebau_junio_2024.pdf,si
Matemáticas II,2024,Ordinaria,Castilla y León,https://www.usal.es/files/acceso/cc_matematicas_ii_fase_mejora_ebau_junio_2024.pdf,si
Matemáticas II,2024,Ordinaria,Castilla y León,https://www.usal.es/files/acceso/matematicas_ii_fase_mejora_nota_ebau_julio_2024.pdf,si
Matemáticas II,2024,Ordinaria,Castilla y León,https://www.usal.es/files/acceso/cc_matematicas_ii_fase_mejora_nota_ebau_julio_2024.pdf,si
Matemáticas II,2025,Modelo 0,Castilla y León,https://www.educa.jcyl.es/universidad/es/servicio-ensenanza-universitaria/acceso-universidades-publicas-castilla-leon/pau-2025-b5f5f/modelos-examen-0.ficheros/1756217-NUEVO%2014.01.25%20Modelo%200%20Matem%C3%A1ticas%20aplicadas%20a%20las%20CCSS%20II.pdf,si
Matemáticas II,2025,Modelo 0,Castilla y León,https://www.educa.jcyl.es/universidad/es/servicio-ensenanza-universitaria/acceso-universidades-publicas-castilla-leon/pau-2025-b5f5f/modelos-examen-0.ficheros/1743843-Modelo%200%20Matem%C3%A1ticas%20II.pdf,si
Movimientos Culturales y Artísticos,2024,Ordinaria,Castilla y León,https://www.usal.es/files/acceso/movimientos_culturales_y_artisticos_ebau_junio_2024.pdf,si
Movimientos Culturales y Artísticos,2024,Ordinaria,Castilla y León,https://www.usal.es/files/acceso/cc_movimientos_culturales_y_artisticos_ebau_junio_2024.pdf,si
Movimientos Culturales y Artísticos,2025,Modelo 0,Castilla y León,https://www.educa.jcyl.es/universidad/es/servicio-ensenanza-universitaria/acceso-universidades-publicas-castilla-leon/pau-2025-b5f5f/modelos-examen-0.ficheros/1744547-Modelo%200%20Movimientos%20Culturales%20y%20Art%C3%ADsticos.pdf,si
Portugués,2018,Ordinaria,Castilla y León,http://www.usal.es/files/acceso/portugues_fase_general_jun_2018.pdf,si
Portugués,2018,Ordinaria,Castilla y León,http://www.usal.es/files/acceso/portugues_fase_general_julio_2018.pdf,si
Portugués,2018,Ordinaria,Castilla y León,http://www.usal.es/files/acceso/portugues_fase_mejora_nota_jun_2018.pdf,si
Portugués,2018,Ordinaria,Castilla y León,http://www.usal.es/files/acceso/portuguesfase_mejora_nota_julio_2018.pdf,si
Portugués,2019,Ordinaria,Castilla y León,https://www.usal.es/files/acceso/portugues_fase_general_junio_2019.pdf,si
Portugués,2019,Ordinaria,Castilla y León,https://www.usal.es/files/acceso/criterios_portugues_junio_2019.pdf,si
Portugués,2019,Ordinaria,Castilla y León,https://www.usal.es/files/acceso/portugues_fase_general_julio_2019.pdf,si
Portugués,2019,Ordinaria,Castilla y León,https://www.usal.es/files/acceso/criterios_portugues_julio_2019.pdf,si
Portugués,2019,Ordinaria,Castilla y León,https://www.usal.es/files/acceso/portugues_fase_mejora_nota_junio_2019.pdf,si
Portugués,2019,Ordinaria,Castilla y León,https://www.usal.es/files/acceso/criterios_portugues_fase_mejora_nota_junio_2019.pdf,si
Portugués,2019,Ordinaria,Castilla y León,https://www.usal.es/files/acceso/portugues_fase_mejora_nota_julio_2019.pdf,si
Portugués,2019,Ordinaria,Castilla y León,https://www.usal.es/files/acceso/criterios_portugues_fase_mejora_nota_julio_2019.pdf,si
Portugués,2020,Ordinaria,Castilla y León,https://www.usal.es/files/acceso/portugues_fase_obligatoria_ebau_2020.pdf,si
Portugués,2020,Ordinaria,Castilla y León,https://www.usal.es/files/acceso/cc_portugues_fase_obligatoria_eabau_2020.pdf,si
Portugués,2020,Ordinaria,Castilla y León,https://www.usal.es/files/acceso/portugues_fase_mejora_nota_ebau_2020.pdf,si
Portugués,2020,Ordinaria,Castilla y León,https://www.usal.es/files/acceso/cc_portugues_fase_mejora_nota_ebau_2020.pdf,si
Portugués,2020,Ordinaria,Castilla y León,https://www.usal.es/files/acceso/portugues_fase_mejora_nota_ebau_2020_0.pdf,si
Portugués,2020,Ordinaria,Castilla y León,https://www.usal.es/files/acceso/cc_portugues_fase_mejora_de_nota_ebau_sept_2020.pdf,no
Portugués,2021,Ordinaria,Castilla y León,https://www.usal.es/files/acceso/portugues_fase_obligatoria_ebau_junio_2021.pdf,si
Portugués,2021,Ordinaria,Castilla y León,https://www.usal.es/files/acceso/cc_portugues_fase_obligatoria_ebau_junio_2021.pdf,si
Portugués,2021,Ordinaria,Castilla y León,https://www.usal.es/files/acceso/portugues_fase_obligatoria_ebau_julio_2021.pdf,si
Portugués,2021,Ordinaria,Castilla y León,https://www.usal.es/files/acceso/cc_portugues_fase_obligatoria_ebau_julio_2021.pdf,si
Portugués,2021,Ordinaria,Castilla y León,https://www.usal.es/files/acceso/portugues_fase_mejora_nota_ebau_junio_2021.pdf,no
Portugués,2021,Ordinaria,Castilla y León,https://www.usal.es/files/acceso/cc_portugues_fase_mejora_nota_ebau_junio_2021.pdf,no
Portugués,2021,Ordinaria,Castilla y León,https://www.usal.es/files/acceso/portugues_fase_mejora_ebau_julio_2021.pdf,no
Portugués,2021,Ordinaria,Castilla y León,https://www.usal.es/files/acceso/cc_portugues_fase_mejora_ebau_julio_2021.pdf,no
Portugués,2022,Ordinaria,Castilla y León,https://www.usal.es/files/acceso/portugues_fase_general_ebau_junio_2022.pdf,no
Portugués,2022,Ordinaria,Castilla y León,https://www.usal.es/files/acceso/cc_portugues_fase_obligatoria_ebau_junio_2022.pdf,no
Portugués,2022,Ordinaria,Castilla y León,https://www.usal.es/files/acceso/portugues_fase_general_ebau_julio_2022.pdf,no
Portugués,2022,Ordinaria,Castilla y León,https://www.usal.es/files/acceso/cc_portugues_fase_obligatoria_ebau_julio_2022.pdf,si
Portugués,2022,Ordinaria,Castilla y León,https://www.usal.es/files/acceso/portugues_fase_mejora_nota_ebau_junio_2022.pdf,si
Portugués,2022,Ordinaria,Castilla y León,https://www.usal.es/files/acceso/cc_portugues_fase_mejora_nota_ebau_junio_2022.pdf,si
Portugués,2022,Ordinaria,Castilla y León,https://www.usal.es/files/acceso/portugues_fase_mejora_nota_ebau_julio_2022.pdf,si
Portugués,2022,Ordinaria,Castilla y León,https://www.usal.es/files/acceso/cc_portugues_fase_mejora_nota_ebau_julio_2022.pdf,si
Portugués,2023,Modelo 0,Castilla y León,https://www.educa.jcyl.es/universidad/es/servicio-ensenanza-universitaria/acceso-universidades-publicas-castilla-leon/ebau-2023/modelos-0-examen-criterios-correccion/modelos-examen-0.ficheros/1605386-Modelo%200%20Portugu%C3%A9s.pdf,si
Portugués,2023,Ordinaria,Castilla y León,https://www.usal.es/files/acceso/portugues_fase_general_ebau_junio_2023.pdf,si
Portugués,2023,Ordinaria,Castilla y León,https://www.usal.es/files/acceso/cc_portugues_ebau_junio_2023.pdf,no
Portugués,2023,Ordinaria,Castilla y León,https://www.usal.es/files/acceso/portugues_fase_general_ebau_julio_2023.pdf,no
Portugués,2023,Ordinaria,Castilla y León,https://www.usal.es/files/acceso/cc_portugues_fase_general_ebau_julio_2023.pdf,no
Portugués,2023,Ordinaria,Castilla y León,https://www.usal.es/files/acceso/portugues_fase_mejora_nota_ebau_junio_2023.pdf,no
Portugués,2023,Ordinaria,Castilla y León,https://www.usal.es/files/acceso/cc_portugues_fase_mejor_nota_ebau_2023.pdf,no
Portugués,2023,Ordinaria,Castilla y León,https://www.usal.es/files/acceso/portugues_fase_mejora_nota_ebau_julio_2023.pdf,no
Portugués,2023,Ordinaria,Castilla y León,https://www.usal.es/files/acceso/cc_portugues_fase_mejora_nota_ebau_julio_2023.pdf,no
Portugués,2024,Ordinaria,Castilla y León,https://www.usal.es/files/acceso/portugues_ii_fase_general_ebau_junio_2024.pdf,no
Portugués,2024,Ordinaria,Castilla y León,https://www.usal.es/files/acceso/cc_portugues_ii_fase_obligatoria_ebau_junio_2024.pdf,no
Portugués,2024,Ordinaria,Castilla y León,https://www.usal.es/files/acceso/portugues_ii_fase_mejora_nota_ebau_junio_2024.pdf,no
Portugués,2024,Ordinaria,Castilla y León,https://www.usal.es/files/acceso/cc_portugues_ii_fase_mejora_nota_ebau_junio_2024.pdf,no
Portugués,2024,Ordinaria,Castilla y León,https://www.usal.es/files/acceso/portugues_ii_fase_mejora_nota_ebau_julio_2024.pdf,no
Portugués,2024,Ordinaria,Castilla y León,https://www.usal.es/files/acceso/cc_portugues_ii_fase_mejora_nota_ebau_julio_2024.pdf,no
Química,2018,Ordinaria,Castilla y León,http://www.usal.es/files/acceso/quimica_jun_2018.pdf,no
Química,2018,Ordinaria,Castilla y León,http://www.usal.es/files/acceso/quimica_julio_2018.pdf,no
Química,2018,Ordinaria,Castilla y León,http://www.usal.es/files/acceso/criterios_quimica_julio_2018.pdf,no
Química,2019,Ordinaria,Castilla y León,https://www.usal.es/files/acceso/quimica_junio_2019.pdf,no
Química,2019,Ordinaria,Castilla y León,https://www.usal.es/files/acceso/criterios_quimica_junio_2019.pdf,no
Química,2019,Ordinaria,Castilla y León,https://www.usal.es/files/acceso/quimica_julio_2019.pdf,no
Química,2019,Ordinaria,Castilla y León,https://www.usal.es/files/acceso/criterios_quimica_julio_2019.pdf,no
Química,2020,Ordinaria,Castilla y León,https://www.usal.es/files/acceso/quimica_ebau_2020.pdf,no
Química,2020,Ordinaria,Castilla y León,https://www.usal.es/files/acceso/cc_quimica_ebau_2020.pdf,no
Química,2020,Ordinaria,Castilla y León,https://www.usal.es/files/acceso/quimica_ebau_sept_2020.pdf,no
Química,2021,Ordinaria,Castilla y León,https://www.usal.es/files/acceso/quimica_ebau_junio_2021.pdf,no
Química,2021,Ordinaria,Castilla y León,https://www.usal.es/files/acceso/cc_quimica_ebau_junio_2021.pdf,no
Química,2021,Ordinaria,Castilla y León,https://www.usal.es/files/acceso/quimica_ebau_julio_2021.pdf,no
Química,2021,Ordinaria,Castilla y León,https://www.usal.es/files/acceso/cc_quimica_ebau_julio_2021.pdf,no
Química,2022,Ordinaria,Castilla y León,https://www.usal.es/files/acceso/quimica_ebau_junio_2022.pdf,no
Química,2022,Ordinaria,Castilla y León,https://www.usal.es/files/acceso/cc_quimica_ebau_junio_2022.pdf,no
Química,2022,Ordinaria,Castilla y León,https://www.usal.es/files/acceso/quimica_ebau_julio_2022.pdf,no
Química,2022,Ordinaria,Castilla y León,https://www.usal.es/files/acceso/cc_quimica_ebau_julio_2022.pdf,si
Química,2023,Modelo 0,Castilla y León,https://www.educa.jcyl.es/universidad/es/servicio-ensenanza-universitaria/acceso-universidades-publicas-castilla-leon/ebau-2023/modelos-0-examen-criterios-correccion/modelos-examen-0.ficheros/1605387-Modelo%200%20Qu%C3%ADmica.pdf,si
Química,2023,Ordinaria,Castilla y León,https://www.usal.es/files/acceso/quimica_ebau_junio_2023.pdf,si
Química,2023,Ordinaria,Castilla y León,https://www.usal.es/files/acceso/cc_quimica_ebau_junio_2023.pdf,si
Química,2023,Ordinaria,Castilla y León,https://www.usal.es/files/acceso/quimica_ebau_julio_2023.pdf,si
Química,2023,Ordinaria,Castilla y León,https://www.usal.es/files/acceso/cc_quimica_ebau_julio_2023.pdf,si
Química,2024,Ordinaria,Castilla y León,https://www.usal.es/files/acceso/quimica_ebau_junio_2024.pdf,si
Química,2024,Ordinaria,Castilla y León,https://www.usal.es/files/acceso/cc_quimica_ebau_junio_2024.pdf,si
Química,2024,Ordinaria,Castilla y León,https://www.usal.es/files/acceso/quimica_ebau_julio_2024.pdf,si
Química,2024,Ordinaria,Castilla y León,https://www.usal.es/files/acceso/cc_quimica_ebau_julio_2024.pdf,si
Química,2025,Modelo 0,Castilla y León,https://www.educa.jcyl.es/universidad/es/servicio-ensenanza-universitaria/acceso-universidades-publicas-castilla-leon/pau-2025-b5f5f/modelos-examen-0.ficheros/1744548-Modelo%200%20Qu%C3%ADmica.pdf,si
Tecnología e Ingeniería II,2024,Ordinaria,Castilla y León,https://www.usal.es/files/acceso/tecnologia_e_ingenieria_ii_ebau_junio_2024.pdf,si
Tecnología e Ingeniería II,2024,Ordinaria,Castilla y León,https://www.usal.es/files/acceso/cc_tecnologia_e_ingenieria_ii_fase_mejora_ebau_junio_2024.pdf,si
Tecnología e Ingeniería II,2024,Ordinaria,Castilla y León,https://www.usal.es/files/acceso/tecnologia_e_ingenieria_ii_ebau_julio_2024.pdf,si
Tecnología e Ingeniería II,2024,Ordinaria,Castilla y León,https://www.usal.es/files/acceso/cc_tecnologia_e_ingenieria_ii_fase_mejora_ebau_junio_2024.pdf,si
Tecnología e Ingeniería II,2025,Modelo 0,Castilla y León,https://www.educa.jcyl.es/universidad/es/servicio-ensenanza-universitaria/acceso-universidades-publicas-castilla-leon/pau-2025-b5f5f/modelos-examen-0.ficheros/1758753-Modelo%200%20Tecnologia%20e%20Ingenier%C3%ADa%20II.pdf,si
Técnicas de Expresión Gráfico-Plástica,2025,Modelo 0,Castilla y León,https://www.educa.jcyl.es/universidad/es/servicio-ensenanza-universitaria/acceso-universidades-publicas-castilla-leon/pau-2025-b5f5f/modelos-examen-0.ficheros/1744549-Modelo%200%20T%C3%A9cnicas%20de%20Expresi%C3%B3n%20Gr%C3%A1fico-Pl%C3%A1stica.pdf,si
Alemán,2015,Ordinaria,Castilla-La Mancha,https://www.uclm.es/-/media/Files/A04-Gestion-Academica/PAEG_Historico/Modelos_examen/2014_2015/aleman_jun.ashx?la=es,si
Alemán,2016,Ordinaria,Castilla-La Mancha,https://www.uclm.es/-/media/Files/A04-Gestion-Academica/PAEG_Historico/Modelos_examen/2015_2016/aleman_jun.ashx?la=es,si
Alemán,2017,Ordinaria,Castilla-La Mancha,https://www.uclm.es/-/media/Files/A04-Gestion-Academica/PDFEstudiantes/PDFEvAU/ModelosPruebas1617/Aleman-2017.ashx?la=es,si
Alemán,2018,Extraordinaria,Castilla-La Mancha,https://www.uclm.es/-/media/Files/A04-Gestion-Academica/PDFEstudiantes/PDFEvAU/ModelosPruebas1718/Aleman-julio-2018.ashx?la=es,si
Alemán,2018,Ordinaria,Castilla-La Mancha,https://www.uclm.es/-/media/Files/A04-Gestion-Academica/PDFEstudiantes/PDFEvAU/ModelosPruebas1718/Aleman.ashx?la=es,si
Alemán,2019,Extraordinaria,Castilla-La Mancha,https://www.uclm.es/-/media/Files/A04-Gestion-Academica/PDFEstudiantes/PDFEvAU/ModelosPruebas1819/ALEMAN-Julio.ashx?la=es,si
Alemán,2019,Ordinaria,Castilla-La Mancha,https://www.uclm.es/-/media/Files/A04-Gestion-Academica/PDFEstudiantes/PDFEvAU/ModelosPruebas1819/Aleman.ashx?la=es,si
Alemán,2020,Extraordinaria,Castilla-La Mancha,https://www.uclm.es/-/media/Files/A04-Gestion-Academica/PDFEstudiantes/PDFEvAU/ModelosPruebas1920/Aleman.ashx?la=es,si
Alemán,2021,Extraordinaria,Castilla-La Mancha,https://www.uclm.es/-/media/Files/A04-Gestion-Academica/PDFEstudiantes/PDFEvAU/ModelosPruebas2021/Aleman-EvAU-julio-2021.ashx?la=es,si
Alemán,2021,Ordinaria,Castilla-La Mancha,https://www.uclm.es/-/media/Files/A04-Gestion-Academica/PDFEstudiantes/PDFEvAU/ModelosPruebas2021/Aleman-junio-2021.ashx?la=es,si
Alemán,2022,Ordinaria,Castilla-La Mancha,https://www.uclm.es/-/media/Files/A04-Gestion-Academica/PDFEstudiantes/PDFEvAU/ModelosPruebas2122/Aleman-2022.ashx?la=es,si
Alemán,2024,Ordinaria,Castilla-La Mancha,https://www.uclm.es/-/media/Files/A04-Gestion-Academica/PDFEstudiantes/PDFEvAU/ModelosPruebas2324/Aleman1.ashx?la=es,si
Alemán,2025,Ordinaria,Castilla-La Mancha,https://www.uclm.es/-/media/Files/A04-Gestion-Academica/PDFEstudiantes/PDFEvAU/ModelosPruebas2425/ALEMAN.ashx?la=es,si
Alemán,0,Extraordinaria,Castilla-La Mancha,https://www.uclm.es/-/media/Files/A04-Gestion-Academica/PDFEstudiantes/PDFEvAU/ModelosPruebas2223/ConvocatoriaExtraordinaria/Aleman-Extraordinaria.ashx?la=es,si
Alemán,0,Ordinaria,Castilla-La Mancha,https://www.uclm.es/-/media/Files/A04-Gestion-Academica/PDFEstudiantes/PDFEvAU/ModelosPruebas2223/ConvocatoriaOrdinaria/Aleman-Ordinaria-2023.ashx?la=es,si
Anatomía Aplicada,2015,Extraordinaria,Castilla-La Mancha,https://www.uclm.es/-/media/Files/A04-Gestion-Academica/PAEG_Historico/Modelos_examen/2014_2015/anatomia_sep.ashx?la=es,si
Anatomía Aplicada,2015,Ordinaria,Castilla-La Mancha,https://www.uclm.es/-/media/Files/A04-Gestion-Academica/PAEG_Historico/Modelos_examen/2014_2015/anatomiaAplicada_jun.ashx?la=es,si
Anatomía Aplicada,2016,Extraordinaria,Castilla-La Mancha,https://www.uclm.es/-/media/Files/A04-Gestion-Academica/PAEG_Historico/Modelos_examen/2015_2016/anatomia_sep.ashx?la=es,si
Anatomía Aplicada,2016,Ordinaria,Castilla-La Mancha,https://www.uclm.es/-/media/Files/A04-Gestion-Academica/PAEG_Historico/Modelos_examen/2015_2016/anatomiaAplicada_jun.ashx?la=es,si
Análisis Musical II,2015,Extraordinaria,Castilla-La Mancha,https://www.uclm.es/-/media/Files/A04-Gestion-Academica/PAEG_Historico/Modelos_examen/2014_2015/analisisMusical_sep.ashx?la=es,si
Análisis Musical II,2015,Ordinaria,Castilla-La Mancha,https://www.uclm.es/-/media/Files/A04-Gestion-Academica/PAEG_Historico/Modelos_examen/2014_2015/AnalisisMusical_jun.ashx?la=es,si
Análisis Musical II,2016,Extraordinaria,Castilla-La Mancha,https://www.uclm.es/-/media/Files/A04-Gestion-Academica/PAEG_Historico/Modelos_examen/2015_2016/analisisMusicalseppdf.ashx?la=es,si
Análisis Musical II,2016,Ordinaria,Castilla-La Mancha,https://www.uclm.es/-/media/Files/A04-Gestion-Academica/PAEG_Historico/Modelos_examen/2015_2016/AnalisisMusical_jun.ashx?la=es,si
Análisis Musical II,2024,Ordinaria,Castilla-La Mancha,https://www.uclm.es/-/media/Files/A04-Gestion-Academica/PDFEstudiantes/PDFEvAU/ModelosPruebas2324/ANALISIS-MUSICAL-II.ashx?la=es,si
Análisis Musical II,2025,Ordinaria,Castilla-La Mancha,https://www.uclm.es/-/media/Files/A04-Gestion-Academica/PDFEstudiantes/PDFEvAU/ModelosPruebas2425/Anlisis-Musical-II.ashx?la=es,si
Análisis Musical II,0,Extraordinaria,Castilla-La Mancha,https://www.uclm.es/-/media/Files/A04-Gestion-Academica/PDFEstudiantes/PDFEvAU/ModelosPruebas2425/EXTRAORDINARIA/Analisis-Musical-II.ashx?la=es,si
Análisis Musical II,0,Extraordinaria,Castilla-La Mancha,https://www.uclm.es/-/media/Files/A04-Gestion-Academica/PDFEstudiantes/PDFEvAU/ModelosPruebas2425/EXTRAORDINARIA/ANALISIS-MUSICAL-IIAUDICIN.ashx?la=es,si
Análisis Musical II,0,Extraordinaria,Castilla-La Mancha,https://www.uclm.es/-/media/Files/A04-Gestion-Academica/PDFEstudiantes/PDFEvAU/ModelosPruebas2324/Extraordinaria/ANALISIS-MUSICAL.ashx?la=es,si
Análisis Musical II (Audición),2024,Desconocido,Castilla-La Mancha,https://www.uclm.es/-/media/Files/A04-Gestion-Academica/PDFEstudiantes/PDFEvAU/ModelosPruebas2324/Ccoro-II-modelo-1B-ratohduek_Audicin-1.ashx?la=es,si
Análisis Musical II (Audición),2024,Desconocido,Castilla-La Mancha,https://www.uclm.es/-/media/Files/A04-Gestion-Academica/PDFEstudiantes/PDFEvAU/ModelosPruebas2324/Coro-II-modelo-1A-jesusbleibet_Audicin-2.ashx?la=es,si
Análisis Musical II (Audición),2024,Ordinaria,Castilla-La Mancha,https://www.uclm.es/-/media/Files/A04-Gestion-Academica/PDFEstudiantes/PDFEvAU/ModelosPruebas2324/Analisis-Musical-JUNIO_AUDICION-PARTITURA-AUDICION-1.ashx?la=es,si
Análisis Musical II (Audición),2024,Ordinaria,Castilla-La Mancha,https://www.uclm.es/-/media/Files/A04-Gestion-Academica/PDFEstudiantes/PDFEvAU/ModelosPruebas2324/TITULAR-Analisis-Musical-JUNIO_AUDICION-PARTITURA-AUDICION-2.ashx?la=es,si
Análisis Musical II (Audición),2025,Desconocido,Castilla-La Mancha,https://www.uclm.es/-/media/Files/A04-Gestion-Academica/PDFEstudiantes/PDFEvAU/ModelosPruebas2425/ANLISIS-MUSICAL-II-AUDICIN.ashx?la=es,si
Análisis Musical II (Audición),2025,Desconocido,Castilla-La Mancha,https://www.uclm.es/-/media/Files/A04-Gestion-Academica/PDFEstudiantes/PDFEvAU/ModelosPruebas2425/Coro-Audicion-1_El-Grillo.ashx?la=es,si
Análisis Musical II (Audición),2025,Desconocido,Castilla-La Mancha,https://www.uclm.es/-/media/Files/A04-Gestion-Academica/PDFEstudiantes/PDFEvAU/ModelosPruebas2425/Coro-Audicion-2_Va-pensiero.ashx?la=es,si
Análisis Musical II (Audición),2025,Desconocido,Castilla-La Mancha,https://www.uclm.es/-/media/Files/A04-Gestion-Academica/PDFEstudiantes/PDFEvAU/ModelosPruebas2425/H-DE-LA-MUSICA-AUDICION.ashx?la=es,si
Análisis Musical II (Audición),0,Extraordinaria,Castilla-La Mancha,https://www.uclm.es/-/media/Files/A04-Gestion-Academica/PDFEstudiantes/PDFEvAU/ModelosPruebas2425/EXTRAORDINARIA/Coro-y-Tecnica-Vocal-Audicion-1_Ratoh-Duek.ashx?la=es,si
Análisis Musical II (Audición),0,Extraordinaria,Castilla-La Mancha,https://www.uclm.es/-/media/Files/A04-Gestion-Academica/PDFEstudiantes/PDFEvAU/ModelosPruebas2425/EXTRAORDINARIA/Coro-y-Tecnica-Vocal-Audicion-2_O-Fortuna.ashx?la=es,si
Análisis Musical II (Audición),0,Extraordinaria,Castilla-La Mancha,https://www.uclm.es/-/media/Files/A04-Gestion-Academica/PDFEstudiantes/PDFEvAU/ModelosPruebas2324/Extraordinaria/ANALISIS-MUSICAL-AUDICION-1.ashx?la=es,si
Análisis Musical II (Audición),0,Extraordinaria,Castilla-La Mancha,https://www.uclm.es/-/media/Files/A04-Gestion-Academica/PDFEstudiantes/PDFEvAU/ModelosPruebas2324/Extraordinaria/ANALISIS-MUSICAL-AUDICION-2.ashx?la=es,si
Análisis Musical II (Audición),0,Extraordinaria,Castilla-La Mancha,https://www.uclm.es/-/media/Files/A04-Gestion-Academica/PDFEstudiantes/PDFEvAU/ModelosPruebas2324/Extraordinaria/CORO-audicion-1.ashx?la=es,si
Análisis Musical II (Audición),0,Extraordinaria,Castilla-La Mancha,https://www.uclm.es/-/media/Files/A04-Gestion-Academica/PDFEstudiantes/PDFEvAU/ModelosPruebas2324/Extraordinaria/CORO-Audicion-2.ashx?la=es,si
Artes Escénicas,2017,Extraordinaria,Castilla-La Mancha,https://www.uclm.es/-/media/Files/A04-Gestion-Academica/PDFEstudiantes/PDFEvAU/ModelosPruebas1617/Artes-Escnicas-EvAU-3-2017---sept.ashx?la=es,si
Artes Escénicas,2017,Ordinaria,Castilla-La Mancha,https://www.uclm.es/-/media/Files/A04-Gestion-Academica/PDFEstudiantes/PDFEvAU/ModelosPruebas1617/Artes-Escenicas-2017.ashx?la=es,si
Artes Escénicas,2018,Extraordinaria,Castilla-La Mancha,https://www.uclm.es/-/media/Files/A04-Gestion-Academica/PDFEstudiantes/PDFEvAU/ModelosPruebas1718/Artes-Escenicas-julio-2018.ashx?la=es,si
Artes Escénicas,2018,Ordinaria,Castilla-La Mancha,https://www.uclm.es/-/media/Files/A04-Gestion-Academica/PDFEstudiantes/PDFEvAU/ModelosPruebas1718/Artes-Escenicas.ashx?la=es,si
Artes Escénicas,2019,Extraordinaria,Castilla-La Mancha,https://www.uclm.es/-/media/Files/A04-Gestion-Academica/PDFEstudiantes/PDFEvAU/ModelosPruebas1819/ARTES-ESCENICAS-Julio.ashx?la=es,si
Artes Escénicas,2019,Ordinaria,Castilla-La Mancha,https://www.uclm.es/-/media/Files/A04-Gestion-Academica/PDFEstudiantes/PDFEvAU/ModelosPruebas1819/Artes-Escenicas.ashx?la=es,si
Artes Escénicas,2020,Extraordinaria,Castilla-La Mancha,https://www.uclm.es/-/media/Files/A04-Gestion-Academica/PDFEstudiantes/PDFEvAU/ModelosPruebas1920/Artes-Escenicas-1.ashx?la=es,si
Artes Escénicas,2020,Extraordinaria,Castilla-La Mancha,https://www.uclm.es/-/media/Files/A04-Gestion-Academica/PDFEstudiantes/PDFEvAU/ModelosPruebas1920/Artes-Escenicas-septiembre_2020.ashx?la=es,si
Artes Escénicas,2021,Extraordinaria,Castilla-La Mancha,https://www.uclm.es/-/media/Files/A04-Gestion-Academica/PDFEstudiantes/PDFEvAU/ModelosPruebas2021/ARTES-ESCENICAS-EVAU-julio-2021.ashx?la=es,si
Artes Escénicas,2021,Ordinaria,Castilla-La Mancha,https://www.uclm.es/-/media/Files/A04-Gestion-Academica/PDFEstudiantes/PDFEvAU/ModelosPruebas2021/ARTES-ESCENICAS-junio-2021.ashx?la=es,si
Artes Escénicas,2022,Ordinaria,Castilla-La Mancha,https://www.uclm.es/-/media/Files/A04-Gestion-Academica/PDFEstudiantes/PDFEvAU/ModelosPruebas2122/Artes-Escenicas-2022.ashx?la=es,si
Artes Escénicas,2024,Ordinaria,Castilla-La Mancha,https://www.uclm.es/-/media/Files/A04-Gestion-Academica/PDFEstudiantes/PDFEvAU/ModelosPruebas2324/Artes-Escenicas.ashx?la=es,si
Artes Escénicas,2025,Ordinaria,Castilla-La Mancha,https://www.uclm.es/-/media/Files/A04-Gestion-Academica/PDFEstudiantes/PDFEvAU/ModelosPruebas2425/ARTES-ESCENICAS.ashx?la=es,si
Artes Escénicas,0,Extraordinaria,Castilla-La Mancha,https://www.uclm.es/-/media/Files/A04-Gestion-Academica/PDFEstudiantes/PDFEvAU/ModelosPruebas2425/EXTRAORDINARIA/ARTES-ESCENICAS.ashx?la=es,si
Artes Escénicas,0,Extraordinaria,Castilla-La Mancha,https://www.uclm.es/-/media/Files/A04-Gestion-Academica/PDFEstudiantes/PDFEvAU/ModelosPruebas2324/Extraordinaria/ARTES-ESCENICAS.ashx?la=es,si
Artes Escénicas,0,Extraordinaria,Castilla-La Mancha,https://www.uclm.es/-/media/Files/A04-Gestion-Academica/PDFEstudiantes/PDFEvAU/ModelosPruebas2223/ConvocatoriaExtraordinaria/Artes-Escenicas-Extraordinaria.ashx?la=es,si
Artes Escénicas,0,Extraordinaria,Castilla-La Mancha,https://www.uclm.es/-/media/Files/A04-Gestion-Academica/PDFEstudiantes/PDFEvAU/ModelosPruebas2122/CONVOCATORIA-EXTRAORDINARIA/Artes-Escenicas.ashx?la=es,si
Artes Escénicas,0,Ordinaria,Castilla-La Mancha,https://www.uclm.es/-/media/Files/A04-Gestion-Academica/PDFEstudiantes/PDFEvAU/ModelosPruebas2223/ConvocatoriaOrdinaria/Artes-Escenicas-ordinaria-2023.ashx?la=es,si
Biología,2015,Extraordinaria,Castilla-La Mancha,https://www.uclm.es/-/media/Files/A04-Gestion-Academica/PAEG_Historico/Modelos_examen/2014_2015/biologia_sep.ashx?la=es,si
Biología,2015,Ordinaria,Castilla-La Mancha,https://www.uclm.es/-/media/Files/A04-Gestion-Academica/PAEG_Historico/Modelos_examen/2014_2015/biologia_jun.ashx?la=es,si
Biología,2016,Extraordinaria,Castilla-La Mancha,https://www.uclm.es/-/media/Files/A04-Gestion-Academica/PAEG_Historico/Modelos_examen/2015_2016/biologia_sep.ashx?la=es,si
Biología,2016,Ordinaria,Castilla-La Mancha,https://www.uclm.es/-/media/Files/A04-Gestion-Academica/PAEG_Historico/Modelos_examen/2015_2016/biologia_jun.ashx?la=es,si
Biología,2017,Extraordinaria,Castilla-La Mancha,https://www.uclm.es/-/media/Files/A04-Gestion-Academica/PDFEstudiantes/PDFEvAU/ModelosPruebas1617/BIOLOGA-EXAMEN-1-def-2017-sept.ashx?la=es,si
Biología,2017,Ordinaria,Castilla-La Mancha,https://www.uclm.es/-/media/Files/A04-Gestion-Academica/PDFEstudiantes/PDFEvAU/ModelosPruebas1617/BIOLOGIA-2017.ashx?la=es,si
Biología,2018,Extraordinaria,Castilla-La Mancha,https://www.uclm.es/-/media/Files/A04-Gestion-Academica/PDFEstudiantes/PDFEvAU/ModelosPruebas1718/BIOLOGIA-julio-2018.ashx?la=es,si
Biología,2018,Ordinaria,Castilla-La Mancha,https://www.uclm.es/-/media/Files/A04-Gestion-Academica/PDFEstudiantes/PDFEvAU/ModelosPruebas1718/BIOLOGIA.ashx?la=es,si
Biología,2019,Extraordinaria,Castilla-La Mancha,https://www.uclm.es/-/media/Files/A04-Gestion-Academica/PDFEstudiantes/PDFEvAU/ModelosPruebas1819/Biologia-Julio.ashx?la=es,si
Biología,2019,Ordinaria,Castilla-La Mancha,https://www.uclm.es/-/media/Files/A04-Gestion-Academica/PDFEstudiantes/PDFEvAU/ModelosPruebas1819/Biologia.ashx?la=es,si
Biología,2020,Extraordinaria,Castilla-La Mancha,https://www.uclm.es/-/media/Files/A04-Gestion-Academica/PDFEstudiantes/PDFEvAU/ModelosPruebas1920/Biologia20205pginasModelo1.ashx?la=es,si
Biología,2020,Extraordinaria,Castilla-La Mancha,https://www.uclm.es/-/media/Files/A04-Gestion-Academica/PDFEstudiantes/PDFEvAU/ModelosPruebas1920/Biologia-septiembre_2020.ashx?la=es,si
Biología,2021,Extraordinaria,Castilla-La Mancha,https://www.uclm.es/-/media/Files/A04-Gestion-Academica/PDFEstudiantes/PDFEvAU/ModelosPruebas2021/Biologia-EVAU-julio-2021.ashx?la=es,si
Biología,2021,Ordinaria,Castilla-La Mancha,https://www.uclm.es/-/media/Files/A04-Gestion-Academica/PDFEstudiantes/PDFEvAU/ModelosPruebas2021/Biologia-junio-2021.ashx?la=es,si
Biología,2022,Ordinaria,Castilla-La Mancha,https://www.uclm.es/-/media/Files/A04-Gestion-Academica/PDFEstudiantes/PDFEvAU/ModelosPruebas2122/Biologia-2022.ashx?la=es,si
Biología,2024,Ordinaria,Castilla-La Mancha,https://www.uclm.es/-/media/Files/A04-Gestion-Academica/PDFEstudiantes/PDFEvAU/ModelosPruebas2324/Biologia.ashx?la=es,si
Biología,2025,Ordinaria,Castilla-La Mancha,https://www.uclm.es/-/media/Files/A04-Gestion-Academica/PDFEstudiantes/PDFEvAU/ModelosPruebas2425/BIOLOGIA.ashx?la=es,si
Biología,0,Extraordinaria,Castilla-La Mancha,https://www.uclm.es/-/media/Files/A04-Gestion-Academica/PDFEstudiantes/PDFEvAU/ModelosPruebas2425/EXTRAORDINARIA/BIOLOGIA.ashx?la=es,si
Biología,0,Extraordinaria,Castilla-La Mancha,https://www.uclm.es/-/media/Files/A04-Gestion-Academica/PDFEstudiantes/PDFEvAU/ModelosPruebas2324/Extraordinaria/BIOLOGIA.ashx?la=es,si
Biología,0,Extraordinaria,Castilla-La Mancha,https://www.uclm.es/-/media/Files/A04-Gestion-Academica/PDFEstudiantes/PDFEvAU/ModelosPruebas2223/ConvocatoriaExtraordinaria/Biologia-Extraordinaria.ashx?la=es,si
Biología,0,Extraordinaria,Castilla-La Mancha,https://www.uclm.es/-/media/Files/A04-Gestion-Academica/PDFEstudiantes/PDFEvAU/ModelosPruebas2122/CONVOCATORIA-EXTRAORDINARIA/Biologia.ashx?la=es,si
Biología,0,Ordinaria,Castilla-La Mancha,https://www.uclm.es/-/media/Files/A04-Gestion-Academica/PDFEstudiantes/PDFEvAU/ModelosPruebas2223/ConvocatoriaOrdinaria/Biologia-Ordinaria-2023.ashx?la=es,si
Ciencias Generales,2024,Ordinaria,Castilla-La Mancha,https://www.uclm.es/-/media/Files/A04-Gestion-Academica/PDFEstudiantes/PDFEvAU/ModelosPruebas2324/Ciencias-Generales.ashx?la=es,si
Ciencias Generales,2025,Ordinaria,Castilla-La Mancha,https://www.uclm.es/-/media/Files/A04-Gestion-Academica/PDFEstudiantes/PDFEvAU/ModelosPruebas2425/CIENCIAS-GENERALES.ashx?la=es,si
Ciencias Generales,0,Extraordinaria,Castilla-La Mancha,https://www.uclm.es/-/media/Files/A04-Gestion-Academica/PDFEstudiantes/PDFEvAU/ModelosPruebas2425/EXTRAORDINARIA/CIENCIAS-GENERALES.ashx?la=es,si
Ciencias Generales,0,Extraordinaria,Castilla-La Mancha,https://www.uclm.es/-/media/Files/A04-Gestion-Academica/PDFEstudiantes/PDFEvAU/ModelosPruebas2324/Extraordinaria/CIENCIAS-GENERALES.ashx?la=es,si
Ciencias de la Tierra,2015,Extraordinaria,Castilla-La Mancha,https://www.uclm.es/-/media/Files/A04-Gestion-Academica/PAEG_Historico/Modelos_examen/2014_2015/CCtierra_sep.ashx?la=es,si
Ciencias de la Tierra,2015,Ordinaria,Castilla-La Mancha,https://www.uclm.es/-/media/Files/A04-Gestion-Academica/PAEG_Historico/Modelos_examen/2014_2015/CCtierra_jun.ashx?la=es,si
Ciencias de la Tierra,2016,Extraordinaria,Castilla-La Mancha,https://www.uclm.es/-/media/Files/A04-Gestion-Academica/PAEG_Historico/Modelos_examen/2015_2016/CCtierra_sep.ashx?la=es,si
Ciencias de la Tierra,2016,Ordinaria,Castilla-La Mancha,https://www.uclm.es/-/media/Files/A04-Gestion-Academica/PAEG_Historico/Modelos_examen/2015_2016/CCtierra_jun.ashx?la=es,si
Coro y Técnica Vocal II,2024,Ordinaria,Castilla-La Mancha,https://www.uclm.es/-/media/Files/A04-Gestion-Academica/PDFEstudiantes/PDFEvAU/ModelosPruebas2324/Coro-II.ashx?la=es,si
Coro y Técnica Vocal II,2025,Ordinaria,Castilla-La Mancha,https://www.uclm.es/-/media/Files/A04-Gestion-Academica/PDFEstudiantes/PDFEvAU/ModelosPruebas2425/CORO-Y-TECNICA-VOCAL.ashx?la=es,si
Coro y Técnica Vocal II,0,Extraordinaria,Castilla-La Mancha,https://www.uclm.es/-/media/Files/A04-Gestion-Academica/PDFEstudiantes/PDFEvAU/ModelosPruebas2425/EXTRAORDINARIA/Coro-y-tecnica-vocal.ashx?la=es,si
Coro y Técnica Vocal II,0,Extraordinaria,Castilla-La Mancha,https://www.uclm.es/-/media/Files/A04-Gestion-Academica/PDFEstudiantes/PDFEvAU/ModelosPruebas2324/Extraordinaria/CORO-Y--TECNICA-VOCAL.ashx?la=es,si
Cultura Audiovisual,2017,Extraordinaria,Castilla-La Mancha,https://www.uclm.es/-/media/Files/A04-Gestion-Academica/PDFEstudiantes/PDFEvAU/ModelosPruebas1617/Cultura-Audiovisual-1-EvAU-2017---sept.ashx?la=es,si
Cultura Audiovisual,2017,Ordinaria,Castilla-La Mancha,https://www.uclm.es/-/media/Files/A04-Gestion-Academica/PDFEstudiantes/PDFEvAU/ModelosPruebas1617/Cultura-Audiovisual-2017.ashx?la=es,si
Cultura Audiovisual,2018,Extraordinaria,Castilla-La Mancha,https://www.uclm.es/-/media/Files/A04-Gestion-Academica/PDFEstudiantes/PDFEvAU/ModelosPruebas1718/Cultura-Audiovisual-julio-2018.ashx?la=es,si
Cultura Audiovisual,2018,Ordinaria,Castilla-La Mancha,https://www.uclm.es/-/media/Files/A04-Gestion-Academica/PDFEstudiantes/PDFEvAU/ModelosPruebas1718/Cultura-Audiovisual.ashx?la=es,si
Cultura Audiovisual,2019,Extraordinaria,Castilla-La Mancha,https://www.uclm.es/-/media/Files/A04-Gestion-Academica/PDFEstudiantes/PDFEvAU/ModelosPruebas1819/CULTURA-AUDIOVISUAL-Julio.ashx?la=es,si
Cultura Audiovisual,2019,Ordinaria,Castilla-La Mancha,https://www.uclm.es/-/media/Files/A04-Gestion-Academica/PDFEstudiantes/PDFEvAU/ModelosPruebas1819/Cultura-Audiovisual-II.ashx?la=es,si
Cultura Audiovisual,2020,Extraordinaria,Castilla-La Mancha,https://www.uclm.es/-/media/Files/A04-Gestion-Academica/PDFEstudiantes/PDFEvAU/ModelosPruebas1920/Cultura-Audiovisual3.ashx?la=es,si
Cultura Audiovisual,2020,Extraordinaria,Castilla-La Mancha,https://www.uclm.es/-/media/Files/A04-Gestion-Academica/PDFEstudiantes/PDFEvAU/ModelosPruebas1920/Cultura-Audiovisual-septimbre_2020.ashx?la=es,si
Cultura Audiovisual,2021,Extraordinaria,Castilla-La Mancha,https://www.uclm.es/-/media/Files/A04-Gestion-Academica/PDFEstudiantes/PDFEvAU/ModelosPruebas2021/Cultura-audiovisual-EvAU-julio-2021.ashx?la=es,si
Cultura Audiovisual,2021,Ordinaria,Castilla-La Mancha,https://www.uclm.es/-/media/Files/A04-Gestion-Academica/PDFEstudiantes/PDFEvAU/ModelosPruebas2021/Cultura-audiovisual-junio-2021.ashx?la=es,si
Cultura Audiovisual,2022,Ordinaria,Castilla-La Mancha,https://www.uclm.es/-/media/Files/A04-Gestion-Academica/PDFEstudiantes/PDFEvAU/ModelosPruebas2122/Cultura-audiovisual-2022.ashx?la=es,si
Cultura Audiovisual,0,Extraordinaria,Castilla-La Mancha,https://www.uclm.es/-/media/Files/A04-Gestion-Academica/PDFEstudiantes/PDFEvAU/ModelosPruebas2223/ConvocatoriaExtraordinaria/Cultura-Audiovisual-Extraordinaria.ashx?la=es,si
Cultura Audiovisual,0,Extraordinaria,Castilla-La Mancha,https://www.uclm.es/-/media/Files/A04-Gestion-Academica/PDFEstudiantes/PDFEvAU/ModelosPruebas2122/CONVOCATORIA-EXTRAORDINARIA/Cultura-Audiovisual.ashx?la=es,si
Cultura Audiovisual,0,Ordinaria,Castilla-La Mancha,https://www.uclm.es/-/media/Files/A04-Gestion-Academica/PDFEstudiantes/PDFEvAU/ModelosPruebas2223/ConvocatoriaOrdinaria/Cultura-audiovisual-Ordinaria-2023.ashx?la=es,si
Dibujo Artístico II,2015,Extraordinaria,Castilla-La Mancha,https://www.uclm.es/-/media/Files/A04-Gestion-Academica/PAEG_Historico/Modelos_examen/2014_2015/dibujoArtistico_sep.ashx?la=es,si
Dibujo Artístico II,2015,Ordinaria,Castilla-La Mancha,https://www.uclm.es/-/media/Files/A04-Gestion-Academica/PAEG_Historico/Modelos_examen/2014_2015/dibujoArtistico_jun.ashx?la=es,si
Dibujo Artístico II,2016,Extraordinaria,Castilla-La Mancha,https://www.uclm.es/-/media/Files/A04-Gestion-Academica/PAEG_Historico/Modelos_examen/2015_2016/dibujoArtistico_sep.ashx?la=es,si
Dibujo Artístico II,2016,Ordinaria,Castilla-La Mancha,https://www.uclm.es/-/media/Files/A04-Gestion-Academica/PAEG_Historico/Modelos_examen/2015_2016/dibujoArtistico_jun.ashx?la=es,si
Dibujo Artístico II,2024,Ordinaria,Castilla-La Mancha,https://www.uclm.es/-/media/Files/A04-Gestion-Academica/PDFEstudiantes/PDFEvAU/ModelosPruebas2324/Dibujo-Artistico.ashx?la=es,si
Dibujo Artístico II,2025,Ordinaria,Castilla-La Mancha,https://www.uclm.es/-/media/Files/A04-Gestion-Academica/PDFEstudiantes/PDFEvAU/ModelosPruebas2425/DIBUJO-ARTISTICO.ashx?la=es,si
Dibujo Artístico II,0,Extraordinaria,Castilla-La Mancha,https://www.uclm.es/-/media/Files/A04-Gestion-Academica/PDFEstudiantes/PDFEvAU/ModelosPruebas2425/EXTRAORDINARIA/DIBUJO-ARTISTICO.ashx?la=es,si
Dibujo Artístico II,0,Extraordinaria,Castilla-La Mancha,https://www.uclm.es/-/media/Files/A04-Gestion-Academica/PDFEstudiantes/PDFEvAU/ModelosPruebas2324/Extraordinaria/DIBUJO-ARTISTICO.ashx?la=es,si
Dibujo Técnico Aplicado a las Artes y al Diseño II,2024,Ordinaria,Castilla-La Mancha,https://www.uclm.es/-/media/Files/A04-Gestion-Academica/PDFEstudiantes/PDFEvAU/ModelosPruebas2324/Dibujo-tcnico-aplicado-a-las-artes-plsticas.ashx?la=es,si
Dibujo Técnico II,2015,Extraordinaria,Castilla-La Mancha,https://www.uclm.es/-/media/Files/A04-Gestion-Academica/PAEG_Historico/Modelos_examen/2014_2015/dibujoTecnico_sep.ashx?la=es,si
Dibujo Técnico II,2015,Ordinaria,Castilla-La Mancha,https://www.uclm.es/-/media/Files/A04-Gestion-Academica/PAEG_Historico/Modelos_examen/2014_2015/dibujoTecnico_jun.ashx?la=es,si
Dibujo Técnico II,2016,Extraordinaria,Castilla-La Mancha,https://www.uclm.es/-/media/Files/A04-Gestion-Academica/PAEG_Historico/Modelos_examen/2015_2016/dibujoTecnico_sep.ashx?la=es,si
Dibujo Técnico II,2016,Ordinaria,Castilla-La Mancha,https://www.uclm.es/-/media/Files/A04-Gestion-Academica/PAEG_Historico/Modelos_examen/2015_2016/dibujoTecnico_jun.ashx?la=es,si
Dibujo Técnico II,2017,Extraordinaria,Castilla-La Mancha,https://www.uclm.es/-/media/Files/A04-Gestion-Academica/PDFEstudiantes/PDFEvAU/ModelosPruebas1617/Dibujo-Tcnico-EvAU-2017---sept.ashx?la=es,si
Dibujo Técnico II,2017,Ordinaria,Castilla-La Mancha,https://www.uclm.es/-/media/Files/A04-Gestion-Academica/PDFEstudiantes/PDFEvAU/ModelosPruebas1617/Dibujo-Tecnico-2017.ashx?la=es,si
Dibujo Técnico II,2018,Extraordinaria,Castilla-La Mancha,https://www.uclm.es/-/media/Files/A04-Gestion-Academica/PDFEstudiantes/PDFEvAU/ModelosPruebas1718/Dibujo-Tecnico-II-julio-2018.ashx?la=es,si
Dibujo Técnico II,2018,Ordinaria,Castilla-La Mancha,https://www.uclm.es/-/media/Files/A04-Gestion-Academica/PDFEstudiantes/PDFEvAU/ModelosPruebas1718/Dibujo-Tecnico-II.ashx?la=es,si
Dibujo Técnico II,2019,Extraordinaria,Castilla-La Mancha,https://www.uclm.es/-/media/Files/A04-Gestion-Academica/PDFEstudiantes/PDFEvAU/ModelosPruebas1819/DIBUJO-TECNICO-Julio.ashx?la=es,si
Dibujo Técnico II,2019,Ordinaria,Castilla-La Mancha,https://www.uclm.es/-/media/Files/A04-Gestion-Academica/PDFEstudiantes/PDFEvAU/ModelosPruebas1819/Dibujo-Tecnico.ashx?la=es,si
Dibujo Técnico II,2020,Extraordinaria,Castilla-La Mancha,https://www.uclm.es/-/media/Files/A04-Gestion-Academica/PDFEstudiantes/PDFEvAU/ModelosPruebas1920/DIT2_OPC_1_.ashx?la=es,si
Dibujo Técnico II,2020,Extraordinaria,Castilla-La Mancha,https://www.uclm.es/-/media/Files/A04-Gestion-Academica/PDFEstudiantes/PDFEvAU/ModelosPruebas1920/Dibujo-Tecnico-II-septiembre_2020.ashx?la=es,si
Dibujo Técnico II,2021,Extraordinaria,Castilla-La Mancha,https://www.uclm.es/-/media/Files/A04-Gestion-Academica/PDFEstudiantes/PDFEvAU/ModelosPruebas2021/Dibujo-Tecnico-EVAU-julio-2021.ashx?la=es,si
Dibujo Técnico II,2021,Ordinaria,Castilla-La Mancha,https://www.uclm.es/-/media/Files/A04-Gestion-Academica/PDFEstudiantes/PDFEvAU/ModelosPruebas2021/Dibujo-Tecnico-junio-2021.ashx?la=es,si
Dibujo Técnico II,2022,Ordinaria,Castilla-La Mancha,https://www.uclm.es/-/media/Files/A04-Gestion-Academica/PDFEstudiantes/PDFEvAU/ModelosPruebas2122/Dibujo-Tecnico-2022.ashx?la=es,si
Dibujo Técnico II,2024,Ordinaria,Castilla-La Mancha,https://www.uclm.es/-/media/Files/A04-Gestion-Academica/PDFEstudiantes/PDFEvAU/ModelosPruebas2324/Dibujo-tecnico.ashx?la=es,si
Dibujo Técnico II,2025,Ordinaria,Castilla-La Mancha,https://www.uclm.es/-/media/Files/A04-Gestion-Academica/PDFEstudiantes/PDFEvAU/ModelosPruebas2425/DIBUJO-TECNICO.ashx?la=es,si
Dibujo Técnico II,2025,Ordinaria,Castilla-La Mancha,https://www.uclm.es/-/media/Files/A04-Gestion-Academica/PDFEstudiantes/PDFEvAU/ModelosPruebas2425/DIBUJO-TECNICO-APLICADO-APD-II.ashx?la=es,si
Dibujo Técnico II,0,Extraordinaria,Castilla-La Mancha,https://www.uclm.es/-/media/Files/A04-Gestion-Academica/PDFEstudiantes/PDFEvAU/ModelosPruebas2425/EXTRAORDINARIA/DIBUJO-TECNICO.ashx?la=es,si
Dibujo Técnico II,0,Extraordinaria,Castilla-La Mancha,https://www.uclm.es/-/media/Files/A04-Gestion-Academica/PDFEstudiantes/PDFEvAU/ModelosPruebas2425/EXTRAORDINARIA/DIBUJO-TECNICO-APLICADO-PD.ashx?la=es,si
Dibujo Técnico II,0,Extraordinaria,Castilla-La Mancha,https://www.uclm.es/-/media/Files/A04-Gestion-Academica/PDFEstudiantes/PDFEvAU/ModelosPruebas2324/Extraordinaria/DIBUJO-TECNICO.ashx?la=es,si
Dibujo Técnico II,0,Extraordinaria,Castilla-La Mancha,https://www.uclm.es/-/media/Files/A04-Gestion-Academica/PDFEstudiantes/PDFEvAU/ModelosPruebas2324/Extraordinaria/DIBUJO-TECNICO-APLICADO-A-LAS-ARTES-Y-AL-DISENO.ashx?la=es,si
Dibujo Técnico II,0,Extraordinaria,Castilla-La Mancha,https://www.uclm.es/-/media/Files/A04-Gestion-Academica/PDFEstudiantes/PDFEvAU/ModelosPruebas2223/ConvocatoriaExtraordinaria/Dibujo-Tecnico-Extraordinaria.ashx?la=es,si
Dibujo Técnico II,0,Extraordinaria,Castilla-La Mancha,https://www.uclm.es/-/media/Files/A04-Gestion-Academica/PDFEstudiantes/PDFEvAU/ModelosPruebas2122/CONVOCATORIA-EXTRAORDINARIA/Dibujo-Tecnico.ashx?la=es,si
Dibujo Técnico II,0,Ordinaria,Castilla-La Mancha,https://www.uclm.es/-/media/Files/A04-Gestion-Academica/PDFEstudiantes/PDFEvAU/ModelosPruebas2223/ConvocatoriaOrdinaria/Dibujo-Tecnico-Ordinaria-2023.ashx?la=es,si
Diseño,2015,Extraordinaria,Castilla-La Mancha,https://www.uclm.es/-/media/Files/A04-Gestion-Academica/PAEG_Historico/Modelos_examen/2014_2015/diseo_sep.ashx?la=es,si
Diseño,2015,Ordinaria,Castilla-La Mancha,https://www.uclm.es/-/media/Files/A04-Gestion-Academica/PAEG_Historico/Modelos_examen/2014_2015/diseo_jun.ashx?la=es,si
Diseño,2016,Extraordinaria,Castilla-La Mancha,https://www.uclm.es/-/media/Files/A04-Gestion-Academica/PAEG_Historico/Modelos_examen/2015_2016/diseo_sep.ashx?la=es,si
Diseño,2016,Ordinaria,Castilla-La Mancha,https://www.uclm.es/-/media/Files/A04-Gestion-Academica/PAEG_Historico/Modelos_examen/2015_2016/diseo_jun.ashx?la=es,si
Diseño,2017,Extraordinaria,Castilla-La Mancha,https://www.uclm.es/-/media/Files/A04-Gestion-Academica/PDFEstudiantes/PDFEvAU/ModelosPruebas1617/Diseno-sept.ashx?la=es,si
Diseño,2017,Ordinaria,Castilla-La Mancha,https://www.uclm.es/-/media/Files/A04-Gestion-Academica/PDFEstudiantes/PDFEvAU/ModelosPruebas1617/Diseno-2017.ashx?la=es,si
Diseño,2018,Extraordinaria,Castilla-La Mancha,https://www.uclm.es/-/media/Files/A04-Gestion-Academica/PDFEstudiantes/PDFEvAU/ModelosPruebas1718/DISENO-julio-2018.ashx?la=es,si
Diseño,2018,Ordinaria,Castilla-La Mancha,https://www.uclm.es/-/media/Files/A04-Gestion-Academica/PDFEstudiantes/PDFEvAU/ModelosPruebas1718/DISENO_3_2018.ashx?la=es,si
Diseño,2019,Extraordinaria,Castilla-La Mancha,https://www.uclm.es/-/media/Files/A04-Gestion-Academica/PDFEstudiantes/PDFEvAU/ModelosPruebas1819/Diseno-Julio.ashx?la=es,si
Diseño,2019,Ordinaria,Castilla-La Mancha,https://www.uclm.es/-/media/Files/A04-Gestion-Academica/PDFEstudiantes/PDFEvAU/ModelosPruebas1819/Diseno.ashx?la=es,si
Diseño,2020,Extraordinaria,Castilla-La Mancha,https://www.uclm.es/-/media/Files/A04-Gestion-Academica/PDFEstudiantes/PDFEvAU/ModelosPruebas1920/Diseno_Propuesta_03_2020.ashx?la=es,si
Diseño,2020,Extraordinaria,Castilla-La Mancha,https://www.uclm.es/-/media/Files/A04-Gestion-Academica/PDFEstudiantes/PDFEvAU/ModelosPruebas1920/Diseno-septiembre_2020.ashx?la=es,si
Diseño,2021,Extraordinaria,Castilla-La Mancha,https://www.uclm.es/-/media/Files/A04-Gestion-Academica/PDFEstudiantes/PDFEvAU/ModelosPruebas2021/Diseno-EVAU-julio-2021.ashx?la=es,si
Diseño,2021,Ordinaria,Castilla-La Mancha,https://www.uclm.es/-/media/Files/A04-Gestion-Academica/PDFEstudiantes/PDFEvAU/ModelosPruebas2021/Diseno-junio-2021.ashx?la=es,si
Diseño,2022,Ordinaria,Castilla-La Mancha,https://www.uclm.es/-/media/Files/A04-Gestion-Academica/PDFEstudiantes/PDFEvAU/ModelosPruebas2122/Diseno-2022.ashx?la=es,si
Diseño,2024,Ordinaria,Castilla-La Mancha,https://www.uclm.es/-/media/Files/A04-Gestion-Academica/PDFEstudiantes/PDFEvAU/ModelosPruebas2324/DISENO.ashx?la=es,si
Diseño,2024,Ordinaria,Castilla-La Mancha,https://www.uclm.es/-/media/Files/A04-Gestion-Academica/PDFEstudiantes/PDFEvAU/ModelosPruebas2324/Empresa-y-Diseno-de-Modelos-de-Negocio.ashx?la=es,si
Diseño,2025,Ordinaria,Castilla-La Mancha,https://www.uclm.es/-/media/Files/A04-Gestion-Academica/PDFEstudiantes/PDFEvAU/ModelosPruebas2425/DISENO.ashx?la=es,si
Diseño,2025,Ordinaria,Castilla-La Mancha,https://www.uclm.es/-/media/Files/A04-Gestion-Academica/PDFEstudiantes/PDFEvAU/ModelosPruebas2425/Empresa-y-diseo-de-modelos-de-negocio.ashx?la=es,si
Diseño,0,Extraordinaria,Castilla-La Mancha,https://www.uclm.es/-/media/Files/A04-Gestion-Academica/PDFEstudiantes/PDFEvAU/ModelosPruebas2425/EXTRAORDINARIA/Diseno.ashx?la=es,si
Diseño,0,Extraordinaria,Castilla-La Mancha,https://www.uclm.es/-/media/Files/A04-Gestion-Academica/PDFEstudiantes/PDFEvAU/ModelosPruebas2425/EXTRAORDINARIA/Empresa-y-diseno-de-modelos-de-negocio.ashx?la=es,si
Diseño,0,Extraordinaria,Castilla-La Mancha,https://www.uclm.es/-/media/Files/A04-Gestion-Academica/PDFEstudiantes/PDFEvAU/ModelosPruebas2324/Extraordinaria/DISENO.ashx?la=es,si
Diseño,0,Extraordinaria,Castilla-La Mancha,https://www.uclm.es/-/media/Files/A04-Gestion-Academica/PDFEstudiantes/PDFEvAU/ModelosPruebas2324/Extraordinaria/EMPRESA-Y-DISENO-DE-MODELOS-DE-NEGOCIO.ashx?la=es,si
Diseño,0,Extraordinaria,Castilla-La Mancha,https://www.uclm.es/-/media/Files/A04-Gestion-Academica/PDFEstudiantes/PDFEvAU/ModelosPruebas2223/ConvocatoriaExtraordinaria/Diseno-Extra.ashx?la=es,si
Diseño,0,Extraordinaria,Castilla-La Mancha,https://www.uclm.es/-/media/Files/A04-Gestion-Academica/PDFEstudiantes/PDFEvAU/ModelosPruebas2122/CONVOCATORIA-EXTRAORDINARIA/Diseno.ashx?la=es,si
Diseño,0,Ordinaria,Castilla-La Mancha,https://www.uclm.es/-/media/Files/A04-Gestion-Academica/PDFEstudiantes/PDFEvAU/ModelosPruebas2223/ConvocatoriaOrdinaria/Diseno-Ordinaria-2023.ashx?la=es,si
Economía de la Empresa,2015,Extraordinaria,Castilla-La Mancha,https://www.uclm.es/-/media/Files/A04-Gestion-Academica/PAEG_Historico/Modelos_examen/2014_2015/economia_sep.ashx?la=es,si
Economía de la Empresa,2015,Ordinaria,Castilla-La Mancha,https://www.uclm.es/-/media/Files/A04-Gestion-Academica/PAEG_Historico/Modelos_examen/2014_2015/economia_jun.ashx?la=es,si
Economía de la Empresa,2016,Extraordinaria,Castilla-La Mancha,https://www.uclm.es/-/media/Files/A04-Gestion-Academica/PAEG_Historico/Modelos_examen/2015_2016/economia_sep.ashx?la=es,si
Economía de la Empresa,2016,Ordinaria,Castilla-La Mancha,https://www.uclm.es/-/media/Files/A04-Gestion-Academica/PAEG_Historico/Modelos_examen/2015_2016/economia_jun.ashx?la=es,si
Economía de la Empresa,2017,Extraordinaria,Castilla-La Mancha,https://www.uclm.es/-/media/Files/A04-Gestion-Academica/PDFEstudiantes/PDFEvAU/ModelosPruebas1617/Economa-3-EvAU-2017---sept.ashx?la=es,si
Economía de la Empresa,2017,Ordinaria,Castilla-La Mancha,https://www.uclm.es/-/media/Files/A04-Gestion-Academica/PDFEstudiantes/PDFEvAU/ModelosPruebas1617/Economia-2017.ashx?la=es,si
Economía de la Empresa,2018,Extraordinaria,Castilla-La Mancha,https://www.uclm.es/-/media/Files/A04-Gestion-Academica/PDFEstudiantes/PDFEvAU/ModelosPruebas1718/Economia-julio-2018.ashx?la=es,si
Economía de la Empresa,2018,Ordinaria,Castilla-La Mancha,https://www.uclm.es/-/media/Files/A04-Gestion-Academica/PDFEstudiantes/PDFEvAU/ModelosPruebas1718/Economia.ashx?la=es,si
Economía de la Empresa,2019,Extraordinaria,Castilla-La Mancha,https://www.uclm.es/-/media/Files/A04-Gestion-Academica/PDFEstudiantes/PDFEvAU/ModelosPruebas1819/ECONOMIA-Julio.ashx?la=es,si
Economía de la Empresa,2019,Ordinaria,Castilla-La Mancha,https://www.uclm.es/-/media/Files/A04-Gestion-Academica/PDFEstudiantes/PDFEvAU/ModelosPruebas1819/Economia.ashx?la=es,si
Economía de la Empresa,2020,Extraordinaria,Castilla-La Mancha,https://www.uclm.es/-/media/Files/A04-Gestion-Academica/PDFEstudiantes/PDFEvAU/ModelosPruebas1920/Economia-de-la-EmpresaPropuesta-2.ashx?la=es,si
Economía de la Empresa,2020,Extraordinaria,Castilla-La Mancha,https://www.uclm.es/-/media/Files/A04-Gestion-Academica/PDFEstudiantes/PDFEvAU/ModelosPruebas1920/Economia-de-la-Empresa-septiembre_2020.ashx?la=es,si
Economía de la Empresa,2021,Extraordinaria,Castilla-La Mancha,https://www.uclm.es/-/media/Files/A04-Gestion-Academica/PDFEstudiantes/PDFEvAU/ModelosPruebas2021/Economia-EVAU-julio-2021.ashx?la=es,si
Economía de la Empresa,2021,Ordinaria,Castilla-La Mancha,https://www.uclm.es/-/media/Files/A04-Gestion-Academica/PDFEstudiantes/PDFEvAU/ModelosPruebas2021/Economia-Empresa-junio-2021.ashx?la=es,si
Economía de la Empresa,2022,Ordinaria,Castilla-La Mancha,https://www.uclm.es/-/media/Files/A04-Gestion-Academica/PDFEstudiantes/PDFEvAU/ModelosPruebas2122/Economia-empresa-2022.ashx?la=es,si
Economía de la Empresa,0,Extraordinaria,Castilla-La Mancha,https://www.uclm.es/-/media/Files/A04-Gestion-Academica/PDFEstudiantes/PDFEvAU/ModelosPruebas2223/ConvocatoriaExtraordinaria/Economia-Extraordinaria.ashx?la=es,si
Economía de la Empresa,0,Extraordinaria,Castilla-La Mancha,https://www.uclm.es/-/media/Files/A04-Gestion-Academica/PDFEstudiantes/PDFEvAU/ModelosPruebas2122/CONVOCATORIA-EXTRAORDINARIA/Economia-de-la-Empresa.ashx?la=es,si
Economía de la Empresa,0,Ordinaria,Castilla-La Mancha,https://www.uclm.es/-/media/Files/A04-Gestion-Academica/PDFEstudiantes/PDFEvAU/ModelosPruebas2223/ConvocatoriaOrdinaria/Economia-de-la-Empresa-Ordinaria-2023.ashx?la=es,si
Electrotecnia,2015,Extraordinaria,Castilla-La Mancha,https://www.uclm.es/-/media/Files/A04-Gestion-Academica/PAEG_Historico/Modelos_examen/2014_2015/electrotecnia_sep.ashx?la=es,si
Electrotecnia,2015,Ordinaria,Castilla-La Mancha,https://www.uclm.es/-/media/Files/A04-Gestion-Academica/PAEG_Historico/Modelos_examen/2014_2015/electrotecnia_jun.ashx?la=es,si
Electrotecnia,2016,Extraordinaria,Castilla-La Mancha,https://www.uclm.es/-/media/Files/A04-Gestion-Academica/PAEG_Historico/Modelos_examen/2015_2016/electrotecnia_sep.ashx?la=es,si
Electrotecnia,2016,Ordinaria,Castilla-La Mancha,https://www.uclm.es/-/media/Files/A04-Gestion-Academica/PAEG_Historico/Modelos_examen/2015_2016/electrotecnia_jun.ashx?la=es,si
Francés,2015,Extraordinaria,Castilla-La Mancha,https://www.uclm.es/-/media/Files/A04-Gestion-Academica/PAEG_Historico/Modelos_examen/2014_2015/frances_sep.ashx?la=es,si
Francés,2015,Ordinaria,Castilla-La Mancha,https://www.uclm.es/-/media/Files/A04-Gestion-Academica/PAEG_Historico/Modelos_examen/2014_2015/frances_jun.ashx?la=es,si
Francés,2016,Extraordinaria,Castilla-La Mancha,https://www.uclm.es/-/media/Files/A04-Gestion-Academica/PAEG_Historico/Modelos_examen/2015_2016/frances_sep.ashx?la=es,si
Francés,2016,Ordinaria,Castilla-La Mancha,https://www.uclm.es/-/media/Files/A04-Gestion-Academica/PAEG_Historico/Modelos_examen/2015_2016/frances_jun.ashx?la=es,si
Francés,2017,Extraordinaria,Castilla-La Mancha,https://www.uclm.es/-/media/Files/A04-Gestion-Academica/PDFEstudiantes/PDFEvAU/ModelosPruebas1617/Frances-4-sept.ashx?la=es,si
Francés,2017,Ordinaria,Castilla-La Mancha,https://www.uclm.es/-/media/Files/A04-Gestion-Academica/PDFEstudiantes/PDFEvAU/ModelosPruebas1617/Frances-2017.ashx?la=es,si
Francés,2018,Extraordinaria,Castilla-La Mancha,https://www.uclm.es/-/media/Files/A04-Gestion-Academica/PDFEstudiantes/PDFEvAU/ModelosPruebas1718/Frances-julio-2018.ashx?la=es,si
Francés,2018,Ordinaria,Castilla-La Mancha,https://www.uclm.es/-/media/Files/A04-Gestion-Academica/PDFEstudiantes/PDFEvAU/ModelosPruebas1718/Frances.ashx?la=es,si
Francés,2019,Extraordinaria,Castilla-La Mancha,https://www.uclm.es/-/media/Files/A04-Gestion-Academica/PDFEstudiantes/PDFEvAU/ModelosPruebas1819/FRANCES-Julio.ashx?la=es,si
Francés,2019,Ordinaria,Castilla-La Mancha,https://www.uclm.es/-/media/Files/A04-Gestion-Academica/PDFEstudiantes/PDFEvAU/ModelosPruebas1819/Frances.ashx?la=es,si
Francés,2020,Extraordinaria,Castilla-La Mancha,https://www.uclm.es/-/media/Files/A04-Gestion-Academica/PDFEstudiantes/PDFEvAU/ModelosPruebas1920/Frances3.ashx?la=es,si
Francés,2020,Extraordinaria,Castilla-La Mancha,https://www.uclm.es/-/media/Files/A04-Gestion-Academica/PDFEstudiantes/PDFEvAU/ModelosPruebas1920/Frances-septiembre_2020.ashx?la=es,si
Francés,2021,Extraordinaria,Castilla-La Mancha,https://www.uclm.es/-/media/Files/A04-Gestion-Academica/PDFEstudiantes/PDFEvAU/ModelosPruebas2021/Frances-EVAU-julio-2021.ashx?la=es,si
Francés,2021,Ordinaria,Castilla-La Mancha,https://www.uclm.es/-/media/Files/A04-Gestion-Academica/PDFEstudiantes/PDFEvAU/ModelosPruebas2021/Frances-junio-2021.ashx?la=es,si
Francés,2022,Ordinaria,Castilla-La Mancha,https://www.uclm.es/-/media/Files/A04-Gestion-Academica/PDFEstudiantes/PDFEvAU/ModelosPruebas2122/Frances-2022.ashx?la=es,si
Francés,2024,Ordinaria,Castilla-La Mancha,https://www.uclm.es/-/media/Files/A04-Gestion-Academica/PDFEstudiantes/PDFEvAU/ModelosPruebas2324/Frances.ashx?la=es,si
Francés,2025,Ordinaria,Castilla-La Mancha,https://www.uclm.es/-/media/Files/A04-Gestion-Academica/PDFEstudiantes/PDFEvAU/ModelosPruebas2425/FRANCES.ashx?la=es,si
Francés,0,Extraordinaria,Castilla-La Mancha,https://www.uclm.es/-/media/Files/A04-Gestion-Academica/PDFEstudiantes/PDFEvAU/ModelosPruebas2425/EXTRAORDINARIA/Frances.ashx?la=es,si
Francés,0,Extraordinaria,Castilla-La Mancha,https://www.uclm.es/-/media/Files/A04-Gestion-Academica/PDFEstudiantes/PDFEvAU/ModelosPruebas2324/Extraordinaria/FRANCES.ashx?la=es,si
Francés,0,Extraordinaria,Castilla-La Mancha,https://www.uclm.es/-/media/Files/A04-Gestion-Academica/PDFEstudiantes/PDFEvAU/ModelosPruebas2223/ConvocatoriaExtraordinaria/Frances-Extraordinaria.ashx?la=es,si
Francés,0,Extraordinaria,Castilla-La Mancha,https://www.uclm.es/-/media/Files/A04-Gestion-Academica/PDFEstudiantes/PDFEvAU/ModelosPruebas2122/CONVOCATORIA-EXTRAORDINARIA/Frances.ashx?la=es,si
Francés,0,Ordinaria,Castilla-La Mancha,https://www.uclm.es/-/media/Files/A04-Gestion-Academica/PDFEstudiantes/PDFEvAU/ModelosPruebas2223/ConvocatoriaOrdinaria/Frances-Ordinaria-2023.ashx?la=es,si
Fundamentos Artísticos,2017,Extraordinaria,Castilla-La Mancha,https://www.uclm.es/-/media/Files/A04-Gestion-Academica/PDFEstudiantes/PDFEvAU/ModelosPruebas1617/Fundamentos-del-Arte-II-Propuesta-C-EvAU-2017--sept.ashx?la=es,si
Fundamentos Artísticos,2017,Ordinaria,Castilla-La Mancha,https://www.uclm.es/-/media/Files/A04-Gestion-Academica/PDFEstudiantes/PDFEvAU/ModelosPruebas1617/Fundamentos-del-Arte-II-2017.ashx?la=es,si
Fundamentos Artísticos,2018,Extraordinaria,Castilla-La Mancha,https://www.uclm.es/-/media/Files/A04-Gestion-Academica/PDFEstudiantes/PDFEvAU/ModelosPruebas1718/Fundamentos-de-Arte-julio-2018.ashx?la=es,si
Fundamentos Artísticos,2018,Ordinaria,Castilla-La Mancha,https://www.uclm.es/-/media/Files/A04-Gestion-Academica/PDFEstudiantes/PDFEvAU/ModelosPruebas1718/Fundamentos-del-Arte-II.ashx?la=es,si
Fundamentos Artísticos,2019,Extraordinaria,Castilla-La Mancha,https://www.uclm.es/-/media/Files/A04-Gestion-Academica/PDFEstudiantes/PDFEvAU/ModelosPruebas1819/FUNDAMENTOS-DE-ARTE-Julio.ashx?la=es,si
Fundamentos Artísticos,2019,Ordinaria,Castilla-La Mancha,https://www.uclm.es/-/media/Files/A04-Gestion-Academica/PDFEstudiantes/PDFEvAU/ModelosPruebas1819/Fundamentos-de-Arte.ashx?la=es,si
Fundamentos Artísticos,2020,Extraordinaria,Castilla-La Mancha,https://www.uclm.es/-/media/Files/A04-Gestion-Academica/PDFEstudiantes/PDFEvAU/ModelosPruebas1920/Fundamentos-del-Arte-Modelo-2.ashx?la=es,si
Fundamentos Artísticos,2020,Extraordinaria,Castilla-La Mancha,https://www.uclm.es/-/media/Files/A04-Gestion-Academica/PDFEstudiantes/PDFEvAU/ModelosPruebas1920/Fundamentos-del-Arte-septiembre_2020.ashx?la=es,si
Fundamentos Artísticos,2021,Extraordinaria,Castilla-La Mancha,https://www.uclm.es/-/media/Files/A04-Gestion-Academica/PDFEstudiantes/PDFEvAU/ModelosPruebas2021/Fundamentos-Arte-EVAU-julio-2021.ashx?la=es,si
Fundamentos Artísticos,2021,Ordinaria,Castilla-La Mancha,https://www.uclm.es/-/media/Files/A04-Gestion-Academica/PDFEstudiantes/PDFEvAU/ModelosPruebas2021/Fundamentos-Arte-II-junio-2021.ashx?la=es,si
Fundamentos Artísticos,2022,Ordinaria,Castilla-La Mancha,https://www.uclm.es/-/media/Files/A04-Gestion-Academica/PDFEstudiantes/PDFEvAU/ModelosPruebas2122/Fundamentos-Arte-II-2022.ashx?la=es,si
Fundamentos Artísticos,2024,Ordinaria,Castilla-La Mancha,https://www.uclm.es/-/media/Files/A04-Gestion-Academica/PDFEstudiantes/PDFEvAU/ModelosPruebas2324/Fundamentos-artisticos.ashx?la=es,si
Fundamentos Artísticos,2024,Ordinaria,Castilla-La Mancha,https://www.uclm.es/-/media/Files/A04-Gestion-Academica/PDFEstudiantes/PDFEvAU/ModelosPruebas2324/Fundamentos-Arte-II.ashx?la=es,si
Fundamentos Artísticos,2025,Ordinaria,Castilla-La Mancha,https://www.uclm.es/-/media/Files/A04-Gestion-Academica/PDFEstudiantes/PDFEvAU/ModelosPruebas2425/FUNDAMENTOS-ARTISTICOS.ashx?la=es,si
Fundamentos Artísticos,0,Extraordinaria,Castilla-La Mancha,https://www.uclm.es/-/media/Files/A04-Gestion-Academica/PDFEstudiantes/PDFEvAU/ModelosPruebas2425/EXTRAORDINARIA/FUNDAMENTOS-ARTISTICOS.ashx?la=es,si
Fundamentos Artísticos,0,Extraordinaria,Castilla-La Mancha,https://www.uclm.es/-/media/Files/A04-Gestion-Academica/PDFEstudiantes/PDFEvAU/ModelosPruebas2324/Extraordinaria/FUNDAMENTOS-ARTISTICOS.ashx?la=es,si
Fundamentos Artísticos,0,Extraordinaria,Castilla-La Mancha,https://www.uclm.es/-/media/Files/A04-Gestion-Academica/PDFEstudiantes/PDFEvAU/ModelosPruebas2223/ConvocatoriaExtraordinaria/Fundamentos-Arte-Extra.ashx?la=es,si
Fundamentos Artísticos,0,Extraordinaria,Castilla-La Mancha,https://www.uclm.es/-/media/Files/A04-Gestion-Academica/PDFEstudiantes/PDFEvAU/ModelosPruebas2122/CONVOCATORIA-EXTRAORDINARIA/Fundamentos-Arte-II.ashx?la=es,si
Fundamentos Artísticos,0,Ordinaria,Castilla-La Mancha,https://www.uclm.es/-/media/Files/A04-Gestion-Academica/PDFEstudiantes/PDFEvAU/ModelosPruebas2223/ConvocatoriaOrdinaria/Fundamentos-Arte-ordinaria-2023.ashx?la=es,si
Física,2015,Extraordinaria,Castilla-La Mancha,https://www.uclm.es/-/media/Files/A04-Gestion-Academica/PAEG_Historico/Modelos_examen/2014_2015/fisica_sep.ashx?la=es,si
Física,2015,Ordinaria,Castilla-La Mancha,https://www.uclm.es/-/media/Files/A04-Gestion-Academica/PAEG_Historico/Modelos_examen/2014_2015/fisica_jun.ashx?la=es,si
Física,2016,Extraordinaria,Castilla-La Mancha,https://www.uclm.es/-/media/Files/A04-Gestion-Academica/PAEG_Historico/Modelos_examen/2015_2016/fisica_sep.ashx?la=es,si
Física,2016,Ordinaria,Castilla-La Mancha,https://www.uclm.es/-/media/Files/A04-Gestion-Academica/PAEG_Historico/Modelos_examen/2015_2016/fisica_jun.ashx?la=es,si
Física,2017,Extraordinaria,Castilla-La Mancha,https://www.uclm.es/-/media/Files/A04-Gestion-Academica/PDFEstudiantes/PDFEvAU/ModelosPruebas1617/Fisica-2017-EVAU-Modelo-2-sept.ashx?la=es,si
Física,2017,Ordinaria,Castilla-La Mancha,https://www.uclm.es/-/media/Files/A04-Gestion-Academica/PDFEstudiantes/PDFEvAU/ModelosPruebas1617/Fisica-2017.ashx?la=es,si
Física,2018,Extraordinaria,Castilla-La Mancha,https://www.uclm.es/-/media/Files/A04-Gestion-Academica/PDFEstudiantes/PDFEvAU/ModelosPruebas1718/Fisica--julio-2018.ashx?la=es,si
Física,2018,Ordinaria,Castilla-La Mancha,https://www.uclm.es/-/media/Files/A04-Gestion-Academica/PDFEstudiantes/PDFEvAU/ModelosPruebas1718/Fisica-2018-EVAU.ashx?la=es,si
Física,2019,Extraordinaria,Castilla-La Mancha,https://www.uclm.es/-/media/Files/A04-Gestion-Academica/PDFEstudiantes/PDFEvAU/ModelosPruebas1819/Fisica-Julio.ashx?la=es,si
Física,2019,Ordinaria,Castilla-La Mancha,https://www.uclm.es/-/media/Files/A04-Gestion-Academica/PDFEstudiantes/PDFEvAU/ModelosPruebas1819/Fisica.ashx?la=es,si
Física,2020,Extraordinaria,Castilla-La Mancha,https://www.uclm.es/-/media/Files/A04-Gestion-Academica/PDFEstudiantes/PDFEvAU/ModelosPruebas1920/Fisica-2020-MODELO-3.ashx?la=es,si
Física,2020,Extraordinaria,Castilla-La Mancha,https://www.uclm.es/-/media/Files/A04-Gestion-Academica/PDFEstudiantes/PDFEvAU/ModelosPruebas1920/Fisica-septiembre_2020.ashx?la=es,si
Física,2021,Extraordinaria,Castilla-La Mancha,https://www.uclm.es/-/media/Files/A04-Gestion-Academica/PDFEstudiantes/PDFEvAU/ModelosPruebas2021/Fisica-EvAU-julio-2021.ashx?la=es,si
Física,2021,Ordinaria,Castilla-La Mancha,https://www.uclm.es/-/media/Files/A04-Gestion-Academica/PDFEstudiantes/PDFEvAU/ModelosPruebas2021/Fisica-junio-2021.ashx?la=es,si
Física,2022,Ordinaria,Castilla-La Mancha,https://www.uclm.es/-/media/Files/A04-Gestion-Academica/PDFEstudiantes/PDFEvAU/ModelosPruebas2122/Fisica-2022.ashx?la=es,si
Física,2024,Ordinaria,Castilla-La Mancha,https://www.uclm.es/-/media/Files/A04-Gestion-Academica/PDFEstudiantes/PDFEvAU/ModelosPruebas2324/FISICA.ashx?la=es,si
Física,2025,Ordinaria,Castilla-La Mancha,https://www.uclm.es/-/media/Files/A04-Gestion-Academica/PDFEstudiantes/PDFEvAU/ModelosPruebas2425/FISICA.ashx?la=es,si
Física,0,Extraordinaria,Castilla-La Mancha,https://www.uclm.es/-/media/Files/A04-Gestion-Academica/PDFEstudiantes/PDFEvAU/ModelosPruebas2425/EXTRAORDINARIA/Fisica.ashx?la=es,si
Física,0,Extraordinaria,Castilla-La Mancha,https://www.uclm.es/-/media/Files/A04-Gestion-Academica/PDFEstudiantes/PDFEvAU/ModelosPruebas2324/Extraordinaria/FISICA.ashx?la=es,si
Física,0,Extraordinaria,Castilla-La Mancha,https://www.uclm.es/-/media/Files/A04-Gestion-Academica/PDFEstudiantes/PDFEvAU/ModelosPruebas2223/ConvocatoriaExtraordinaria/Fisica-Extraordinaria.ashx?la=es,si
Física,0,Extraordinaria,Castilla-La Mancha,https://www.uclm.es/-/media/Files/A04-Gestion-Academica/PDFEstudiantes/PDFEvAU/ModelosPruebas2122/CONVOCATORIA-EXTRAORDINARIA/Fisica.ashx?la=es,si
Física,0,Ordinaria,Castilla-La Mancha,https://www.uclm.es/-/media/Files/A04-Gestion-Academica/PDFEstudiantes/PDFEvAU/ModelosPruebas2223/ConvocatoriaOrdinaria/Fisica-Ordinaria-2023.ashx?la=es,si
Geografía,2015,Extraordinaria,Castilla-La Mancha,https://www.uclm.es/-/media/Files/A04-Gestion-Academica/PAEG_Historico/Modelos_examen/2014_2015/geografia_sep.ashx?la=es,si
Geografía,2015,Ordinaria,Castilla-La Mancha,https://www.uclm.es/-/media/Files/A04-Gestion-Academica/PAEG_Historico/Modelos_examen/2014_2015/geografia_jun.ashx?la=es,si
Geografía,2016,Extraordinaria,Castilla-La Mancha,https://www.uclm.es/-/media/Files/A04-Gestion-Academica/PAEG_Historico/Modelos_examen/2015_2016/geografia_sep.ashx?la=es,si
Geografía,2016,Ordinaria,Castilla-La Mancha,https://www.uclm.es/-/media/Files/A04-Gestion-Academica/PAEG_Historico/Modelos_examen/2015_2016/geografia_jun.ashx?la=es,si
Geografía,2017,Extraordinaria,Castilla-La Mancha,https://www.uclm.es/-/media/Files/A04-Gestion-Academica/PDFEstudiantes/PDFEvAU/ModelosPruebas1617/4-PROPUESTA-EvAU-GEOGRAFIA-2017-sept.ashx?la=es,si
Geografía,2017,Ordinaria,Castilla-La Mancha,https://www.uclm.es/-/media/Files/A04-Gestion-Academica/PDFEstudiantes/PDFEvAU/ModelosPruebas1617/Geografia-2017.ashx?la=es,si
Geografía,2018,Extraordinaria,Castilla-La Mancha,https://www.uclm.es/-/media/Files/A04-Gestion-Academica/PDFEstudiantes/PDFEvAU/ModelosPruebas1718/GEOGRAFIA-julio-2018.ashx?la=es,si
Geografía,2018,Ordinaria,Castilla-La Mancha,https://www.uclm.es/-/media/Files/A04-Gestion-Academica/PDFEstudiantes/PDFEvAU/ModelosPruebas1718/GEOGRAFIA-2018.ashx?la=es,si
Geografía,2019,Extraordinaria,Castilla-La Mancha,https://www.uclm.es/-/media/Files/A04-Gestion-Academica/PDFEstudiantes/PDFEvAU/ModelosPruebas1819/Geografia-Julio.ashx?la=es,si
Geografía,2019,Ordinaria,Castilla-La Mancha,https://www.uclm.es/-/media/Files/A04-Gestion-Academica/PDFEstudiantes/PDFEvAU/ModelosPruebas1819/Geografia.ashx?la=es,si
Geografía,2020,Extraordinaria,Castilla-La Mancha,https://www.uclm.es/-/media/Files/A04-Gestion-Academica/PDFEstudiantes/PDFEvAU/ModelosPruebas1920/GeografiaEXAMEN-4.ashx?la=es,si
Geografía,2020,Extraordinaria,Castilla-La Mancha,https://www.uclm.es/-/media/Files/A04-Gestion-Academica/PDFEstudiantes/PDFEvAU/ModelosPruebas1920/Geografia-septiembre_2020.ashx?la=es,si
Geografía,2021,Extraordinaria,Castilla-La Mancha,https://www.uclm.es/-/media/Files/A04-Gestion-Academica/PDFEstudiantes/PDFEvAU/ModelosPruebas2021/GEOGRAFIA-EVAU-julio-2021.ashx?la=es,si
Geografía,2021,Ordinaria,Castilla-La Mancha,https://www.uclm.es/-/media/Files/A04-Gestion-Academica/PDFEstudiantes/PDFEvAU/ModelosPruebas2021/Geografia-junio-2021.ashx?la=es,si
Geografía,2022,Ordinaria,Castilla-La Mancha,https://www.uclm.es/-/media/Files/A04-Gestion-Academica/PDFEstudiantes/PDFEvAU/ModelosPruebas2122/Geografia-2022.ashx?la=es,si
Geografía,2024,Ordinaria,Castilla-La Mancha,https://www.uclm.es/-/media/Files/A04-Gestion-Academica/PDFEstudiantes/PDFEvAU/ModelosPruebas2324/GEOGRAFIA.ashx?la=es,si
Geografía,2025,Ordinaria,Castilla-La Mancha,https://www.uclm.es/-/media/Files/A04-Gestion-Academica/PDFEstudiantes/PDFEvAU/ModelosPruebas2425/GEOGRAFIA.ashx?la=es,si
Geografía,0,Extraordinaria,Castilla-La Mancha,https://www.uclm.es/-/media/Files/A04-Gestion-Academica/PDFEstudiantes/PDFEvAU/ModelosPruebas2425/EXTRAORDINARIA/GEOGRAFIA.ashx?la=es,si
Geografía,0,Extraordinaria,Castilla-La Mancha,https://www.uclm.es/-/media/Files/A04-Gestion-Academica/PDFEstudiantes/PDFEvAU/ModelosPruebas2324/Extraordinaria/GEOGRAFIA.ashx?la=es,si
Geografía,0,Extraordinaria,Castilla-La Mancha,https://www.uclm.es/-/media/Files/A04-Gestion-Academica/PDFEstudiantes/PDFEvAU/ModelosPruebas2223/ConvocatoriaExtraordinaria/Geografia-Extraordinaria.ashx?la=es,si
Geografía,0,Extraordinaria,Castilla-La Mancha,https://www.uclm.es/-/media/Files/A04-Gestion-Academica/PDFEstudiantes/PDFEvAU/ModelosPruebas2122/CONVOCATORIA-EXTRAORDINARIA/GEOGRAFIA.ashx?la=es,si
Geografía,0,Ordinaria,Castilla-La Mancha,https://www.uclm.es/-/media/Files/A04-Gestion-Academica/PDFEstudiantes/PDFEvAU/ModelosPruebas2223/ConvocatoriaOrdinaria/Geografia-Ordinaria-2023.ashx?la=es,si
Geología y Ciencias Ambientales,2017,Extraordinaria,Castilla-La Mancha,https://www.uclm.es/-/media/Files/A04-Gestion-Academica/PDFEstudiantes/PDFEvAU/ModelosPruebas1617/Modelo-examen-EvAU-2017--2-GEOLOGA--sept.ashx?la=es,si
Geología y Ciencias Ambientales,2017,Ordinaria,Castilla-La Mancha,https://www.uclm.es/-/media/Files/A04-Gestion-Academica/PDFEstudiantes/PDFEvAU/ModelosPruebas1617/Geologia-2017.ashx?la=es,si
Geología y Ciencias Ambientales,2018,Extraordinaria,Castilla-La Mancha,https://www.uclm.es/-/media/Files/A04-Gestion-Academica/PDFEstudiantes/PDFEvAU/ModelosPruebas1718/GEOLOGIA-julio-2018.ashx?la=es,si
Geología y Ciencias Ambientales,2018,Ordinaria,Castilla-La Mancha,https://www.uclm.es/-/media/Files/A04-Gestion-Academica/PDFEstudiantes/PDFEvAU/ModelosPruebas1718/GEOLOGIA.ashx?la=es,si
Geología y Ciencias Ambientales,2019,Extraordinaria,Castilla-La Mancha,https://www.uclm.es/-/media/Files/A04-Gestion-Academica/PDFEstudiantes/PDFEvAU/ModelosPruebas1819/GEOLOGIA-Julio.ashx?la=es,si
Geología y Ciencias Ambientales,2019,Ordinaria,Castilla-La Mancha,https://www.uclm.es/-/media/Files/A04-Gestion-Academica/PDFEstudiantes/PDFEvAU/ModelosPruebas1819/Geologia.ashx?la=es,si
Geología y Ciencias Ambientales,2020,Extraordinaria,Castilla-La Mancha,https://www.uclm.es/-/media/Files/A04-Gestion-Academica/PDFEstudiantes/PDFEvAU/ModelosPruebas1920/GEOLOGIA-4.ashx?la=es,si
Geología y Ciencias Ambientales,2020,Extraordinaria,Castilla-La Mancha,https://www.uclm.es/-/media/Files/A04-Gestion-Academica/PDFEstudiantes/PDFEvAU/ModelosPruebas1920/Geologia-septiembre_2020.ashx?la=es,si
Geología y Ciencias Ambientales,2021,Extraordinaria,Castilla-La Mancha,https://www.uclm.es/-/media/Files/A04-Gestion-Academica/PDFEstudiantes/PDFEvAU/ModelosPruebas2021/GEOLOGIA-EvAU-julio-2021.ashx?la=es,si
Geología y Ciencias Ambientales,2021,Ordinaria,Castilla-La Mancha,https://www.uclm.es/-/media/Files/A04-Gestion-Academica/PDFEstudiantes/PDFEvAU/ModelosPruebas2021/Geologia-junio-2021.ashx?la=es,si
Geología y Ciencias Ambientales,2022,Ordinaria,Castilla-La Mancha,https://www.uclm.es/-/media/Files/A04-Gestion-Academica/PDFEstudiantes/PDFEvAU/ModelosPruebas2122/GEOLOGA-2022.ashx?la=es,si
Geología y Ciencias Ambientales,2024,Ordinaria,Castilla-La Mancha,https://www.uclm.es/-/media/Files/A04-Gestion-Academica/PDFEstudiantes/PDFEvAU/ModelosPruebas2324/Geologia_Ambientales.ashx?la=es,si
Geología y Ciencias Ambientales,2025,Ordinaria,Castilla-La Mancha,https://www.uclm.es/-/media/Files/A04-Gestion-Academica/PDFEstudiantes/PDFEvAU/ModelosPruebas2425/GEOLOGIA-Y-CIENCIAS-AMBIENTALES.ashx?la=es,si
Geología y Ciencias Ambientales,0,Extraordinaria,Castilla-La Mancha,https://www.uclm.es/-/media/Files/A04-Gestion-Academica/PDFEstudiantes/PDFEvAU/ModelosPruebas2425/EXTRAORDINARIA/GEOLOGIA-Y-CIENCIAS-AMBIENTALES.ashx?la=es,si
Geología y Ciencias Ambientales,0,Extraordinaria,Castilla-La Mancha,https://www.uclm.es/-/media/Files/A04-Gestion-Academica/PDFEstudiantes/PDFEvAU/ModelosPruebas2324/Extraordinaria/GEOLOGIA-Y-CIENCIAS-AMBIENTALES.ashx?la=es,si
Geología y Ciencias Ambientales,0,Extraordinaria,Castilla-La Mancha,https://www.uclm.es/-/media/Files/A04-Gestion-Academica/PDFEstudiantes/PDFEvAU/ModelosPruebas2223/ConvocatoriaExtraordinaria/Geologia-Extraordinaria.ashx?la=es,si
Geología y Ciencias Ambientales,0,Extraordinaria,Castilla-La Mancha,https://www.uclm.es/-/media/Files/A04-Gestion-Academica/PDFEstudiantes/PDFEvAU/ModelosPruebas2122/CONVOCATORIA-EXTRAORDINARIA/GEOLOGIA.ashx?la=es,si
Geología y Ciencias Ambientales,0,Ordinaria,Castilla-La Mancha,https://www.uclm.es/-/media/Files/A04-Gestion-Academica/PDFEstudiantes/PDFEvAU/ModelosPruebas2223/ConvocatoriaOrdinaria/Geologia-ordinaria-2023.ashx?la=es,si
Griego II,2015,Extraordinaria,Castilla-La Mancha,https://www.uclm.es/-/media/Files/A04-Gestion-Academica/PAEG_Historico/Modelos_examen/2014_2015/griego_sep.ashx?la=es,si
Griego II,2015,Ordinaria,Castilla-La Mancha,https://www.uclm.es/-/media/Files/A04-Gestion-Academica/PAEG_Historico/Modelos_examen/2014_2015/griego_jun.ashx?la=es,si
Griego II,2016,Extraordinaria,Castilla-La Mancha,https://www.uclm.es/-/media/Files/A04-Gestion-Academica/PAEG_Historico/Modelos_examen/2015_2016/griego_sep.ashx?la=es,si
Griego II,2016,Ordinaria,Castilla-La Mancha,https://www.uclm.es/-/media/Files/A04-Gestion-Academica/PAEG_Historico/Modelos_examen/2015_2016/griego_jun.ashx?la=es,si
Griego II,2017,Extraordinaria,Castilla-La Mancha,https://www.uclm.es/-/media/Files/A04-Gestion-Academica/PDFEstudiantes/PDFEvAU/ModelosPruebas1617/Griego-4-evau-sept.ashx?la=es,si
Griego II,2017,Ordinaria,Castilla-La Mancha,https://www.uclm.es/-/media/Files/A04-Gestion-Academica/PDFEstudiantes/PDFEvAU/ModelosPruebas1617/Griego-2017.ashx?la=es,si
Griego II,2018,Extraordinaria,Castilla-La Mancha,https://www.uclm.es/-/media/Files/A04-Gestion-Academica/PDFEstudiantes/PDFEvAU/ModelosPruebas1718/Griego-julio-2018.ashx?la=es,si
Griego II,2018,Ordinaria,Castilla-La Mancha,https://www.uclm.es/-/media/Files/A04-Gestion-Academica/PDFEstudiantes/PDFEvAU/ModelosPruebas1718/propuesta-1-evau18Griego.ashx?la=es,si
Griego II,2019,Extraordinaria,Castilla-La Mancha,https://www.uclm.es/-/media/Files/A04-Gestion-Academica/PDFEstudiantes/PDFEvAU/ModelosPruebas1819/Griego-Julio.ashx?la=es,si
Griego II,2019,Ordinaria,Castilla-La Mancha,https://www.uclm.es/-/media/Files/A04-Gestion-Academica/PDFEstudiantes/PDFEvAU/ModelosPruebas1819/Griego.ashx?la=es,si
Griego II,2020,Extraordinaria,Castilla-La Mancha,https://www.uclm.es/-/media/Files/A04-Gestion-Academica/PDFEstudiantes/PDFEvAU/ModelosPruebas1920/GRIEGOPropuesta-1--EvAU1920.ashx?la=es,si
Griego II,2020,Extraordinaria,Castilla-La Mancha,https://www.uclm.es/-/media/Files/A04-Gestion-Academica/PDFEstudiantes/PDFEvAU/ModelosPruebas1920/Griego-septiembre_2020.ashx?la=es,si
Griego II,2021,Extraordinaria,Castilla-La Mancha,https://www.uclm.es/-/media/Files/A04-Gestion-Academica/PDFEstudiantes/PDFEvAU/ModelosPruebas2021/Griego-EVAU-julio-2021.ashx?la=es,si
Griego II,2021,Ordinaria,Castilla-La Mancha,https://www.uclm.es/-/media/Files/A04-Gestion-Academica/PDFEstudiantes/PDFEvAU/ModelosPruebas2021/Griego-junio-2021.ashx?la=es,si
Griego II,2022,Ordinaria,Castilla-La Mancha,https://www.uclm.es/-/media/Files/A04-Gestion-Academica/PDFEstudiantes/PDFEvAU/ModelosPruebas2122/GRIEGO-2022.ashx?la=es,si
Griego II,2024,Ordinaria,Castilla-La Mancha,https://www.uclm.es/-/media/Files/A04-Gestion-Academica/PDFEstudiantes/PDFEvAU/ModelosPruebas2324/GRIEGO.ashx?la=es,si
Griego II,2025,Ordinaria,Castilla-La Mancha,https://www.uclm.es/-/media/Files/A04-Gestion-Academica/PDFEstudiantes/PDFEvAU/ModelosPruebas2425/GRIEGO.ashx?la=es,si
Griego II,0,Extraordinaria,Castilla-La Mancha,https://www.uclm.es/-/media/Files/A04-Gestion-Academica/PDFEstudiantes/PDFEvAU/ModelosPruebas2425/EXTRAORDINARIA/GRIEGO.ashx?la=es,si
Griego II,0,Extraordinaria,Castilla-La Mancha,https://www.uclm.es/-/media/Files/A04-Gestion-Academica/PDFEstudiantes/PDFEvAU/ModelosPruebas2324/Extraordinaria/GRIEGO.ashx?la=es,si
Griego II,0,Extraordinaria,Castilla-La Mancha,https://www.uclm.es/-/media/Files/A04-Gestion-Academica/PDFEstudiantes/PDFEvAU/ModelosPruebas2223/ConvocatoriaExtraordinaria/Griego-Extraordinaria.ashx?la=es,si
Griego II,0,Extraordinaria,Castilla-La Mancha,https://www.uclm.es/-/media/Files/A04-Gestion-Academica/PDFEstudiantes/PDFEvAU/ModelosPruebas2122/CONVOCATORIA-EXTRAORDINARIA/GRIEGO.ashx?la=es,si
Griego II,0,Ordinaria,Castilla-La Mancha,https://www.uclm.es/-/media/Files/A04-Gestion-Academica/PDFEstudiantes/PDFEvAU/ModelosPruebas2223/ConvocatoriaOrdinaria/Griego-Ordinaria-2023.ashx?la=es,si
Historia de España,2015,Extraordinaria,Castilla-La Mancha,https://www.uclm.es/-/media/Files/A04-Gestion-Academica/PAEG_Historico/Modelos_examen/2014_2015/historiaEspaa_sep.ashx?la=es,si
Historia de España,2015,Extraordinaria,Castilla-La Mancha,https://www.uclm.es/-/media/Files/A04-Gestion-Academica/PAEG_Historico/Modelos_examen/2014_2015/historiaMusica_sep.ashx?la=es,si
Historia de España,2015,Extraordinaria,Castilla-La Mancha,https://www.uclm.es/-/media/Files/A04-Gestion-Academica/PAEG_Historico/Modelos_examen/2014_2015/historiaArte_sep.ashx?la=es,si
Historia de España,2015,Ordinaria,Castilla-La Mancha,https://www.uclm.es/-/media/Files/A04-Gestion-Academica/PAEG_Historico/Modelos_examen/2014_2015/historiaEspaa_jun.ashx?la=es,si
Historia de España,2015,Ordinaria,Castilla-La Mancha,https://www.uclm.es/-/media/Files/A04-Gestion-Academica/PAEG_Historico/Modelos_examen/2014_2015/historiaMusica_jun.ashx?la=es,si
Historia de España,2015,Ordinaria,Castilla-La Mancha,https://www.uclm.es/-/media/Files/A04-Gestion-Academica/PAEG_Historico/Modelos_examen/2014_2015/historiaArte_jun.ashx?la=es,si
Historia de España,2016,Extraordinaria,Castilla-La Mancha,https://www.uclm.es/-/media/Files/A04-Gestion-Academica/PAEG_Historico/Modelos_examen/2015_2016/historiaEspaa_sep.ashx?la=es,si
Historia de España,2016,Extraordinaria,Castilla-La Mancha,https://www.uclm.es/-/media/Files/A04-Gestion-Academica/PAEG_Historico/Modelos_examen/2015_2016/historiaMusica_sep.ashx?la=es,si
Historia de España,2016,Extraordinaria,Castilla-La Mancha,https://www.uclm.es/-/media/Files/A04-Gestion-Academica/PAEG_Historico/Modelos_examen/2015_2016/historiaArte_sep.ashx?la=es,si
Historia de España,2016,Ordinaria,Castilla-La Mancha,https://www.uclm.es/-/media/Files/A04-Gestion-Academica/PAEG_Historico/Modelos_examen/2015_2016/historiaEspaa_jun.ashx?la=es,si
Historia de España,2016,Ordinaria,Castilla-La Mancha,https://www.uclm.es/-/media/Files/A04-Gestion-Academica/PAEG_Historico/Modelos_examen/2015_2016/historiaMusica_jun.ashx?la=es,si
Historia de España,2016,Ordinaria,Castilla-La Mancha,https://www.uclm.es/-/media/Files/A04-Gestion-Academica/PAEG_Historico/Modelos_examen/2015_2016/historiaArte_jun.ashx?la=es,si
Historia de España,2017,Extraordinaria,Castilla-La Mancha,https://www.uclm.es/-/media/Files/A04-Gestion-Academica/PDFEstudiantes/PDFEvAU/ModelosPruebas1617/Historia-de-Espaa-EvAU-4-2017sept.ashx?la=es,si
Historia de España,2017,Extraordinaria,Castilla-La Mancha,https://www.uclm.es/-/media/Files/A04-Gestion-Academica/PDFEstudiantes/PDFEvAU/ModelosPruebas1617/Historia-de-la-Filosofa-EvAU-2017---sept.ashx?la=es,si
Historia de España,2017,Extraordinaria,Castilla-La Mancha,https://www.uclm.es/-/media/Files/A04-Gestion-Academica/PDFEstudiantes/PDFEvAU/ModelosPruebas1617/Historia-del-Arte-Propuesta-A-EvAU-2017--sept.ashx?la=es,si
Historia de España,2017,Ordinaria,Castilla-La Mancha,https://www.uclm.es/-/media/Files/A04-Gestion-Academica/PDFEstudiantes/PDFEvAU/ModelosPruebas1617/Historia-de-Espaa-1-2017.ashx?la=es,si
Historia de España,2017,Ordinaria,Castilla-La Mancha,https://www.uclm.es/-/media/Files/A04-Gestion-Academica/PDFEstudiantes/PDFEvAU/ModelosPruebas1617/Historia-de-la-Filosofia-2017.ashx?la=es,si
Historia de España,2017,Ordinaria,Castilla-La Mancha,https://www.uclm.es/-/media/Files/A04-Gestion-Academica/PDFEstudiantes/PDFEvAU/ModelosPruebas1617/Historia-del-Arte-2017.ashx?la=es,si
Historia de España,2018,Extraordinaria,Castilla-La Mancha,https://www.uclm.es/-/media/Files/A04-Gestion-Academica/PDFEstudiantes/PDFEvAU/ModelosPruebas1718/Historia-de-Espana-julio-2018.ashx?la=es,si
Historia de España,2018,Extraordinaria,Castilla-La Mancha,https://www.uclm.es/-/media/Files/A04-Gestion-Academica/PDFEstudiantes/PDFEvAU/ModelosPruebas1718/Historia-del-Arte-julio-2018.ashx?la=es,si
Historia de España,2018,Ordinaria,Castilla-La Mancha,https://www.uclm.es/-/media/Files/A04-Gestion-Academica/PDFEstudiantes/PDFEvAU/ModelosPruebas1718/Historia-de-Espana.ashx?la=es,si
Historia de España,2018,Ordinaria,Castilla-La Mancha,https://www.uclm.es/-/media/Files/A04-Gestion-Academica/PDFEstudiantes/PDFEvAU/ModelosPruebas1718/Historia-de-la-Filosofia.ashx?la=es,si
Historia de España,2018,Ordinaria,Castilla-La Mancha,https://www.uclm.es/-/media/Files/A04-Gestion-Academica/PDFEstudiantes/PDFEvAU/ModelosPruebas1718/Historia-del-Arte.ashx?la=es,si
Historia de España,2019,Extraordinaria,Castilla-La Mancha,https://www.uclm.es/-/media/Files/A04-Gestion-Academica/PDFEstudiantes/PDFEvAU/ModelosPruebas1819/HISTORIA-DE-ESPANA-Julio.ashx?la=es,si
Historia de España,2019,Extraordinaria,Castilla-La Mancha,https://www.uclm.es/-/media/Files/A04-Gestion-Academica/PDFEstudiantes/PDFEvAU/ModelosPruebas1819/HISTORIA-DEL-ARTE-Julio.ashx?la=es,si
Historia de España,2019,Ordinaria,Castilla-La Mancha,https://www.uclm.es/-/media/Files/A04-Gestion-Academica/PDFEstudiantes/PDFEvAU/ModelosPruebas1819/Historia-de-Espana.ashx?la=es,si
Historia de España,2019,Ordinaria,Castilla-La Mancha,https://www.uclm.es/-/media/Files/A04-Gestion-Academica/PDFEstudiantes/PDFEvAU/ModelosPruebas1819/Historia-del-Arte.ashx?la=es,si
Historia de España,2020,Desconocido,Castilla-La Mancha,https://www.uclm.es/-/media/Files/A04-Gestion-Academica/PDFEstudiantes/PDFEvAU/ModelosPruebas1920/HISTORIA-CCSS-Humanidades-y-Artes-N-3.ashx?la=es,si
Historia de España,2020,Desconocido,Castilla-La Mancha,https://www.uclm.es/-/media/Files/A04-Gestion-Academica/PDFEstudiantes/PDFEvAU/ModelosPruebas1920/HISTORIA-Ciencias-N-1.ashx?la=es,si
Historia de España,2020,Extraordinaria,Castilla-La Mancha,https://www.uclm.es/-/media/Files/A04-Gestion-Academica/PDFEstudiantes/PDFEvAU/ModelosPruebas1920/HISTORIA-septiembre_2020.ashx?la=es,si
Historia de España,2020,Extraordinaria,Castilla-La Mancha,https://www.uclm.es/-/media/Files/A04-Gestion-Academica/PDFEstudiantes/PDFEvAU/ModelosPruebas1920/Historia-del-Arte-Modelo-2.ashx?la=es,si
Historia de España,2020,Extraordinaria,Castilla-La Mancha,https://www.uclm.es/-/media/Files/A04-Gestion-Academica/PDFEstudiantes/PDFEvAU/ModelosPruebas1920/Historia-del-Arte-septiembre_2020.ashx?la=es,si
Historia de España,2021,Extraordinaria,Castilla-La Mancha,https://www.uclm.es/-/media/Files/A04-Gestion-Academica/PDFEstudiantes/PDFEvAU/ModelosPruebas2021/HISTORIA-EVAU-julio-2021.ashx?la=es,si
Historia de España,2021,Extraordinaria,Castilla-La Mancha,https://www.uclm.es/-/media/Files/A04-Gestion-Academica/PDFEstudiantes/PDFEvAU/ModelosPruebas2021/Historia-Filosofia-EVAU-julio-2021.ashx?la=es,si
Historia de España,2021,Extraordinaria,Castilla-La Mancha,https://www.uclm.es/-/media/Files/A04-Gestion-Academica/PDFEstudiantes/PDFEvAU/ModelosPruebas2021/Historia-del-Arte-EVAU-julio-2021.ashx?la=es,si
Historia de España,2021,Ordinaria,Castilla-La Mancha,https://www.uclm.es/-/media/Files/A04-Gestion-Academica/PDFEstudiantes/PDFEvAU/ModelosPruebas2021/Historia-Espana-Humanidades-junio-2021.ashx?la=es,si
Historia de España,2021,Ordinaria,Castilla-La Mancha,https://www.uclm.es/-/media/Files/A04-Gestion-Academica/PDFEstudiantes/PDFEvAU/ModelosPruebas2021/Historia-Espana-Ciencias-junio-2021.ashx?la=es,si
Historia de España,2021,Ordinaria,Castilla-La Mancha,https://www.uclm.es/-/media/Files/A04-Gestion-Academica/PDFEstudiantes/PDFEvAU/ModelosPruebas2021/Historia-filosofia-junio-2021.ashx?la=es,si
Historia de España,2021,Ordinaria,Castilla-La Mancha,https://www.uclm.es/-/media/Files/A04-Gestion-Academica/PDFEstudiantes/PDFEvAU/ModelosPruebas2021/Historia-del-Arte-II-junio-2021.ashx?la=es,si
Historia de España,2022,Ordinaria,Castilla-La Mancha,https://www.uclm.es/-/media/Files/A04-Gestion-Academica/PDFEstudiantes/PDFEvAU/ModelosPruebas2122/Historia-de-Espana-2022.ashx?la=es,si
Historia de España,2022,Ordinaria,Castilla-La Mancha,https://www.uclm.es/-/media/Files/A04-Gestion-Academica/PDFEstudiantes/PDFEvAU/ModelosPruebas2122/Historia--Filosofia-2022.ashx?la=es,si
Historia de España,2022,Ordinaria,Castilla-La Mancha,https://www.uclm.es/-/media/Files/A04-Gestion-Academica/PDFEstudiantes/PDFEvAU/ModelosPruebas2122/Historia-Arte-2022.ashx?la=es,si
Historia de España,2024,Desconocido,Castilla-La Mancha,https://www.uclm.es/-/media/Files/A04-Gestion-Academica/PDFEstudiantes/PDFEvAU/ModelosPruebas2324/HISTORIA-MUSICA-1-AUDICION-1.ashx?la=es,si
Historia de España,2024,Desconocido,Castilla-La Mancha,https://www.uclm.es/-/media/Files/A04-Gestion-Academica/PDFEstudiantes/PDFEvAU/ModelosPruebas2324/HISTORIA-MUSICA-AUDICION-2.ashx?la=es,si
Historia de España,2024,Ordinaria,Castilla-La Mancha,https://www.uclm.es/-/media/Files/A04-Gestion-Academica/PDFEstudiantes/PDFEvAU/ModelosPruebas2324/Historia-de-Espana.ashx?la=es,si
Historia de España,2024,Ordinaria,Castilla-La Mancha,https://www.uclm.es/-/media/Files/A04-Gestion-Academica/PDFEstudiantes/PDFEvAU/ModelosPruebas2324/Historia-de-la-Filosofia.ashx?la=es,si
Historia de España,2024,Ordinaria,Castilla-La Mancha,https://www.uclm.es/-/media/Files/A04-Gestion-Academica/PDFEstudiantes/PDFEvAU/ModelosPruebas2324/HISTORIA-DEL-ARTE.ashx?la=es,si
Historia de España,2025,Ordinaria,Castilla-La Mancha,https://www.uclm.es/-/media/Files/A04-Gestion-Academica/PDFEstudiantes/PDFEvAU/ModelosPruebas2425/HISTORIA-DE-ESPANA.ashx?la=es,si
Historia de España,2025,Ordinaria,Castilla-La Mancha,https://www.uclm.es/-/media/Files/A04-Gestion-Academica/PDFEstudiantes/PDFEvAU/ModelosPruebas2425/HISTORIA-DE-LA-FILOSOFIA.ashx?la=es,si
Historia de España,2025,Ordinaria,Castilla-La Mancha,https://www.uclm.es/-/media/Files/A04-Gestion-Academica/PDFEstudiantes/PDFEvAU/ModelosPruebas2425/HISTORIA-DEL-ARTE-II.ashx?la=es,si
Historia de España,0,Extraordinaria,Castilla-La Mancha,https://www.uclm.es/-/media/Files/A04-Gestion-Academica/PDFEstudiantes/PDFEvAU/ModelosPruebas2425/EXTRAORDINARIA/HISTORIA-DE-ESPANA.ashx?la=es,si
Historia de España,0,Extraordinaria,Castilla-La Mancha,https://www.uclm.es/-/media/Files/A04-Gestion-Academica/PDFEstudiantes/PDFEvAU/ModelosPruebas2425/EXTRAORDINARIA/Historia-de-la-filosofia.ashx?la=es,si
Historia de España,0,Extraordinaria,Castilla-La Mancha,https://www.uclm.es/-/media/Files/A04-Gestion-Academica/PDFEstudiantes/PDFEvAU/ModelosPruebas2425/EXTRAORDINARIA/HISTORIA-DEL-ARTE.ashx?la=es,si
Historia de España,0,Extraordinaria,Castilla-La Mancha,https://www.uclm.es/-/media/Files/A04-Gestion-Academica/PDFEstudiantes/PDFEvAU/ModelosPruebas2425/EXTRAORDINARIA/Historia-de-la-Musica-y-la-Danza.ashx?la=es,si
Historia de España,0,Extraordinaria,Castilla-La Mancha,https://www.uclm.es/-/media/Files/A04-Gestion-Academica/PDFEstudiantes/PDFEvAU/ModelosPruebas2324/Extraordinaria/HISTORIA-DE-ESPANA.ashx?la=es,si
Historia de España,0,Extraordinaria,Castilla-La Mancha,https://www.uclm.es/-/media/Files/A04-Gestion-Academica/PDFEstudiantes/PDFEvAU/ModelosPruebas2324/Extraordinaria/HISTORIA-DE-LA-FILOSOFIA.ashx?la=es,si
Historia de España,0,Extraordinaria,Castilla-La Mancha,https://www.uclm.es/-/media/Files/A04-Gestion-Academica/PDFEstudiantes/PDFEvAU/ModelosPruebas2324/Extraordinaria/HISTORIA-DEL-ARTE.ashx?la=es,si
Historia de España,0,Extraordinaria,Castilla-La Mancha,https://www.uclm.es/-/media/Files/A04-Gestion-Academica/PDFEstudiantes/PDFEvAU/ModelosPruebas2324/Extraordinaria/HISTORIA-DE-LA-MUSICA-Y-DE-LA-DANZA.ashx?la=es,si
Historia de España,0,Extraordinaria,Castilla-La Mancha,https://www.uclm.es/-/media/Files/A04-Gestion-Academica/PDFEstudiantes/PDFEvAU/ModelosPruebas2324/Extraordinaria/HISTORIA-MUSICA-3-AUDICION-1.ashx?la=es,si
Historia de España,0,Extraordinaria,Castilla-La Mancha,https://www.uclm.es/-/media/Files/A04-Gestion-Academica/PDFEstudiantes/PDFEvAU/ModelosPruebas2324/Extraordinaria/HISTORIA-MUSICA-3-AUDICION-2.ashx?la=es,si
Historia de España,0,Extraordinaria,Castilla-La Mancha,https://www.uclm.es/-/media/Files/A04-Gestion-Academica/PDFEstudiantes/PDFEvAU/ModelosPruebas2223/ConvocatoriaExtraordinaria/Historia-de-Espana-Extra.ashx?la=es,si
Historia de España,0,Extraordinaria,Castilla-La Mancha,https://www.uclm.es/-/media/Files/A04-Gestion-Academica/PDFEstudiantes/PDFEvAU/ModelosPruebas2223/ConvocatoriaExtraordinaria/Historia-de-la-Filosofia-Extraordinaria.ashx?la=es,si
Historia de España,0,Extraordinaria,Castilla-La Mancha,https://www.uclm.es/-/media/Files/A04-Gestion-Academica/PDFEstudiantes/PDFEvAU/ModelosPruebas2223/ConvocatoriaExtraordinaria/Historia-del-Arte-Extraordinaria.ashx?la=es,si
Historia de España,0,Extraordinaria,Castilla-La Mancha,https://www.uclm.es/-/media/Files/A04-Gestion-Academica/PDFEstudiantes/PDFEvAU/ModelosPruebas2122/CONVOCATORIA-EXTRAORDINARIA/HISTORIA-DE-ESPANA.ashx?la=es,si
Historia de España,0,Extraordinaria,Castilla-La Mancha,https://www.uclm.es/-/media/Files/A04-Gestion-Academica/PDFEstudiantes/PDFEvAU/ModelosPruebas2122/CONVOCATORIA-EXTRAORDINARIA/Historia-de-la-Filosofia.ashx?la=es,si
Historia de España,0,Extraordinaria,Castilla-La Mancha,https://www.uclm.es/-/media/Files/A04-Gestion-Academica/PDFEstudiantes/PDFEvAU/ModelosPruebas2122/CONVOCATORIA-EXTRAORDINARIA/Historia-del-Arte.ashx?la=es,si
Historia de España,0,Ordinaria,Castilla-La Mancha,https://www.uclm.es/-/media/Files/A04-Gestion-Academica/PDFEstudiantes/PDFEvAU/ModelosPruebas2223/ConvocatoriaOrdinaria/Historia-de-Espana-Ordinaria-2023.ashx?la=es,si
Historia de España,0,Ordinaria,Castilla-La Mancha,https://www.uclm.es/-/media/Files/A04-Gestion-Academica/PDFEstudiantes/PDFEvAU/ModelosPruebas2223/ConvocatoriaOrdinaria/Historia-de-la-Filosofia-Ordinaria-2023.ashx?la=es,si
Historia de España,0,Ordinaria,Castilla-La Mancha,https://www.uclm.es/-/media/Files/A04-Gestion-Academica/PDFEstudiantes/PDFEvAU/ModelosPruebas2223/ConvocatoriaOrdinaria/Historia-del-Arte-ordinaria-2023.ashx?la=es,si
Historia de la Filosofía,2015,Extraordinaria,Castilla-La Mancha,https://www.uclm.es/-/media/Files/A04-Gestion-Academica/PAEG_Historico/Modelos_examen/2014_2015/filosofia_sep.ashx?la=es,si
Historia de la Filosofía,2015,Ordinaria,Castilla-La Mancha,https://www.uclm.es/-/media/Files/A04-Gestion-Academica/PAEG_Historico/Modelos_examen/2014_2015/filosofia_jun.ashx?la=es,si
Historia de la Filosofía,2016,Extraordinaria,Castilla-La Mancha,https://www.uclm.es/-/media/Files/A04-Gestion-Academica/PAEG_Historico/Modelos_examen/2015_2016/filosofia_sep.ashx?la=es,si
Historia de la Filosofía,2016,Ordinaria,Castilla-La Mancha,https://www.uclm.es/-/media/Files/A04-Gestion-Academica/PAEG_Historico/Modelos_examen/2015_2016/filosofia_jun.ashx?la=es,si
Historia de la Filosofía,2018,Extraordinaria,Castilla-La Mancha,https://www.uclm.es/-/media/Files/A04-Gestion-Academica/PDFEstudiantes/PDFEvAU/ModelosPruebas1718/H-de-la-Filosofia-julio-2018.ashx?la=es,si
Historia de la Filosofía,2019,Extraordinaria,Castilla-La Mancha,https://www.uclm.es/-/media/Files/A04-Gestion-Academica/PDFEstudiantes/PDFEvAU/ModelosPruebas1819/FILOSOFIA-Julio.ashx?la=es,si
Historia de la Filosofía,2019,Ordinaria,Castilla-La Mancha,https://www.uclm.es/-/media/Files/A04-Gestion-Academica/PDFEstudiantes/PDFEvAU/ModelosPruebas1819/Filosofia.ashx?la=es,si
Historia de la Filosofía,2020,Extraordinaria,Castilla-La Mancha,https://www.uclm.es/-/media/Files/A04-Gestion-Academica/PDFEstudiantes/PDFEvAU/ModelosPruebas1920/Filosofia-3.ashx?la=es,si
Historia de la Filosofía,2020,Extraordinaria,Castilla-La Mancha,https://www.uclm.es/-/media/Files/A04-Gestion-Academica/PDFEstudiantes/PDFEvAU/ModelosPruebas1920/Filosofia-septiembre_2020.ashx?la=es,si
Historia de la Música,2024,Ordinaria,Castilla-La Mancha,https://www.uclm.es/-/media/Files/A04-Gestion-Academica/PDFEstudiantes/PDFEvAU/ModelosPruebas2324/H-de-la-Musica.ashx?la=es,si
Historia de la Música,2025,Ordinaria,Castilla-La Mancha,https://www.uclm.es/-/media/Files/A04-Gestion-Academica/PDFEstudiantes/PDFEvAU/ModelosPruebas2425/H-de-la-Musica-y-la-Danza.ashx?la=es,si
Historia de la Música,0,Extraordinaria,Castilla-La Mancha,https://www.uclm.es/-/media/Files/A04-Gestion-Academica/PDFEstudiantes/PDFEvAU/ModelosPruebas2425/EXTRAORDINARIA/H-DE-LA-MUSICA-AUDICIN.ashx?la=es,si
Inglés,2015,Extraordinaria,Castilla-La Mancha,https://www.uclm.es/-/media/Files/A04-Gestion-Academica/PAEG_Historico/Modelos_examen/2014_2015/ingles_sep.ashx?la=es,si
Inglés,2015,Ordinaria,Castilla-La Mancha,https://www.uclm.es/-/media/Files/A04-Gestion-Academica/PAEG_Historico/Modelos_examen/2014_2015/ingles_jun.ashx?la=es,si
Inglés,2016,Extraordinaria,Castilla-La Mancha,https://www.uclm.es/-/media/Files/A04-Gestion-Academica/PAEG_Historico/Modelos_examen/2015_2016/ingles_sep.ashx?la=es,si
Inglés,2016,Ordinaria,Castilla-La Mancha,https://www.uclm.es/-/media/Files/A04-Gestion-Academica/PAEG_Historico/Modelos_examen/2015_2016/ingles_jun.ashx?la=es,si
Inglés,2017,Extraordinaria,Castilla-La Mancha,https://www.uclm.es/-/media/Files/A04-Gestion-Academica/PDFEstudiantes/PDFEvAU/ModelosPruebas1617/Ingls-4-sept.ashx?la=es,si
Inglés,2017,Ordinaria,Castilla-La Mancha,https://www.uclm.es/-/media/Files/A04-Gestion-Academica/PDFEstudiantes/PDFEvAU/ModelosPruebas1617/Ingles-2017.ashx?la=es,si
Inglés,2018,Extraordinaria,Castilla-La Mancha,https://www.uclm.es/-/media/Files/A04-Gestion-Academica/PDFEstudiantes/PDFEvAU/ModelosPruebas1718/Ingles-julio-2018.ashx?la=es,si
Inglés,2018,Ordinaria,Castilla-La Mancha,https://www.uclm.es/-/media/Files/A04-Gestion-Academica/PDFEstudiantes/PDFEvAU/ModelosPruebas1718/Ingles.ashx?la=es,si
Inglés,2019,Extraordinaria,Castilla-La Mancha,https://www.uclm.es/-/media/Files/A04-Gestion-Academica/PDFEstudiantes/PDFEvAU/ModelosPruebas1819/Ingles-Julio.ashx?la=es,si
Inglés,2019,Ordinaria,Castilla-La Mancha,https://www.uclm.es/-/media/Files/A04-Gestion-Academica/PDFEstudiantes/PDFEvAU/ModelosPruebas1819/Ingles.ashx?la=es,si
Inglés,2020,Desconocido,Castilla-La Mancha,https://www.uclm.es/-/media/Files/A04-Gestion-Academica/PDFEstudiantes/PDFEvAU/ModelosPruebas1920/Ingles-CCSS-Humanidades-y-Artes-EXAMEN-12020.ashx?la=es,si
Inglés,2020,Desconocido,Castilla-La Mancha,https://www.uclm.es/-/media/Files/A04-Gestion-Academica/PDFEstudiantes/PDFEvAU/ModelosPruebas1920/Ingles-Ciencias-EXAMEN-42020.ashx?la=es,si
Inglés,2020,Extraordinaria,Castilla-La Mancha,https://www.uclm.es/-/media/Files/A04-Gestion-Academica/PDFEstudiantes/PDFEvAU/ModelosPruebas1920/Ingles-septiembre_2020.ashx?la=es,si
Inglés,2021,Extraordinaria,Castilla-La Mancha,https://www.uclm.es/-/media/Files/A04-Gestion-Academica/PDFEstudiantes/PDFEvAU/ModelosPruebas2021/Ingles-EVAU-julio-2021.ashx?la=es,si
Inglés,2021,Ordinaria,Castilla-La Mancha,https://www.uclm.es/-/media/Files/A04-Gestion-Academica/PDFEstudiantes/PDFEvAU/ModelosPruebas2021/Ingles-Humanidades-junio-2021.ashx?la=es,si
Inglés,2021,Ordinaria,Castilla-La Mancha,https://www.uclm.es/-/media/Files/A04-Gestion-Academica/PDFEstudiantes/PDFEvAU/ModelosPruebas2021/Ingles-Ciencias-junio-2021.ashx?la=es,si
Inglés,2022,Ordinaria,Castilla-La Mancha,https://www.uclm.es/-/media/Files/A04-Gestion-Academica/PDFEstudiantes/PDFEvAU/ModelosPruebas2122/Ingles-2022.ashx?la=es,si
Inglés,2024,Ordinaria,Castilla-La Mancha,https://www.uclm.es/-/media/Files/A04-Gestion-Academica/PDFEstudiantes/PDFEvAU/ModelosPruebas2324/Ingles.ashx?la=es,si
Inglés,2025,Ordinaria,Castilla-La Mancha,https://www.uclm.es/-/media/Files/A04-Gestion-Academica/PDFEstudiantes/PDFEvAU/ModelosPruebas2425/INGLES.ashx?la=es,si
Inglés,0,Extraordinaria,Castilla-La Mancha,https://www.uclm.es/-/media/Files/A04-Gestion-Academica/PDFEstudiantes/PDFEvAU/ModelosPruebas2425/EXTRAORDINARIA/INGLES.ashx?la=es,si
Inglés,0,Extraordinaria,Castilla-La Mancha,https://www.uclm.es/-/media/Files/A04-Gestion-Academica/PDFEstudiantes/PDFEvAU/ModelosPruebas2324/Extraordinaria/INGLES.ashx?la=es,si
Inglés,0,Extraordinaria,Castilla-La Mancha,https://www.uclm.es/-/media/Files/A04-Gestion-Academica/PDFEstudiantes/PDFEvAU/ModelosPruebas2223/ConvocatoriaExtraordinaria/Ingles-Extra.ashx?la=es,si
Inglés,0,Extraordinaria,Castilla-La Mancha,https://www.uclm.es/-/media/Files/A04-Gestion-Academica/PDFEstudiantes/PDFEvAU/ModelosPruebas2122/CONVOCATORIA-EXTRAORDINARIA/INGLES.ashx?la=es,si
Inglés,0,Ordinaria,Castilla-La Mancha,https://www.uclm.es/-/media/Files/A04-Gestion-Academica/PDFEstudiantes/PDFEvAU/ModelosPruebas2223/ConvocatoriaOrdinaria/Ingles-ordinaria-2023.ashx?la=es,si
Italiano,2016,Ordinaria,Castilla-La Mancha,https://www.uclm.es/-/media/Files/A04-Gestion-Academica/PAEG_Historico/Modelos_examen/2015_2016/italiano_jun.ashx?la=es,si
Italiano,2018,Extraordinaria,Castilla-La Mancha,https://www.uclm.es/-/media/Files/A04-Gestion-Academica/PDFEstudiantes/PDFEvAU/ModelosPruebas1718/Italiano-julio-2018.ashx?la=es,si
Italiano,2018,Ordinaria,Castilla-La Mancha,https://www.uclm.es/-/media/Files/A04-Gestion-Academica/PDFEstudiantes/PDFEvAU/ModelosPruebas1718/Italiano.ashx?la=es,si
Italiano,2019,Extraordinaria,Castilla-La Mancha,https://www.uclm.es/-/media/Files/A04-Gestion-Academica/PDFEstudiantes/PDFEvAU/ModelosPruebas1819/ITALIANO-Julio.ashx?la=es,si
Italiano,2019,Ordinaria,Castilla-La Mancha,https://www.uclm.es/-/media/Files/A04-Gestion-Academica/PDFEstudiantes/PDFEvAU/ModelosPruebas1819/Italiano.ashx?la=es,si
Italiano,2020,Extraordinaria,Castilla-La Mancha,https://www.uclm.es/-/media/Files/A04-Gestion-Academica/PDFEstudiantes/PDFEvAU/ModelosPruebas1920/Italiano-PRUEBA-2.ashx?la=es,si
Italiano,2020,Extraordinaria,Castilla-La Mancha,https://www.uclm.es/-/media/Files/A04-Gestion-Academica/PDFEstudiantes/PDFEvAU/ModelosPruebas1920/Italiano-septiembre_2020.ashx?la=es,si
Italiano,2021,Extraordinaria,Castilla-La Mancha,https://www.uclm.es/-/media/Files/A04-Gestion-Academica/PDFEstudiantes/PDFEvAU/ModelosPruebas2021/ITALIANO-EVAU-julio-2021.ashx?la=es,si
Italiano,2021,Ordinaria,Castilla-La Mancha,https://www.uclm.es/-/media/Files/A04-Gestion-Academica/PDFEstudiantes/PDFEvAU/ModelosPruebas2021/Italiano-junio-2021.ashx?la=es,si
Italiano,2022,Ordinaria,Castilla-La Mancha,https://www.uclm.es/-/media/Files/A04-Gestion-Academica/PDFEstudiantes/PDFEvAU/ModelosPruebas2122/Italiano-2022.ashx?la=es,si
Italiano,2024,Ordinaria,Castilla-La Mancha,https://www.uclm.es/-/media/Files/A04-Gestion-Academica/PDFEstudiantes/PDFEvAU/ModelosPruebas2324/Italiano.ashx?la=es,si
Italiano,2025,Ordinaria,Castilla-La Mancha,https://www.uclm.es/-/media/Files/A04-Gestion-Academica/PDFEstudiantes/PDFEvAU/ModelosPruebas2425/ITALIANO.ashx?la=es,si
Italiano,0,Extraordinaria,Castilla-La Mancha,https://www.uclm.es/-/media/Files/A04-Gestion-Academica/PDFEstudiantes/PDFEvAU/ModelosPruebas2425/EXTRAORDINARIA/ITALIANO.ashx?la=es,si
Italiano,0,Extraordinaria,Castilla-La Mancha,https://www.uclm.es/-/media/Files/A04-Gestion-Academica/PDFEstudiantes/PDFEvAU/ModelosPruebas2324/Extraordinaria/ITALIANO.ashx?la=es,si
Italiano,0,Extraordinaria,Castilla-La Mancha,https://www.uclm.es/-/media/Files/A04-Gestion-Academica/PDFEstudiantes/PDFEvAU/ModelosPruebas2223/ConvocatoriaExtraordinaria/Italiano-Extra.ashx?la=es,si
Italiano,0,Extraordinaria,Castilla-La Mancha,https://www.uclm.es/-/media/Files/A04-Gestion-Academica/PDFEstudiantes/PDFEvAU/ModelosPruebas2122/CONVOCATORIA-EXTRAORDINARIA/ITALIANO.ashx?la=es,si
Italiano,0,Ordinaria,Castilla-La Mancha,https://www.uclm.es/-/media/Files/A04-Gestion-Academica/PDFEstudiantes/PDFEvAU/ModelosPruebas2223/ConvocatoriaOrdinaria/Italiano-Ordinaria-2023.ashx?la=es,si
Latín II,2015,Extraordinaria,Castilla-La Mancha,https://www.uclm.es/-/media/Files/A04-Gestion-Academica/PAEG_Historico/Modelos_examen/2014_2015/latin_sep.ashx?la=es,si
Latín II,2015,Ordinaria,Castilla-La Mancha,https://www.uclm.es/-/media/Files/A04-Gestion-Academica/PAEG_Historico/Modelos_examen/2014_2015/latin_jun.ashx?la=es,si
Latín II,2016,Extraordinaria,Castilla-La Mancha,https://www.uclm.es/-/media/Files/A04-Gestion-Academica/PAEG_Historico/Modelos_examen/2015_2016/latin_sep.ashx?la=es,si
Latín II,2016,Ordinaria,Castilla-La Mancha,https://www.uclm.es/-/media/Files/A04-Gestion-Academica/PAEG_Historico/Modelos_examen/2015_2016/latin_jun.ashx?la=es,si
Latín II,2017,Extraordinaria,Castilla-La Mancha,https://www.uclm.es/-/media/Files/A04-Gestion-Academica/PDFEstudiantes/PDFEvAU/ModelosPruebas1617/Latn-II-EvAU-2017--sept.ashx?la=es,si
Latín II,2017,Ordinaria,Castilla-La Mancha,https://www.uclm.es/-/media/Files/A04-Gestion-Academica/PDFEstudiantes/PDFEvAU/ModelosPruebas1617/Latin-Prop-I-Evau-2017.ashx?la=es,si
Latín II,2018,Extraordinaria,Castilla-La Mancha,https://www.uclm.es/-/media/Files/A04-Gestion-Academica/PDFEstudiantes/PDFEvAU/ModelosPruebas1718/Latin-II-julio-2018.ashx?la=es,si
Latín II,2018,Ordinaria,Castilla-La Mancha,https://www.uclm.es/-/media/Files/A04-Gestion-Academica/PDFEstudiantes/PDFEvAU/ModelosPruebas1718/Latin-II.ashx?la=es,si
Latín II,2019,Extraordinaria,Castilla-La Mancha,https://www.uclm.es/-/media/Files/A04-Gestion-Academica/PDFEstudiantes/PDFEvAU/ModelosPruebas1819/LATIN-Julio.ashx?la=es,si
Latín II,2019,Ordinaria,Castilla-La Mancha,https://www.uclm.es/-/media/Files/A04-Gestion-Academica/PDFEstudiantes/PDFEvAU/ModelosPruebas1819/Latin-II.ashx?la=es,si
Latín II,2020,Extraordinaria,Castilla-La Mancha,https://www.uclm.es/-/media/Files/A04-Gestion-Academica/PDFEstudiantes/PDFEvAU/ModelosPruebas1920/Latin-MODELO-C.ashx?la=es,si
Latín II,2020,Extraordinaria,Castilla-La Mancha,https://www.uclm.es/-/media/Files/A04-Gestion-Academica/PDFEstudiantes/PDFEvAU/ModelosPruebas1920/Latin-septiembre_2020.ashx?la=es,si
Latín II,2021,Extraordinaria,Castilla-La Mancha,https://www.uclm.es/-/media/Files/A04-Gestion-Academica/PDFEstudiantes/PDFEvAU/ModelosPruebas2021/Latin-EvAU-julio-2021.ashx?la=es,si
Latín II,2021,Ordinaria,Castilla-La Mancha,https://www.uclm.es/-/media/Files/A04-Gestion-Academica/PDFEstudiantes/PDFEvAU/ModelosPruebas2021/Latin-junio-2021.ashx?la=es,si
Latín II,2022,Ordinaria,Castilla-La Mancha,https://www.uclm.es/-/media/Files/A04-Gestion-Academica/PDFEstudiantes/PDFEvAU/ModelosPruebas2122/LATIN-II-2022.ashx?la=es,si
Latín II,2024,Ordinaria,Castilla-La Mancha,https://www.uclm.es/-/media/Files/A04-Gestion-Academica/PDFEstudiantes/PDFEvAU/ModelosPruebas2324/Latn-II.ashx?la=es,si
Latín II,2025,Ordinaria,Castilla-La Mancha,https://www.uclm.es/-/media/Files/A04-Gestion-Academica/PDFEstudiantes/PDFEvAU/ModelosPruebas2425/LATIN.ashx?la=es,si
Latín II,0,Extraordinaria,Castilla-La Mancha,https://www.uclm.es/-/media/Files/A04-Gestion-Academica/PDFEstudiantes/PDFEvAU/ModelosPruebas2425/EXTRAORDINARIA/LATIN.ashx?la=es,si
Latín II,0,Extraordinaria,Castilla-La Mancha,https://www.uclm.es/-/media/Files/A04-Gestion-Academica/PDFEstudiantes/PDFEvAU/ModelosPruebas2324/Extraordinaria/LATIN-II.ashx?la=es,si
Latín II,0,Extraordinaria,Castilla-La Mancha,https://www.uclm.es/-/media/Files/A04-Gestion-Academica/PDFEstudiantes/PDFEvAU/ModelosPruebas2223/ConvocatoriaExtraordinaria/Latin-Extra.ashx?la=es,si
Latín II,0,Extraordinaria,Castilla-La Mancha,https://www.uclm.es/-/media/Files/A04-Gestion-Academica/PDFEstudiantes/PDFEvAU/ModelosPruebas2122/CONVOCATORIA-EXTRAORDINARIA/LATIN.ashx?la=es,si
Latín II,0,Ordinaria,Castilla-La Mancha,https://www.uclm.es/-/media/Files/A04-Gestion-Academica/PDFEstudiantes/PDFEvAU/ModelosPruebas2223/ConvocatoriaOrdinaria/Latin-Ordinaria-2023.ashx?la=es,si
Lengua Castellana y Literatura,2015,Extraordinaria,Castilla-La Mancha,https://www.uclm.es/-/media/Files/A04-Gestion-Academica/PAEG_Historico/Modelos_examen/2014_2015/lengua_sep.ashx?la=es,si
Lengua Castellana y Literatura,2015,Ordinaria,Castilla-La Mancha,https://www.uclm.es/-/media/Files/A04-Gestion-Academica/PAEG_Historico/Modelos_examen/2014_2015/lengua_jun.ashx?la=es,si
Lengua Castellana y Literatura,2016,Extraordinaria,Castilla-La Mancha,https://www.uclm.es/-/media/Files/A04-Gestion-Academica/PAEG_Historico/Modelos_examen/2015_2016/lengua_sep.ashx?la=es,si
Lengua Castellana y Literatura,2016,Ordinaria,Castilla-La Mancha,https://www.uclm.es/-/media/Files/A04-Gestion-Academica/PAEG_Historico/Modelos_examen/2015_2016/lengua_jun.ashx?la=es,si
Lengua Castellana y Literatura,2017,Extraordinaria,Castilla-La Mancha,https://www.uclm.es/-/media/Files/A04-Gestion-Academica/PDFEstudiantes/PDFEvAU/ModelosPruebas1617/Lengua-Castellana-y-Literatura-2--sept.ashx?la=es,si
Lengua Castellana y Literatura,2017,Ordinaria,Castilla-La Mancha,https://www.uclm.es/-/media/Files/A04-Gestion-Academica/PDFEstudiantes/PDFEvAU/ModelosPruebas1617/Lengua-Castellana-y-Literatura-2017.ashx?la=es,si
Lengua Castellana y Literatura,2018,Extraordinaria,Castilla-La Mancha,https://www.uclm.es/-/media/Files/A04-Gestion-Academica/PDFEstudiantes/PDFEvAU/ModelosPruebas1718/Lengua-Castellana-y-Literatura-julio-2018.ashx?la=es,si
Lengua Castellana y Literatura,2018,Ordinaria,Castilla-La Mancha,https://www.uclm.es/-/media/Files/A04-Gestion-Academica/PDFEstudiantes/PDFEvAU/ModelosPruebas1718/Lengua-Castellana-Literatura.ashx?la=es,si
Lengua Castellana y Literatura,2019,Extraordinaria,Castilla-La Mancha,https://www.uclm.es/-/media/Files/A04-Gestion-Academica/PDFEstudiantes/PDFEvAU/ModelosPruebas1819/Lengua--y-Literatura-Julio.ashx?la=es,si
Lengua Castellana y Literatura,2019,Ordinaria,Castilla-La Mancha,https://www.uclm.es/-/media/Files/A04-Gestion-Academica/PDFEstudiantes/PDFEvAU/ModelosPruebas1819/Lengua-Castellana-y-Literatura.ashx?la=es,si
Lengua Castellana y Literatura,2020,Desconocido,Castilla-La Mancha,https://www.uclm.es/-/media/Files/A04-Gestion-Academica/PDFEstudiantes/PDFEvAU/ModelosPruebas1920/LENGUA-Y-LIT-CCSS-HUMANIDADES-Y-ARTES3.ashx?la=es,si
Lengua Castellana y Literatura,2020,Desconocido,Castilla-La Mancha,https://www.uclm.es/-/media/Files/A04-Gestion-Academica/PDFEstudiantes/PDFEvAU/ModelosPruebas1920/LENGUA-Y-LIT-CIENCIAS-2.ashx?la=es,si
Lengua Castellana y Literatura,2020,Extraordinaria,Castilla-La Mancha,https://www.uclm.es/-/media/Files/A04-Gestion-Academica/PDFEstudiantes/PDFEvAU/ModelosPruebas1920/LENGUA-Y-LIT-septiembre2020.ashx?la=es,si
Lengua Castellana y Literatura,2021,Extraordinaria,Castilla-La Mancha,https://www.uclm.es/-/media/Files/A04-Gestion-Academica/PDFEstudiantes/PDFEvAU/ModelosPruebas2021/Lengua-y-Literatura-EVAU-julio-2021.ashx?la=es,si
Lengua Castellana y Literatura,2021,Ordinaria,Castilla-La Mancha,https://www.uclm.es/-/media/Files/A04-Gestion-Academica/PDFEstudiantes/PDFEvAU/ModelosPruebas2021/Lengua-y-Literatura-Humanidades-junio-2021.ashx?la=es,si
Lengua Castellana y Literatura,2021,Ordinaria,Castilla-La Mancha,https://www.uclm.es/-/media/Files/A04-Gestion-Academica/PDFEstudiantes/PDFEvAU/ModelosPruebas2021/Lengua-y-Literatura-Ciencias-junio-2021.ashx?la=es,si
Lengua Castellana y Literatura,2022,Ordinaria,Castilla-La Mancha,https://www.uclm.es/-/media/Files/A04-Gestion-Academica/PDFEstudiantes/PDFEvAU/ModelosPruebas2122/Lengua-y-Literatura-2022.ashx?la=es,si
Lengua Castellana y Literatura,2024,Ordinaria,Castilla-La Mancha,https://www.uclm.es/-/media/Files/A04-Gestion-Academica/PDFEstudiantes/PDFEvAU/ModelosPruebas2324/Lengua-Castellana-y-Literatura.ashx?la=es,si
Lengua Castellana y Literatura,2025,Ordinaria,Castilla-La Mancha,https://www.uclm.es/-/media/Files/A04-Gestion-Academica/PDFEstudiantes/PDFEvAU/ModelosPruebas2425/LENGUA-CASTELLANA-Y-Literatura.ashx?la=es,si
Lengua Castellana y Literatura,0,Extraordinaria,Castilla-La Mancha,https://www.uclm.es/-/media/Files/A04-Gestion-Academica/PDFEstudiantes/PDFEvAU/ModelosPruebas2425/EXTRAORDINARIA/LENGUA-CASTELLANA-Y-LITERATURA-II.ashx?la=es,si
Lengua Castellana y Literatura,0,Extraordinaria,Castilla-La Mancha,https://www.uclm.es/-/media/Files/A04-Gestion-Academica/PDFEstudiantes/PDFEvAU/ModelosPruebas2324/Extraordinaria/LENGUA-CASTELLANA-Y-LITERATURA-II.ashx?la=es,si
Lengua Castellana y Literatura,0,Extraordinaria,Castilla-La Mancha,https://www.uclm.es/-/media/Files/A04-Gestion-Academica/PDFEstudiantes/PDFEvAU/ModelosPruebas2223/ConvocatoriaExtraordinaria/Lengua-Extra.ashx?la=es,si
Lengua Castellana y Literatura,0,Extraordinaria,Castilla-La Mancha,https://www.uclm.es/-/media/Files/A04-Gestion-Academica/PDFEstudiantes/PDFEvAU/ModelosPruebas2122/CONVOCATORIA-EXTRAORDINARIA/Lengua-Castellan-y-Literatura.ashx?la=es,si
Lengua Castellana y Literatura,0,Ordinaria,Castilla-La Mancha,https://www.uclm.es/-/media/Files/A04-Gestion-Academica/PDFEstudiantes/PDFEvAU/ModelosPruebas2223/ConvocatoriaOrdinaria/Lengua-castellana-y-literatura-Ordinaria-2023.ashx?la=es,si
Literatura Dramática,2015,Extraordinaria,Castilla-La Mancha,https://www.uclm.es/-/media/Files/A04-Gestion-Academica/PAEG_Historico/Modelos_examen/2014_2015/literatura_sep.ashx?la=es,si
Literatura Dramática,2015,Ordinaria,Castilla-La Mancha,https://www.uclm.es/-/media/Files/A04-Gestion-Academica/PAEG_Historico/Modelos_examen/2014_2015/literatura_jun.ashx?la=es,si
Literatura Dramática,2016,Extraordinaria,Castilla-La Mancha,https://www.uclm.es/-/media/Files/A04-Gestion-Academica/PAEG_Historico/Modelos_examen/2015_2016/literatura_sep.ashx?la=es,si
Literatura Dramática,2016,Ordinaria,Castilla-La Mancha,https://www.uclm.es/-/media/Files/A04-Gestion-Academica/PAEG_Historico/Modelos_examen/2015_2016/literatura_jun.ashx?la=es,si
Literatura Dramática,2024,Ordinaria,Castilla-La Mancha,https://www.uclm.es/-/media/Files/A04-Gestion-Academica/PDFEstudiantes/PDFEvAU/ModelosPruebas2324/LITERATURA-DRAMATICA.ashx?la=es,si
Literatura Dramática,2025,Ordinaria,Castilla-La Mancha,https://www.uclm.es/-/media/Files/A04-Gestion-Academica/PDFEstudiantes/PDFEvAU/ModelosPruebas2425/LITERATURA-DRAMATICA.ashx?la=es,si
Literatura Dramática,0,Extraordinaria,Castilla-La Mancha,https://www.uclm.es/-/media/Files/A04-Gestion-Academica/PDFEstudiantes/PDFEvAU/ModelosPruebas2324/Extraordinaria/LITERATURA-DRAMATICA.ashx?la=es,si
Matemáticas Aplicadas a las Ciencias Sociales II,2017,Extraordinaria,Castilla-La Mancha,https://www.uclm.es/-/media/Files/A04-Gestion-Academica/PDFEstudiantes/PDFEvAU/ModelosPruebas1617/MACS-4-EvAU-2017---sept.ashx?la=es,si
Matemáticas Aplicadas a las Ciencias Sociales II,2017,Ordinaria,Castilla-La Mancha,https://www.uclm.es/-/media/Files/A04-Gestion-Academica/PDFEstudiantes/PDFEvAU/ModelosPruebas1617/MACS-2017.ashx?la=es,si
Matemáticas Aplicadas a las Ciencias Sociales II,2020,Extraordinaria,Castilla-La Mancha,https://www.uclm.es/-/media/Files/A04-Gestion-Academica/PDFEstudiantes/PDFEvAU/ModelosPruebas1920/MACS_EVAU--(2).ashx?la=es,si
Matemáticas Aplicadas a las Ciencias Sociales II,2020,Extraordinaria,Castilla-La Mancha,https://www.uclm.es/-/media/Files/A04-Gestion-Academica/PDFEstudiantes/PDFEvAU/ModelosPruebas1920/MACS-septiembre_2020.ashx?la=es,si
Matemáticas II,2015,Extraordinaria,Castilla-La Mancha,https://www.uclm.es/-/media/Files/A04-Gestion-Academica/PAEG_Historico/Modelos_examen/2014_2015/matematicasCCSS_sep.ashx?la=es,si
Matemáticas II,2015,Extraordinaria,Castilla-La Mancha,https://www.uclm.es/-/media/Files/A04-Gestion-Academica/PAEG_Historico/Modelos_examen/2014_2015/matematicas_sep.ashx?la=es,si
Matemáticas II,2015,Ordinaria,Castilla-La Mancha,https://www.uclm.es/-/media/Files/A04-Gestion-Academica/PAEG_Historico/Modelos_examen/2014_2015/matematicasCCSS_jun.ashx?la=es,si
Matemáticas II,2015,Ordinaria,Castilla-La Mancha,https://www.uclm.es/-/media/Files/A04-Gestion-Academica/PAEG_Historico/Modelos_examen/2014_2015/matematicas_jun.ashx?la=es,si
Matemáticas II,2016,Extraordinaria,Castilla-La Mancha,https://www.uclm.es/-/media/Files/A04-Gestion-Academica/PAEG_Historico/Modelos_examen/2015_2016/matematicasCCSS_sep.ashx?la=es,si
Matemáticas II,2016,Extraordinaria,Castilla-La Mancha,https://www.uclm.es/-/media/Files/A04-Gestion-Academica/PAEG_Historico/Modelos_examen/2015_2016/matematicas_sep.ashx?la=es,si
Matemáticas II,2016,Ordinaria,Castilla-La Mancha,https://www.uclm.es/-/media/Files/A04-Gestion-Academica/PAEG_Historico/Modelos_examen/2015_2016/matematicasCCSS_jun.ashx?la=es,si
Matemáticas II,2016,Ordinaria,Castilla-La Mancha,https://www.uclm.es/-/media/Files/A04-Gestion-Academica/PAEG_Historico/Modelos_examen/2015_2016/matematicas_jun.ashx?la=es,si
Matemáticas II,2017,Extraordinaria,Castilla-La Mancha,https://www.uclm.es/-/media/Files/A04-Gestion-Academica/PDFEstudiantes/PDFEvAU/ModelosPruebas1617/Matemticas-II-p3_EvAU_2017-sept.ashx?la=es,si
Matemáticas II,2017,Ordinaria,Castilla-La Mancha,https://www.uclm.es/-/media/Files/A04-Gestion-Academica/PDFEstudiantes/PDFEvAU/ModelosPruebas1617/Matemticas-II-p2-2017.ashx?la=es,si
Matemáticas II,2018,Extraordinaria,Castilla-La Mancha,https://www.uclm.es/-/media/Files/A04-Gestion-Academica/PDFEstudiantes/PDFEvAU/ModelosPruebas1718/Matematicas-Aplic-CCSS-julio-2018.ashx?la=es,si
Matemáticas II,2018,Extraordinaria,Castilla-La Mancha,https://www.uclm.es/-/media/Files/A04-Gestion-Academica/PDFEstudiantes/PDFEvAU/ModelosPruebas1718/Matematicas-II-julio-2018.ashx?la=es,si
Matemáticas II,2018,Ordinaria,Castilla-La Mancha,https://www.uclm.es/-/media/Files/A04-Gestion-Academica/PDFEstudiantes/PDFEvAU/ModelosPruebas1718/Matematicas-Aplicadas-CCSS.ashx?la=es,si
Matemáticas II,2018,Ordinaria,Castilla-La Mancha,https://www.uclm.es/-/media/Files/A04-Gestion-Academica/PDFEstudiantes/PDFEvAU/ModelosPruebas1718/Matematicas-II.ashx?la=es,si
Matemáticas II,2019,Extraordinaria,Castilla-La Mancha,https://www.uclm.es/-/media/Files/A04-Gestion-Academica/PDFEstudiantes/PDFEvAU/ModelosPruebas1819/MATEMATICAS-CCIAS-SOCJulio.ashx?la=es,si
Matemáticas II,2019,Extraordinaria,Castilla-La Mancha,https://www.uclm.es/-/media/Files/A04-Gestion-Academica/PDFEstudiantes/PDFEvAU/ModelosPruebas1819/MATEMATICAS-Julio.ashx?la=es,si
Matemáticas II,2019,Ordinaria,Castilla-La Mancha,https://www.uclm.es/-/media/Files/A04-Gestion-Academica/PDFEstudiantes/PDFEvAU/ModelosPruebas1819/Matematicas-CC-SS.ashx?la=es,si
Matemáticas II,2019,Ordinaria,Castilla-La Mancha,https://www.uclm.es/-/media/Files/A04-Gestion-Academica/PDFEstudiantes/PDFEvAU/ModelosPruebas1819/Matematicas-II.ashx?la=es,si
Matemáticas II,2020,Extraordinaria,Castilla-La Mancha,https://www.uclm.es/-/media/Files/A04-Gestion-Academica/PDFEstudiantes/PDFEvAU/ModelosPruebas1920/MatematicasII_P2.ashx?la=es,si
Matemáticas II,2020,Extraordinaria,Castilla-La Mancha,https://www.uclm.es/-/media/Files/A04-Gestion-Academica/PDFEstudiantes/PDFEvAU/ModelosPruebas1920/Matematicas-II_septiembre_2020.ashx?la=es,si
Matemáticas II,2021,Extraordinaria,Castilla-La Mancha,https://www.uclm.es/-/media/Files/A04-Gestion-Academica/PDFEstudiantes/PDFEvAU/ModelosPruebas2021/Matematicas-CCSS-EVAU-julio-2021.ashx?la=es,si
Matemáticas II,2021,Extraordinaria,Castilla-La Mancha,https://www.uclm.es/-/media/Files/A04-Gestion-Academica/PDFEstudiantes/PDFEvAU/ModelosPruebas2021/Matematicas-II-EVAU-julio-2021.ashx?la=es,si
Matemáticas II,2021,Ordinaria,Castilla-La Mancha,https://www.uclm.es/-/media/Files/A04-Gestion-Academica/PDFEstudiantes/PDFEvAU/ModelosPruebas2021/Matematicas-CCSS-junio-2021.ashx?la=es,si
Matemáticas II,2021,Ordinaria,Castilla-La Mancha,https://www.uclm.es/-/media/Files/A04-Gestion-Academica/PDFEstudiantes/PDFEvAU/ModelosPruebas2021/Matematicas-II-junio-2021.ashx?la=es,si
Matemáticas II,2022,Ordinaria,Castilla-La Mancha,https://www.uclm.es/-/media/Files/A04-Gestion-Academica/PDFEstudiantes/PDFEvAU/ModelosPruebas2122/Matematicas-CCSS-2022.ashx?la=es,si
Matemáticas II,2022,Ordinaria,Castilla-La Mancha,https://www.uclm.es/-/media/Files/A04-Gestion-Academica/PDFEstudiantes/PDFEvAU/ModelosPruebas2122/MatematicasII-2022.ashx?la=es,si
Matemáticas II,2024,Ordinaria,Castilla-La Mancha,https://www.uclm.es/-/media/Files/A04-Gestion-Academica/PDFEstudiantes/PDFEvAU/ModelosPruebas2324/Matematicas-CCSS.ashx?la=es,si
Matemáticas II,2024,Ordinaria,Castilla-La Mancha,https://www.uclm.es/-/media/Files/A04-Gestion-Academica/PDFEstudiantes/PDFEvAU/ModelosPruebas2324/Matematicas-II.ashx?la=es,si
Matemáticas II,2025,Ordinaria,Castilla-La Mancha,https://www.uclm.es/-/media/Files/A04-Gestion-Academica/PDFEstudiantes/PDFEvAU/ModelosPruebas2425/Matem_aplic_CCSS_.ashx?la=es,si
Matemáticas II,2025,Ordinaria,Castilla-La Mancha,https://www.uclm.es/-/media/Files/A04-Gestion-Academica/PDFEstudiantes/PDFEvAU/ModelosPruebas2425/MATEMATICAS-II.ashx?la=es,si
Matemáticas II,0,Extraordinaria,Castilla-La Mancha,https://www.uclm.es/-/media/Files/A04-Gestion-Academica/PDFEstudiantes/PDFEvAU/ModelosPruebas2425/EXTRAORDINARIA/Matem_aplic_CCSS.ashx?la=es,si
Matemáticas II,0,Extraordinaria,Castilla-La Mancha,https://www.uclm.es/-/media/Files/A04-Gestion-Academica/PDFEstudiantes/PDFEvAU/ModelosPruebas2425/EXTRAORDINARIA/MATEMATICAS-II.ashx?la=es,si
Matemáticas II,0,Extraordinaria,Castilla-La Mancha,https://www.uclm.es/-/media/Files/A04-Gestion-Academica/PDFEstudiantes/PDFEvAU/ModelosPruebas2324/Extraordinaria/MATEMATICAS-APLICADAS-CCSS.ashx?la=es,si
Matemáticas II,0,Extraordinaria,Castilla-La Mancha,https://www.uclm.es/-/media/Files/A04-Gestion-Academica/PDFEstudiantes/PDFEvAU/ModelosPruebas2324/Extraordinaria/MATEMATICAS-II.ashx?la=es,si
Matemáticas II,0,Extraordinaria,Castilla-La Mancha,https://www.uclm.es/-/media/Files/A04-Gestion-Academica/PDFEstudiantes/PDFEvAU/ModelosPruebas2223/ConvocatoriaExtraordinaria/Matematicas-aplicadas-CCSS-Extraordinaria.ashx?la=es,si
Matemáticas II,0,Extraordinaria,Castilla-La Mancha,https://www.uclm.es/-/media/Files/A04-Gestion-Academica/PDFEstudiantes/PDFEvAU/ModelosPruebas2223/ConvocatoriaExtraordinaria/Matematicas-II-Extra.ashx?la=es,si
Matemáticas II,0,Extraordinaria,Castilla-La Mancha,https://www.uclm.es/-/media/Files/A04-Gestion-Academica/PDFEstudiantes/PDFEvAU/ModelosPruebas2122/CONVOCATORIA-EXTRAORDINARIA/Matematicas-aplicadas-CCSS.ashx?la=es,si
Matemáticas II,0,Extraordinaria,Castilla-La Mancha,https://www.uclm.es/-/media/Files/A04-Gestion-Academica/PDFEstudiantes/PDFEvAU/ModelosPruebas2122/CONVOCATORIA-EXTRAORDINARIA/Matematicas-II.ashx?la=es,si
Matemáticas II,0,Ordinaria,Castilla-La Mancha,https://www.uclm.es/-/media/Files/A04-Gestion-Academica/PDFEstudiantes/PDFEvAU/ModelosPruebas2223/ConvocatoriaOrdinaria/Matematicas-CCSS-Ordinaria-2023.ashx?la=es,si
Matemáticas II,0,Ordinaria,Castilla-La Mancha,https://www.uclm.es/-/media/Files/A04-Gestion-Academica/PDFEstudiantes/PDFEvAU/ModelosPruebas2223/ConvocatoriaOrdinaria/Matematicas-II-ordinaria-2023.ashx?la=es,si
Movimientos Culturales y Artísticos,2024,Ordinaria,Castilla-La Mancha,https://www.uclm.es/-/media/Files/A04-Gestion-Academica/PDFEstudiantes/PDFEvAU/ModelosPruebas2324/Movimientos-culturales.ashx?la=es,si
Movimientos Culturales y Artísticos,2025,Ordinaria,Castilla-La Mancha,https://www.uclm.es/-/media/Files/A04-Gestion-Academica/PDFEstudiantes/PDFEvAU/ModelosPruebas2425/MOV-CULTURALES-Y-ARTISTICOS.ashx?la=es,si
Movimientos Culturales y Artísticos,0,Extraordinaria,Castilla-La Mancha,https://www.uclm.es/-/media/Files/A04-Gestion-Academica/PDFEstudiantes/PDFEvAU/ModelosPruebas2425/EXTRAORDINARIA/MOV-CULTURALES-Y-ARTISTICOS.ashx?la=es,si
Movimientos Culturales y Artísticos,0,Extraordinaria,Castilla-La Mancha,https://www.uclm.es/-/media/Files/A04-Gestion-Academica/PDFEstudiantes/PDFEvAU/ModelosPruebas2324/Extraordinaria/MOVIMIENTOS-CULTURALES-Y-ARTISTICOS.ashx?la=es,si
Portugués,2016,Extraordinaria,Castilla-La Mancha,https://www.uclm.es/-/media/Files/A04-Gestion-Academica/PAEG_Historico/Modelos_examen/2015_2016/portugues_sep.ashx?la=es,si
Química,2015,Extraordinaria,Castilla-La Mancha,https://www.uclm.es/-/media/Files/A04-Gestion-Academica/PAEG_Historico/Modelos_examen/2014_2015/quimica_sep.ashx?la=es,si
Química,2015,Ordinaria,Castilla-La Mancha,https://www.uclm.es/-/media/Files/A04-Gestion-Academica/PAEG_Historico/Modelos_examen/2014_2015/quimica_jun.ashx?la=es,si
Química,2016,Extraordinaria,Castilla-La Mancha,https://www.uclm.es/-/media/Files/A04-Gestion-Academica/PAEG_Historico/Modelos_examen/2015_2016/quimica_sep.ashx?la=es,si
Química,2016,Ordinaria,Castilla-La Mancha,https://www.uclm.es/-/media/Files/A04-Gestion-Academica/PAEG_Historico/Modelos_examen/2015_2016/quimica_jun.ashx?la=es,si
Química,2017,Extraordinaria,Castilla-La Mancha,https://www.uclm.es/-/media/Files/A04-Gestion-Academica/PDFEstudiantes/PDFEvAU/ModelosPruebas1617/Qumica-EvAU-2017_4_UV---sept.ashx?la=es,si
Química,2017,Ordinaria,Castilla-La Mancha,https://www.uclm.es/-/media/Files/A04-Gestion-Academica/PDFEstudiantes/PDFEvAU/ModelosPruebas1617/Qumica-3-2017.ashx?la=es,si
Química,2018,Extraordinaria,Castilla-La Mancha,https://www.uclm.es/-/media/Files/A04-Gestion-Academica/PDFEstudiantes/PDFEvAU/ModelosPruebas1718/Quimica-julio-2018.ashx?la=es,si
Química,2018,Ordinaria,Castilla-La Mancha,https://www.uclm.es/-/media/Files/A04-Gestion-Academica/PDFEstudiantes/PDFEvAU/ModelosPruebas1718/Quimica.ashx?la=es,si
Química,2019,Extraordinaria,Castilla-La Mancha,https://www.uclm.es/-/media/Files/A04-Gestion-Academica/PDFEstudiantes/PDFEvAU/ModelosPruebas1819/QUIMICA-Julio.ashx?la=es,si
Química,2019,Ordinaria,Castilla-La Mancha,https://www.uclm.es/-/media/Files/A04-Gestion-Academica/PDFEstudiantes/PDFEvAU/ModelosPruebas1819/Quimica.ashx?la=es,si
Química,2020,Extraordinaria,Castilla-La Mancha,https://www.uclm.es/-/media/Files/A04-Gestion-Academica/PDFEstudiantes/PDFEvAU/ModelosPruebas1920/Quimica2020Modelo2.ashx?la=es,si
Química,2020,Extraordinaria,Castilla-La Mancha,https://www.uclm.es/-/media/Files/A04-Gestion-Academica/PDFEstudiantes/PDFEvAU/ModelosPruebas1920/Quimica-septiembre_2020.ashx?la=es,si
Química,2021,Extraordinaria,Castilla-La Mancha,https://www.uclm.es/-/media/Files/A04-Gestion-Academica/PDFEstudiantes/PDFEvAU/ModelosPruebas2021/QUIMICA-EVAU-julio-2021.ashx?la=es,si
Química,2021,Ordinaria,Castilla-La Mancha,https://www.uclm.es/-/media/Files/A04-Gestion-Academica/PDFEstudiantes/PDFEvAU/ModelosPruebas2021/Quimica-junio-2021.ashx?la=es,si
Química,2022,Ordinaria,Castilla-La Mancha,https://www.uclm.es/-/media/Files/A04-Gestion-Academica/PDFEstudiantes/PDFEvAU/ModelosPruebas2122/Quimica-2022.ashx?la=es,si
Química,2024,Ordinaria,Castilla-La Mancha,https://www.uclm.es/-/media/Files/A04-Gestion-Academica/PDFEstudiantes/PDFEvAU/ModelosPruebas2324/Quimica.ashx?la=es,si
Química,2025,Ordinaria,Castilla-La Mancha,https://www.uclm.es/-/media/Files/A04-Gestion-Academica/PDFEstudiantes/PDFEvAU/ModelosPruebas2425/QUIMICA.ashx?la=es,si
Química,0,Extraordinaria,Castilla-La Mancha,https://www.uclm.es/-/media/Files/A04-Gestion-Academica/PDFEstudiantes/PDFEvAU/ModelosPruebas2425/EXTRAORDINARIA/QUIMICA.ashx?la=es,si
Química,0,Extraordinaria,Castilla-La Mancha,https://www.uclm.es/-/media/Files/A04-Gestion-Academica/PDFEstudiantes/PDFEvAU/ModelosPruebas2324/Extraordinaria/QUIMICA.ashx?la=es,si
Química,0,Extraordinaria,Castilla-La Mancha,https://www.uclm.es/-/media/Files/A04-Gestion-Academica/PDFEstudiantes/PDFEvAU/ModelosPruebas2223/ConvocatoriaExtraordinaria/Quimica-Extraordinaria.ashx?la=es,si
Química,0,Extraordinaria,Castilla-La Mancha,https://www.uclm.es/-/media/Files/A04-Gestion-Academica/PDFEstudiantes/PDFEvAU/ModelosPruebas2122/CONVOCATORIA-EXTRAORDINARIA/QUIMICA.ashx?la=es,si
Química,0,Ordinaria,Castilla-La Mancha,https://www.uclm.es/-/media/Files/A04-Gestion-Academica/PDFEstudiantes/PDFEvAU/ModelosPruebas2223/ConvocatoriaOrdinaria/Quimica-Ordinaria-2023.ashx?la=es,si
Tecnología e Ingeniería II,2015,Extraordinaria,Castilla-La Mancha,https://www.uclm.es/-/media/Files/A04-Gestion-Academica/PAEG_Historico/Modelos_examen/2014_2015/tecnologia_sep.ashx?la=es,si
Tecnología e Ingeniería II,2015,Ordinaria,Castilla-La Mancha,https://www.uclm.es/-/media/Files/A04-Gestion-Academica/PAEG_Historico/Modelos_examen/2014_2015/tecnologia_jun.ashx?la=es,si
Tecnología e Ingeniería II,2016,Extraordinaria,Castilla-La Mancha,https://www.uclm.es/-/media/Files/A04-Gestion-Academica/PAEG_Historico/Modelos_examen/2015_2016/tecnologia_sep.ashx?la=es,si
Tecnología e Ingeniería II,2016,Ordinaria,Castilla-La Mancha,https://www.uclm.es/-/media/Files/A04-Gestion-Academica/PAEG_Historico/Modelos_examen/2015_2016/tecnologia_jun.ashx?la=es,si
Tecnología e Ingeniería II,2024,Ordinaria,Castilla-La Mancha,https://www.uclm.es/-/media/Files/A04-Gestion-Academica/PDFEstudiantes/PDFEvAU/ModelosPruebas2324/Tecnologia-e-Ingenieria.ashx?la=es,si
Tecnología e Ingeniería II,2025,Ordinaria,Castilla-La Mancha,https://www.uclm.es/-/media/Files/A04-Gestion-Academica/PDFEstudiantes/PDFEvAU/ModelosPruebas2425/TECNOLOGIA-e-IINGENIERIA.ashx?la=es,si
Tecnología e Ingeniería II,0,Extraordinaria,Castilla-La Mancha,https://www.uclm.es/-/media/Files/A04-Gestion-Academica/PDFEstudiantes/PDFEvAU/ModelosPruebas2425/EXTRAORDINARIA/TECNOLOGIA-e-Ing.ashx?la=es,si
Tecnología e Ingeniería II,0,Extraordinaria,Castilla-La Mancha,https://www.uclm.es/-/media/Files/A04-Gestion-Academica/PDFEstudiantes/PDFEvAU/ModelosPruebas2324/Extraordinaria/TECNOLOGIA-E-INGENIERIA.ashx?la=es,si
Técnicas de Expresión Gráfico-Plástica,2015,Extraordinaria,Castilla-La Mancha,https://www.uclm.es/-/media/Files/A04-Gestion-Academica/PAEG_Historico/Modelos_examen/2014_2015/tecnicasExpresion_sep.ashx?la=es,si
Técnicas de Expresión Gráfico-Plástica,2015,Ordinaria,Castilla-La Mancha,https://www.uclm.es/-/media/Files/A04-Gestion-Academica/PAEG_Historico/Modelos_examen/2014_2015/tecnicasExpresion_jun.ashx?la=es,si
Técnicas de Expresión Gráfico-Plástica,2016,Extraordinaria,Castilla-La Mancha,https://www.uclm.es/-/media/Files/A04-Gestion-Academica/PAEG_Historico/Modelos_examen/2015_2016/tecnicasExpresion_sep.ashx?la=es,si
Técnicas de Expresión Gráfico-Plástica,2016,Ordinaria,Castilla-La Mancha,https://www.uclm.es/-/media/Files/A04-Gestion-Academica/PAEG_Historico/Modelos_examen/2015_2016/tecnicasExpresion_jun.ashx?la=es,si
Técnicas de Expresión Gráfico-Plástica,2024,Ordinaria,Castilla-La Mancha,https://www.uclm.es/-/media/Files/A04-Gestion-Academica/PDFEstudiantes/PDFEvAU/ModelosPruebas2324/Tecnicas-de-Expresion-Grafico-Plastica.ashx?la=es,si
Técnicas de Expresión Gráfico-Plástica,2025,Ordinaria,Castilla-La Mancha,https://www.uclm.es/-/media/Files/A04-Gestion-Academica/PDFEstudiantes/PDFEvAU/ModelosPruebas2425/Tecnicas-de-expresion-grafico-plasticas.ashx?la=es,si
Técnicas de Expresión Gráfico-Plástica,0,Extraordinaria,Castilla-La Mancha,https://www.uclm.es/-/media/Files/A04-Gestion-Academica/PDFEstudiantes/PDFEvAU/ModelosPruebas2425/EXTRAORDINARIA/Tecnicas-de-expresion-grafico-plasticas.ashx?la=es,si
Técnicas de Expresión Gráfico-Plástica,0,Extraordinaria,Castilla-La Mancha,https://www.uclm.es/-/media/Files/A04-Gestion-Academica/PDFEstudiantes/PDFEvAU/ModelosPruebas2324/Extraordinaria/TECNICAS-DE-EXPRESION-GRAFICO-PLASTICA.ashx?la=es,si
Alemán,2023,Extraordinaria,Cataluña,https://universitats.gencat.cat/web/.content/06_pau/models-examen-anys-anteriors/examens-2023/alemany/ext/pau_alem23sl.pdf,si
Alemán,2023,Extraordinaria,Cataluña,https://universitats.gencat.cat/web/.content/06_pau/models-examen-anys-anteriors/examens-2023/alemany/ext/pau_alem23sp.pdf,si
Alemán,2023,Ordinaria,Cataluña,https://universitats.gencat.cat/web/.content/06_pau/models-examen-anys-anteriors/examens-2023/alemany/ord/pau_alem23jl.pdf,si
Alemán,2023,Ordinaria,Cataluña,https://universitats.gencat.cat/web/.content/06_pau/models-examen-anys-anteriors/examens-2023/alemany/ord/pau_alem23jp.pdf,si
Alemán,2024,Extraordinaria,Cataluña,https://universitats.gencat.cat/web/.content/06_pau/models-examen-anys-anteriors/examens-2024/alemany/ext/pau_alem24sl.pdf,si
Alemán,2024,Ordinaria,Cataluña,https://universitats.gencat.cat/web/.content/06_pau/models-examen-anys-anteriors/examens-2024/alemany/ord/pau_alem24jl.pdf,si
Alemán,2024,Ordinaria,Cataluña,https://universitats.gencat.cat/web/.content/06_pau/models-examen-anys-anteriors/examens-2024/alemany/ord/pau_alem24jl_tei.pdf,si
Alemán,2025,Extraordinaria,Cataluña,https://universitats.gencat.cat/web/.content/06_pau/models-examen-anys-anteriors/examens-2025/alemany/ext/pau_alem25sl.pdf,si
Alemán,2025,Ordinaria,Cataluña,https://universitats.gencat.cat/web/.content/06_pau/models-examen-anys-anteriors/examens-2025/alemany/ord/pau_alem25jl.pdf,si
Alemán,2025,Ordinaria,Cataluña,https://universitats.gencat.cat/web/.content/06_pau/models-examen-anys-anteriors/examens-2025/alemany/ord/pau_alem25jl_tei.pdf,si
Análisis Musical II,2023,Extraordinaria,Cataluña,https://universitats.gencat.cat/web/.content/06_pau/models-examen-anys-anteriors/examens-2023/analisi-musical/ext/pau_amus23sl_es.pdf,si
Análisis Musical II,2023,Extraordinaria,Cataluña,https://universitats.gencat.cat/web/.content/06_pau/models-examen-anys-anteriors/examens-2023/analisi-musical/ext/pau_amus23sp.pdf,si
Análisis Musical II,2023,Ordinaria,Cataluña,https://universitats.gencat.cat/web/.content/06_pau/models-examen-anys-anteriors/examens-2023/analisi-musical/ord/pau_amus23jl_es.pdf,si
Análisis Musical II,2023,Ordinaria,Cataluña,https://universitats.gencat.cat/web/.content/06_pau/models-examen-anys-anteriors/examens-2023/analisi-musical/ord/pau_amus23jp.pdf,si
Análisis Musical II,2024,Extraordinaria,Cataluña,https://universitats.gencat.cat/web/.content/06_pau/models-examen-anys-anteriors/examens-2024/analisi-musical/ext/pau_amus24sl_es.pdf,si
Análisis Musical II,2024,Ordinaria,Cataluña,https://universitats.gencat.cat/web/.content/06_pau/models-examen-anys-anteriors/examens-2024/analisi-musical/ord/pau_amus24jl_es.pdf,si
Análisis Musical II,2024,Ordinaria,Cataluña,https://universitats.gencat.cat/web/.content/06_pau/models-examen-anys-anteriors/examens-2024/analisi-musical/ord/pau_amus24jl_es_tei.pdf,si
Análisis Musical II,2025,Extraordinaria,Cataluña,https://universitats.gencat.cat/web/.content/06_pau/models-examen-anys-anteriors/examens-2025/analisi-musical/ext/pau_amus25sl_es.pdf,si
Análisis Musical II,2025,Ordinaria,Cataluña,https://universitats.gencat.cat/web/.content/06_pau/models-examen-anys-anteriors/examens-2025/analisi-musical/ord/pau_amus25jl_es.pdf,si
Análisis Musical II,2025,Ordinaria,Cataluña,https://universitats.gencat.cat/web/.content/06_pau/models-examen-anys-anteriors/examens-2025/analisi-musical/ord/pau_amus25jl_es_tei.pdf,si
Artes Escénicas,2024,Extraordinaria,Cataluña,https://universitats.gencat.cat/web/.content/06_pau/models-examen-anys-anteriors/examens-2024/arts-esceniques/ext/pau_aesc24sl_es.pdf,si
Artes Escénicas,2024,Ordinaria,Cataluña,https://universitats.gencat.cat/web/.content/06_pau/models-examen-anys-anteriors/examens-2024/arts-esceniques/ord/pau_aesc24jl_es.pdf,si
Artes Escénicas,2024,Ordinaria,Cataluña,https://universitats.gencat.cat/web/.content/06_pau/models-examen-anys-anteriors/examens-2024/arts-esceniques/ord/pau_aesc24jl_es_tei.pdf,si
Artes Escénicas,2025,Extraordinaria,Cataluña,https://universitats.gencat.cat/web/.content/06_pau/models-examen-anys-anteriors/examens-2025/arts-esceniques/ext/pau_aesc25sl_es.pdf,si
Artes Escénicas,2025,Ordinaria,Cataluña,https://universitats.gencat.cat/web/.content/06_pau/models-examen-anys-anteriors/examens-2025/arts-esceniques/ord/pau_aesc25jl_es.pdf,si
Artes Escénicas,2025,Ordinaria,Cataluña,https://universitats.gencat.cat/web/.content/06_pau/models-examen-anys-anteriors/examens-2025/arts-esceniques/ord/pau_aesc25jl_es_tei.pdf,si
Biología,2023,Extraordinaria,Cataluña,https://universitats.gencat.cat/web/.content/06_pau/models-examen-anys-anteriors/examens-2023/biologia/ext/pau_biol23sl_es.pdf,si
Biología,2023,Extraordinaria,Cataluña,https://universitats.gencat.cat/web/.content/06_pau/models-examen-anys-anteriors/examens-2023/biologia/ext/pau_biol23sp.pdf,si
Biología,2023,Ordinaria,Cataluña,https://universitats.gencat.cat/web/.content/06_pau/models-examen-anys-anteriors/examens-2023/biologia/ord/pau_biol23jl_es.pdf,si
Biología,2023,Ordinaria,Cataluña,https://universitats.gencat.cat/web/.content/06_pau/models-examen-anys-anteriors/examens-2023/biologia/ord/pau_biol23jp.pdf,si
Biología,2024,Extraordinaria,Cataluña,https://universitats.gencat.cat/web/.content/06_pau/models-examen-anys-anteriors/examens-2024/biologia/ext/pau_biol24sl_es.pdf,si
Biología,2024,Ordinaria,Cataluña,https://universitats.gencat.cat/web/.content/06_pau/models-examen-anys-anteriors/examens-2024/biologia/ord/pau_biol24jl_es.pdf,si
Biología,2024,Ordinaria,Cataluña,https://universitats.gencat.cat/web/.content/06_pau/models-examen-anys-anteriors/examens-2024/biologia/ord/pau_biol24jl_es_tei.pdf,si
Biología,2025,Extraordinaria,Cataluña,https://universitats.gencat.cat/web/.content/06_pau/models-examen-anys-anteriors/examens-2025/biologia/ext/pau_biol25sl_es.pdf,si
Biología,2025,Ordinaria,Cataluña,https://universitats.gencat.cat/web/.content/06_pau/models-examen-anys-anteriors/examens-2025/biologia/ord/pau_biol25jl_es.pdf,si
Biología,2025,Ordinaria,Cataluña,https://universitats.gencat.cat/web/.content/06_pau/models-examen-anys-anteriors/examens-2025/biologia/ord/pau_biol25jl_es_tei.pdf,si
Ciencias Generales,2024,Extraordinaria,Cataluña,https://universitats.gencat.cat/web/.content/06_pau/models-examen-anys-anteriors/examens-2024/ciencies-generals/ext/pau_cien24sl_es.pdf,si
Ciencias Generales,2024,Ordinaria,Cataluña,https://universitats.gencat.cat/web/.content/06_pau/models-examen-anys-anteriors/examens-2024/ciencies-generals/ord/pau_cien24jl_es.pdf,si
Ciencias Generales,2024,Ordinaria,Cataluña,https://universitats.gencat.cat/web/.content/06_pau/models-examen-anys-anteriors/examens-2024/ciencies-generals/ord/pau_cien24jl_es_tei.pdf,si
Ciencias Generales,2025,Extraordinaria,Cataluña,https://universitats.gencat.cat/web/.content/06_pau/models-examen-anys-anteriors/examens-2025/ciencies-generals/ext/pau_cien25sl_es.pdf,si
Ciencias Generales,2025,Ordinaria,Cataluña,https://universitats.gencat.cat/web/.content/06_pau/models-examen-anys-anteriors/examens-2025/ciencies-generals/ord/pau_cien25jl_es.pdf,si
Ciencias Generales,2025,Ordinaria,Cataluña,https://universitats.gencat.cat/web/.content/06_pau/models-examen-anys-anteriors/examens-2025/ciencies-generals/ord/pau_cien25jl_es_tei.pdf,si
Coro y Técnica Vocal II,2025,Extraordinaria,Cataluña,https://universitats.gencat.cat/web/.content/06_pau/models-examen-anys-anteriors/examens-2025/cor-tecnica-vocal/ext/pau_cortv25sl_es.pdf,si
Coro y Técnica Vocal II,2025,Ordinaria,Cataluña,https://universitats.gencat.cat/web/.content/06_pau/models-examen-anys-anteriors/examens-2025/cor-tecnica-vocal/ord/pau_cortv25jl_es.pdf,si
Coro y Técnica Vocal II,2025,Ordinaria,Cataluña,https://universitats.gencat.cat/web/.content/06_pau/models-examen-anys-anteriors/examens-2025/cor-tecnica-vocal/ord/pau_cortv25jl_es_tei.pdf,si
Dibujo Artístico II,2023,Extraordinaria,Cataluña,https://universitats.gencat.cat/web/.content/06_pau/models-examen-anys-anteriors/examens-2023/dibuix-artistic/ext/pau_diar23sl_es.pdf,si
Dibujo Artístico II,2023,Extraordinaria,Cataluña,https://universitats.gencat.cat/web/.content/06_pau/models-examen-anys-anteriors/examens-2023/dibuix-artistic/ext/pau_diar23sp.pdf,si
Dibujo Artístico II,2023,Ordinaria,Cataluña,https://universitats.gencat.cat/web/.content/06_pau/models-examen-anys-anteriors/examens-2023/dibuix-artistic/ord/pau_diar23jl_es.pdf,si
Dibujo Artístico II,2023,Ordinaria,Cataluña,https://universitats.gencat.cat/web/.content/06_pau/models-examen-anys-anteriors/examens-2023/dibuix-artistic/ord/pau_diar23jp.pdf,si
Dibujo Artístico II,2024,Extraordinaria,Cataluña,https://universitats.gencat.cat/web/.content/06_pau/models-examen-anys-anteriors/examens-2024/dibuix-artistic/ext/pau_diar24sl_es.pdf,si
Dibujo Artístico II,2024,Ordinaria,Cataluña,https://universitats.gencat.cat/web/.content/06_pau/models-examen-anys-anteriors/examens-2024/dibuix-artistic/ord/pau_diar24jl_es.pdf,si
Dibujo Artístico II,2024,Ordinaria,Cataluña,https://universitats.gencat.cat/web/.content/06_pau/models-examen-anys-anteriors/examens-2024/dibuix-artistic/ord/pau_diar24jl_es_tei.pdf,si
Dibujo Artístico II,2025,Extraordinaria,Cataluña,https://universitats.gencat.cat/web/.content/06_pau/models-examen-anys-anteriors/examens-2025/dibuix-artistic/ext/pau_diar25sl_es.pdf,si
Dibujo Artístico II,2025,Ordinaria,Cataluña,https://universitats.gencat.cat/web/.content/06_pau/models-examen-anys-anteriors/examens-2025/dibuix-artistic/ord/pau_diar25jl_es.pdf,si
Dibujo Artístico II,2025,Ordinaria,Cataluña,https://universitats.gencat.cat/web/.content/06_pau/models-examen-anys-anteriors/examens-2025/dibuix-artistic/ord/pau_diar25jl_es_tei.pdf,si
Dibujo Técnico II,2023,Extraordinaria,Cataluña,https://universitats.gencat.cat/web/.content/06_pau/models-examen-anys-anteriors/examens-2023/dibuix-tecnic/ext/pau_dibu23sl_es.pdf,si
Dibujo Técnico II,2023,Extraordinaria,Cataluña,https://universitats.gencat.cat/web/.content/06_pau/models-examen-anys-anteriors/examens-2023/dibuix-tecnic/ext/pau_dibu23sp.pdf,si
Dibujo Técnico II,2023,Ordinaria,Cataluña,https://universitats.gencat.cat/web/.content/06_pau/models-examen-anys-anteriors/examens-2023/dibuix-tecnic/ord/pau_dibu23jl_es.pdf,si
Dibujo Técnico II,2023,Ordinaria,Cataluña,https://universitats.gencat.cat/web/.content/06_pau/models-examen-anys-anteriors/examens-2023/dibuix-tecnic/ord/pau_dibu23jp.pdf,si
Dibujo Técnico II,2024,Extraordinaria,Cataluña,https://universitats.gencat.cat/web/.content/06_pau/models-examen-anys-anteriors/examens-2024/dibuix-tecnic/ext/pau_dibu24sl_es.pdf,si
Dibujo Técnico II,2024,Ordinaria,Cataluña,https://universitats.gencat.cat/web/.content/06_pau/models-examen-anys-anteriors/examens-2024/dibuix-tecnic/ord/pau_dibu24jl_es.pdf,si
Dibujo Técnico II,2024,Ordinaria,Cataluña,https://universitats.gencat.cat/web/.content/06_pau/models-examen-anys-anteriors/examens-2024/dibuix-tecnic/ord/pau_dibu24jl_es_tei.pdf,si
Dibujo Técnico II,2025,Extraordinaria,Cataluña,https://universitats.gencat.cat/web/.content/06_pau/models-examen-anys-anteriors/examens-2025/dibuix-tecnic/ext/pau_dibu25sl_es.pdf,si
Dibujo Técnico II,2025,Ordinaria,Cataluña,https://universitats.gencat.cat/web/.content/06_pau/models-examen-anys-anteriors/examens-2025/dibuix-tecnic/ord/pau_dibu25jl_es.pdf,si
Dibujo Técnico II,2025,Ordinaria,Cataluña,https://universitats.gencat.cat/web/.content/06_pau/models-examen-anys-anteriors/examens-2025/dibuix-tecnic/ord/pau_dibu25jl_es_tei.pdf,si
Diseño,2023,Extraordinaria,Cataluña,https://universitats.gencat.cat/web/.content/06_pau/models-examen-anys-anteriors/examens-2023/disseny/ext/pau_diss23sl_es.pdf,si
Diseño,2023,Extraordinaria,Cataluña,https://universitats.gencat.cat/web/.content/06_pau/models-examen-anys-anteriors/examens-2023/disseny/ext/pau_diss23sp.pdf,si
Diseño,2023,Ordinaria,Cataluña,https://universitats.gencat.cat/web/.content/06_pau/models-examen-anys-anteriors/examens-2023/disseny/ord/pau_diss23jl_es.pdf,si
Diseño,2023,Ordinaria,Cataluña,https://universitats.gencat.cat/web/.content/06_pau/models-examen-anys-anteriors/examens-2023/disseny/ord/pau_diss23jp.pdf,si
Diseño,2024,Extraordinaria,Cataluña,https://universitats.gencat.cat/web/.content/06_pau/models-examen-anys-anteriors/examens-2024/disseny/ext/pau_diss24sl_es.pdf,si
Diseño,2024,Ordinaria,Cataluña,https://universitats.gencat.cat/web/.content/06_pau/models-examen-anys-anteriors/examens-2024/disseny/ord/pau_diss24jl_es.pdf,si
Diseño,2024,Ordinaria,Cataluña,https://universitats.gencat.cat/web/.content/06_pau/models-examen-anys-anteriors/examens-2024/disseny/ord/pau_diss24jl_es_tei.pdf,si
Diseño,2025,Extraordinaria,Cataluña,https://universitats.gencat.cat/web/.content/06_pau/models-examen-anys-anteriors/examens-2025/dibuix-tecnic-aplicat-arts-plastiques-disseny/ext/pau_dtaap25sl_es.pdf,si
Diseño,2025,Extraordinaria,Cataluña,https://universitats.gencat.cat/web/.content/06_pau/models-examen-anys-anteriors/examens-2025/disseny/ext/pau_diss25sl_es.pdf,si
Diseño,2025,Ordinaria,Cataluña,https://universitats.gencat.cat/web/.content/06_pau/models-examen-anys-anteriors/examens-2025/dibuix-tecnic-aplicat-arts-plastiques-disseny/ord/pau_dtaap25jl_es.pdf,si
Diseño,2025,Ordinaria,Cataluña,https://universitats.gencat.cat/web/.content/06_pau/models-examen-anys-anteriors/examens-2025/dibuix-tecnic-aplicat-arts-plastiques-disseny/ord/pau_dtaap25jl_es_tei.pdf,si
Diseño,2025,Ordinaria,Cataluña,https://universitats.gencat.cat/web/.content/06_pau/models-examen-anys-anteriors/examens-2025/disseny/ord/pau_diss25jl_es.pdf,si
Diseño,2025,Ordinaria,Cataluña,https://universitats.gencat.cat/web/.content/06_pau/models-examen-anys-anteriors/examens-2025/disseny/ord/pau_diss25jl_es_tei.pdf,si
Economía de la Empresa,2023,Extraordinaria,Cataluña,https://universitats.gencat.cat/web/.content/06_pau/models-examen-anys-anteriors/examens-2023/economia-empresa/ext/pau_ecem23sl_es.pdf,si
Economía de la Empresa,2023,Extraordinaria,Cataluña,https://universitats.gencat.cat/web/.content/06_pau/models-examen-anys-anteriors/examens-2023/economia-empresa/ext/pau_ecem23sp.pdf,si
Economía de la Empresa,2023,Ordinaria,Cataluña,https://universitats.gencat.cat/web/.content/06_pau/models-examen-anys-anteriors/examens-2023/economia-empresa/ord/pau_ecem23jl_es.pdf,si
Economía de la Empresa,2023,Ordinaria,Cataluña,https://universitats.gencat.cat/web/.content/06_pau/models-examen-anys-anteriors/examens-2023/economia-empresa/ord/pau_ecem23jp.pdf,si
Empresa y Diseño de Modelos de Negocio,2024,Extraordinaria,Cataluña,https://universitats.gencat.cat/web/.content/06_pau/models-examen-anys-anteriors/examens-2024/funcionament-empresa/ext/pau_femp24sl_es.pdf,si
Empresa y Diseño de Modelos de Negocio,2024,Ordinaria,Cataluña,https://universitats.gencat.cat/web/.content/06_pau/models-examen-anys-anteriors/examens-2024/funcionament-empresa/ord/pau_femp24jl_es.pdf,si
Empresa y Diseño de Modelos de Negocio,2024,Ordinaria,Cataluña,https://universitats.gencat.cat/web/.content/06_pau/models-examen-anys-anteriors/examens-2024/funcionament-empresa/ord/pau_femp24jl_es_tei.pdf,si
Empresa y Diseño de Modelos de Negocio,2025,Extraordinaria,Cataluña,https://universitats.gencat.cat/web/.content/06_pau/models-examen-anys-anteriors/examens-2025/funcionament-empresa/ext/pau_femp25sl_es.pdf,si
Empresa y Diseño de Modelos de Negocio,2025,Ordinaria,Cataluña,https://universitats.gencat.cat/web/.content/06_pau/models-examen-anys-anteriors/examens-2025/funcionament-empresa/ord/pau_femp25jl_es.pdf,si
Empresa y Diseño de Modelos de Negocio,2025,Ordinaria,Cataluña,https://universitats.gencat.cat/web/.content/06_pau/models-examen-anys-anteriors/examens-2025/funcionament-empresa/ord/pau_femp25jl_es_tei.pdf,si
Francés,2023,Extraordinaria,Cataluña,https://universitats.gencat.cat/web/.content/06_pau/models-examen-anys-anteriors/examens-2023/frances/ext/pau_fran23sl.pdf,si
Francés,2023,Extraordinaria,Cataluña,https://universitats.gencat.cat/web/.content/06_pau/models-examen-anys-anteriors/examens-2023/frances/ext/pau_fran23sp.pdf,si
Francés,2023,Ordinaria,Cataluña,https://universitats.gencat.cat/web/.content/06_pau/models-examen-anys-anteriors/examens-2023/frances/ord/pau_fran23jl.pdf,si
Francés,2023,Ordinaria,Cataluña,https://universitats.gencat.cat/web/.content/06_pau/models-examen-anys-anteriors/examens-2023/frances/ord/pau_fran23jp.pdf,si
Francés,2024,Extraordinaria,Cataluña,https://universitats.gencat.cat/web/.content/06_pau/models-examen-anys-anteriors/examens-2024/frances/ext/pau_fran24sl.pdf,si
Francés,2024,Ordinaria,Cataluña,https://universitats.gencat.cat/web/.content/06_pau/models-examen-anys-anteriors/examens-2024/frances/ord/pau_fran24jl.pdf,si
Francés,2024,Ordinaria,Cataluña,https://universitats.gencat.cat/web/.content/06_pau/models-examen-anys-anteriors/examens-2024/frances/ord/pau_fran24jl_tei.pdf,si
Francés,2025,Extraordinaria,Cataluña,https://universitats.gencat.cat/web/.content/06_pau/models-examen-anys-anteriors/examens-2025/frances/ext/pau_fran25sl.pdf,si
Francés,2025,Ordinaria,Cataluña,https://universitats.gencat.cat/web/.content/06_pau/models-examen-anys-anteriors/examens-2025/frances/ord/pau_fran25jl.pdf,si
Francés,2025,Ordinaria,Cataluña,https://universitats.gencat.cat/web/.content/06_pau/models-examen-anys-anteriors/examens-2025/frances/ord/pau_fran25jl_tei.pdf,si
Fundamentos Artísticos,2023,Extraordinaria,Cataluña,https://universitats.gencat.cat/web/.content/06_pau/models-examen-anys-anteriors/examens-2023/fonaments-arts/ext/pau_fart23sl_es.pdf,si
Fundamentos Artísticos,2023,Extraordinaria,Cataluña,https://universitats.gencat.cat/web/.content/06_pau/models-examen-anys-anteriors/examens-2023/fonaments-arts/ext/pau_fart23sp.pdf,si
Fundamentos Artísticos,2023,Ordinaria,Cataluña,https://universitats.gencat.cat/web/.content/06_pau/models-examen-anys-anteriors/examens-2023/fonaments-arts/ord/pau_fart23jl_es.pdf,si
Fundamentos Artísticos,2023,Ordinaria,Cataluña,https://universitats.gencat.cat/web/.content/06_pau/models-examen-anys-anteriors/examens-2023/fonaments-arts/ord/pau_fart23jp.pdf,si
Fundamentos Artísticos,2024,Extraordinaria,Cataluña,https://universitats.gencat.cat/web/.content/06_pau/models-examen-anys-anteriors/examens-2024/fonaments-arts/ext/pau_fart24sl_es.pdf,si
Fundamentos Artísticos,2024,Ordinaria,Cataluña,https://universitats.gencat.cat/web/.content/06_pau/models-examen-anys-anteriors/examens-2024/fonaments-arts/ord/pau_fart24jl_es.pdf,si
Fundamentos Artísticos,2024,Ordinaria,Cataluña,https://universitats.gencat.cat/web/.content/06_pau/models-examen-anys-anteriors/examens-2024/fonaments-arts/ord/pau_fart24jl_es_tei.pdf,si
Fundamentos Artísticos,2025,Extraordinaria,Cataluña,https://universitats.gencat.cat/web/.content/06_pau/models-examen-anys-anteriors/examens-2025/fonaments-arts/ext/pau_fart25sl_es.pdf,si
Fundamentos Artísticos,2025,Ordinaria,Cataluña,https://universitats.gencat.cat/web/.content/06_pau/models-examen-anys-anteriors/examens-2025/fonaments-arts/ord/pau_fart25jl_es.pdf,si
Fundamentos Artísticos,2025,Ordinaria,Cataluña,https://universitats.gencat.cat/web/.content/06_pau/models-examen-anys-anteriors/examens-2025/fonaments-arts/ord/pau_fart25jl_es_tei.pdf,si
Física,2023,Extraordinaria,Cataluña,https://universitats.gencat.cat/web/.content/06_pau/models-examen-anys-anteriors/examens-2023/fisica/ext/pau_fisi23sl_es.pdf,si
Física,2023,Extraordinaria,Cataluña,https://universitats.gencat.cat/web/.content/06_pau/models-examen-anys-anteriors/examens-2023/fisica/ext/pau_fisi23sp.pdf,si
Física,2023,Ordinaria,Cataluña,https://universitats.gencat.cat/web/.content/06_pau/models-examen-anys-anteriors/examens-2023/fisica/ord/pau_fisi23jl_es.pdf,si
Física,2023,Ordinaria,Cataluña,https://universitats.gencat.cat/web/.content/06_pau/models-examen-anys-anteriors/examens-2023/fisica/ord/pau_fisi23jp.pdf,si
Física,2024,Extraordinaria,Cataluña,https://universitats.gencat.cat/web/.content/06_pau/models-examen-anys-anteriors/examens-2024/fisica/ext/pau_fisi24sl_es.pdf,si
Física,2024,Ordinaria,Cataluña,https://universitats.gencat.cat/web/.content/06_pau/models-examen-anys-anteriors/examens-2024/fisica/ord/pau_fisi24jl_es.pdf,si
Física,2024,Ordinaria,Cataluña,https://universitats.gencat.cat/web/.content/06_pau/models-examen-anys-anteriors/examens-2024/fisica/ord/pau_fisi24jl_es_tei.pdf,si
Física,2025,Extraordinaria,Cataluña,https://universitats.gencat.cat/web/.content/06_pau/models-examen-anys-anteriors/examens-2025/fisica/ext/pau_fisi25sl_es.pdf,si
Física,2025,Ordinaria,Cataluña,https://universitats.gencat.cat/web/.content/06_pau/models-examen-anys-anteriors/examens-2025/fisica/ord/pau_fisi25jl_es.pdf,si
Física,2025,Ordinaria,Cataluña,https://universitats.gencat.cat/web/.content/06_pau/models-examen-anys-anteriors/examens-2025/fisica/ord/pau_fisi25jl_es_tei.pdf,si
Geografía,2023,Extraordinaria,Cataluña,https://universitats.gencat.cat/web/.content/06_pau/models-examen-anys-anteriors/examens-2023/geografia/ext/pau_geog23sl_es.pdf,si
Geografía,2023,Extraordinaria,Cataluña,https://universitats.gencat.cat/web/.content/06_pau/models-examen-anys-anteriors/examens-2023/geografia/ext/pau_geog23sp.pdf,si
Geografía,2023,Ordinaria,Cataluña,https://universitats.gencat.cat/web/.content/06_pau/models-examen-anys-anteriors/examens-2023/geografia/ord/pau_geog23jl_es.pdf,si
Geografía,2023,Ordinaria,Cataluña,https://universitats.gencat.cat/web/.content/06_pau/models-examen-anys-anteriors/examens-2023/geografia/ord/pau_geog23jp.pdf,si
Geografía,2024,Extraordinaria,Cataluña,https://universitats.gencat.cat/web/.content/06_pau/models-examen-anys-anteriors/examens-2024/geografia/ext/pau_geog24sl_es.pdf,si
Geografía,2024,Ordinaria,Cataluña,https://universitats.gencat.cat/web/.content/06_pau/models-examen-anys-anteriors/examens-2024/geografia/ord/pau_geog24jl_es.pdf,si
Geografía,2024,Ordinaria,Cataluña,https://universitats.gencat.cat/web/.content/06_pau/models-examen-anys-anteriors/examens-2024/geografia/ord/pau_geog24jl_es_tei.pdf,si
Geografía,2025,Extraordinaria,Cataluña,https://universitats.gencat.cat/web/.content/06_pau/models-examen-anys-anteriors/examens-2025/geografia/ext/pau_geog25sl_es.pdf,si
Geografía,2025,Ordinaria,Cataluña,https://universitats.gencat.cat/web/.content/06_pau/models-examen-anys-anteriors/examens-2025/geografia/ord/pau_geog25jl_es.pdf,si
Geografía,2025,Ordinaria,Cataluña,https://universitats.gencat.cat/web/.content/06_pau/models-examen-anys-anteriors/examens-2025/geografia/ord/pau_geog25jl_es_tei.pdf,si
Geología y Ciencias Ambientales,2023,Extraordinaria,Cataluña,https://universitats.gencat.cat/web/.content/06_pau/models-examen-anys-anteriors/examens-2023/cc-terra-medi-ambient/ext/pau_cite23sl_es.pdf,si
Geología y Ciencias Ambientales,2023,Extraordinaria,Cataluña,https://universitats.gencat.cat/web/.content/06_pau/models-examen-anys-anteriors/examens-2023/cc-terra-medi-ambient/ext/pau_cite23sp.pdf,si
Geología y Ciencias Ambientales,2023,Ordinaria,Cataluña,https://universitats.gencat.cat/web/.content/06_pau/models-examen-anys-anteriors/examens-2023/cc-terra-medi-ambient/ord/pau_cite23jl_es.pdf,si
Geología y Ciencias Ambientales,2023,Ordinaria,Cataluña,https://universitats.gencat.cat/web/.content/06_pau/models-examen-anys-anteriors/examens-2023/cc-terra-medi-ambient/ord/pau_cite23jp.pdf,si
Geología y Ciencias Ambientales,2024,Extraordinaria,Cataluña,https://universitats.gencat.cat/web/.content/06_pau/models-examen-anys-anteriors/examens-2024/geologia-cc-ambientals/ext/pau_geol24sl_es.pdf,si
Geología y Ciencias Ambientales,2024,Ordinaria,Cataluña,https://universitats.gencat.cat/web/.content/06_pau/models-examen-anys-anteriors/examens-2024/geologia-cc-ambientals/ord/pau_geol24jl_es.pdf,si
Geología y Ciencias Ambientales,2024,Ordinaria,Cataluña,https://universitats.gencat.cat/web/.content/06_pau/models-examen-anys-anteriors/examens-2024/geologia-cc-ambientals/ord/pau_geol24jl_es_tei.pdf,si
Geología y Ciencias Ambientales,2025,Extraordinaria,Cataluña,https://universitats.gencat.cat/web/.content/06_pau/models-examen-anys-anteriors/examens-2025/geologia-cc-ambientals/ext/pau_geol25sl_es.pdf,si
Geología y Ciencias Ambientales,2025,Ordinaria,Cataluña,https://universitats.gencat.cat/web/.content/06_pau/models-examen-anys-anteriors/examens-2025/geologia-cc-ambientals/ord/pau_geol25jl_es.pdf,si
Geología y Ciencias Ambientales,2025,Ordinaria,Cataluña,https://universitats.gencat.cat/web/.content/06_pau/models-examen-anys-anteriors/examens-2025/geologia-cc-ambientals/ord/pau_geol25jl_es_tei.pdf,si
Griego II,2023,Extraordinaria,Cataluña,https://universitats.gencat.cat/web/.content/06_pau/models-examen-anys-anteriors/examens-2023/grec/ext/pau_grec23sl_es.pdf,si
Griego II,2023,Extraordinaria,Cataluña,https://universitats.gencat.cat/web/.content/06_pau/models-examen-anys-anteriors/examens-2023/grec/ext/pau_grec23sp.pdf,si
Griego II,2023,Ordinaria,Cataluña,https://universitats.gencat.cat/web/.content/06_pau/models-examen-anys-anteriors/examens-2023/grec/ord/pau_grec23jl_es.pdf,si
Griego II,2023,Ordinaria,Cataluña,https://universitats.gencat.cat/web/.content/06_pau/models-examen-anys-anteriors/examens-2023/grec/ord/pau_grec23jp.pdf,si
Griego II,2024,Extraordinaria,Cataluña,https://universitats.gencat.cat/web/.content/06_pau/models-examen-anys-anteriors/examens-2024/grec/ext/pau_grec24sl_es.pdf,si
Griego II,2024,Ordinaria,Cataluña,https://universitats.gencat.cat/web/.content/06_pau/models-examen-anys-anteriors/examens-2024/grec/ord/pau_grec24jl_es.pdf,si
Griego II,2024,Ordinaria,Cataluña,https://universitats.gencat.cat/web/.content/06_pau/models-examen-anys-anteriors/examens-2024/grec/ord/pau_grec24jl_es_tei.pdf,si
Griego II,2025,Extraordinaria,Cataluña,https://universitats.gencat.cat/web/.content/06_pau/models-examen-anys-anteriors/examens-2025/grec/ext/pau_grec25sl_es.pdf,si
Griego II,2025,Ordinaria,Cataluña,https://universitats.gencat.cat/web/.content/06_pau/models-examen-anys-anteriors/examens-2025/grec/ord/pau_grec25jl_es.pdf,si
Griego II,2025,Ordinaria,Cataluña,https://universitats.gencat.cat/web/.content/06_pau/models-examen-anys-anteriors/examens-2025/grec/ord/pau_grec25jl_es_tei.pdf,si
Historia de España,2023,Extraordinaria,Cataluña,https://universitats.gencat.cat/web/.content/06_pau/models-examen-anys-anteriors/examens-2023/historia/ext/pau_hist23sl_oc.pdf,si
Historia de España,2023,Extraordinaria,Cataluña,https://universitats.gencat.cat/web/.content/06_pau/models-examen-anys-anteriors/examens-2023/historia/ext/pau_hist23sl_es.pdf,si
Historia de España,2023,Extraordinaria,Cataluña,https://universitats.gencat.cat/web/.content/06_pau/models-examen-anys-anteriors/examens-2023/historia/ext/pau_hist23sp.pdf,si
Historia de España,2023,Extraordinaria,Cataluña,https://universitats.gencat.cat/web/.content/06_pau/models-examen-anys-anteriors/examens-2023/historia-filosofia/ext/pau_hfil23sl_es.pdf,si
Historia de España,2023,Extraordinaria,Cataluña,https://universitats.gencat.cat/web/.content/06_pau/models-examen-anys-anteriors/examens-2023/historia-art/ext/pau_hart23sl_es.pdf,si
Historia de España,2023,Ordinaria,Cataluña,https://universitats.gencat.cat/web/.content/06_pau/models-examen-anys-anteriors/examens-2023/historia/ord/pau_hist23jl_oc.pdf,si
Historia de España,2023,Ordinaria,Cataluña,https://universitats.gencat.cat/web/.content/06_pau/models-examen-anys-anteriors/examens-2023/historia/ord/pau_hist23jl_es.pdf,si
Historia de España,2023,Ordinaria,Cataluña,https://universitats.gencat.cat/web/.content/06_pau/models-examen-anys-anteriors/examens-2023/historia/ord/pau_hist23jp.pdf,si
Historia de España,2023,Ordinaria,Cataluña,https://universitats.gencat.cat/web/.content/06_pau/models-examen-anys-anteriors/examens-2023/historia-filosofia/ord/pau_hfil23jl_es.pdf,si
Historia de España,2023,Ordinaria,Cataluña,https://universitats.gencat.cat/web/.content/06_pau/models-examen-anys-anteriors/examens-2023/historia-art/ord/pau_hart23jl_es.pdf,si
Historia de España,2024,Extraordinaria,Cataluña,https://universitats.gencat.cat/web/.content/06_pau/models-examen-anys-anteriors/examens-2024/historia/ext/pau_hist24sl_es.pdf,si
Historia de España,2024,Extraordinaria,Cataluña,https://universitats.gencat.cat/web/.content/06_pau/models-examen-anys-anteriors/examens-2024/historia-filosofia/ext/pau_hfil24sl_es.pdf,si
Historia de España,2024,Extraordinaria,Cataluña,https://universitats.gencat.cat/web/.content/06_pau/models-examen-anys-anteriors/examens-2024/historia-art/ext/pau_hart24sl_es.pdf,si
Historia de España,2024,Extraordinaria,Cataluña,https://universitats.gencat.cat/web/.content/06_pau/models-examen-anys-anteriors/examens-2024/historia-musica-dansa/ext/pau_hmus24sl_es.pdf,si
Historia de España,2024,Ordinaria,Cataluña,https://universitats.gencat.cat/web/.content/06_pau/models-examen-anys-anteriors/examens-2024/historia/ord/pau_hist24jl_es.pdf,si
Historia de España,2024,Ordinaria,Cataluña,https://universitats.gencat.cat/web/.content/06_pau/models-examen-anys-anteriors/examens-2024/historia/ord/pau_hist24jl_es_tei.pdf,si
Historia de España,2024,Ordinaria,Cataluña,https://universitats.gencat.cat/web/.content/06_pau/models-examen-anys-anteriors/examens-2024/historia-filosofia/ord/pau_hfil24jl_es.pdf,si
Historia de España,2024,Ordinaria,Cataluña,https://universitats.gencat.cat/web/.content/06_pau/models-examen-anys-anteriors/examens-2024/historia-filosofia/ord/pau_hfil24jl_es_tei.pdf,si
Historia de España,2024,Ordinaria,Cataluña,https://universitats.gencat.cat/web/.content/06_pau/models-examen-anys-anteriors/examens-2024/historia-art/ord/pau_hart24jl_es.pdf,si
Historia de España,2024,Ordinaria,Cataluña,https://universitats.gencat.cat/web/.content/06_pau/models-examen-anys-anteriors/examens-2024/historia-art/ord/pau_hart24jl_es_tei.pdf,si
Historia de España,2024,Ordinaria,Cataluña,https://universitats.gencat.cat/web/.content/06_pau/models-examen-anys-anteriors/examens-2024/historia-musica-dansa/ord/pau_hmus24jl_es.pdf,si
Historia de España,2024,Ordinaria,Cataluña,https://universitats.gencat.cat/web/.content/06_pau/models-examen-anys-anteriors/examens-2024/historia-musica-dansa/ord/pau_hmus24jl_es_tei.pdf,si
Historia de España,2025,Extraordinaria,Cataluña,https://universitats.gencat.cat/web/.content/06_pau/models-examen-anys-anteriors/examens-2025/historia/ext/pau_hist25sl_es.pdf,si
Historia de España,2025,Extraordinaria,Cataluña,https://universitats.gencat.cat/web/.content/06_pau/models-examen-anys-anteriors/examens-2025/historia-filosofia/ext/pau_hfil25sl_es.pdf,si
Historia de España,2025,Extraordinaria,Cataluña,https://universitats.gencat.cat/web/.content/06_pau/models-examen-anys-anteriors/examens-2025/historia-art/ext/pau_hart25sl_es.pdf,si
Historia de España,2025,Extraordinaria,Cataluña,https://universitats.gencat.cat/web/.content/06_pau/models-examen-anys-anteriors/examens-2025/historia-musica-dansa/ext/pau_hmus25sl_es.pdf,si
Historia de España,2025,Ordinaria,Cataluña,https://universitats.gencat.cat/web/.content/06_pau/models-examen-anys-anteriors/examens-2025/historia/ord/pau_hist25jl_es.pdf,si
Historia de España,2025,Ordinaria,Cataluña,https://universitats.gencat.cat/web/.content/06_pau/models-examen-anys-anteriors/examens-2025/historia/ord/pau_hist25jl_es_tei.pdf,si
Historia de España,2025,Ordinaria,Cataluña,https://universitats.gencat.cat/web/.content/06_pau/models-examen-anys-anteriors/examens-2025/historia-filosofia/ord/pau_hfil25jl_es.pdf,si
Historia de España,2025,Ordinaria,Cataluña,https://universitats.gencat.cat/web/.content/06_pau/models-examen-anys-anteriors/examens-2025/historia-filosofia/ord/pau_hfil25jl_es_tei.pdf,si
Historia de España,2025,Ordinaria,Cataluña,https://universitats.gencat.cat/web/.content/06_pau/models-examen-anys-anteriors/examens-2025/historia-art/ord/pau_hart25jl_es.pdf,si
Historia de España,2025,Ordinaria,Cataluña,https://universitats.gencat.cat/web/.content/06_pau/models-examen-anys-anteriors/examens-2025/historia-art/ord/pau_hart25jl_es_tei.pdf,si
Historia de España,2025,Ordinaria,Cataluña,https://universitats.gencat.cat/web/.content/06_pau/models-examen-anys-anteriors/examens-2025/historia-musica-dansa/ord/pau_hmus25jl_es.pdf,si
Historia de España,2025,Ordinaria,Cataluña,https://universitats.gencat.cat/web/.content/06_pau/models-examen-anys-anteriors/examens-2025/historia-musica-dansa/ord/pau_hmus25jl_es_tei.pdf,si
Inglés,2023,Extraordinaria,Cataluña,https://universitats.gencat.cat/web/.content/06_pau/models-examen-anys-anteriors/examens-2023/angles/ext/pau_angl23sl.pdf,si
Inglés,2023,Extraordinaria,Cataluña,https://universitats.gencat.cat/web/.content/06_pau/models-examen-anys-anteriors/examens-2023/angles/ext/pau_angl23sp.pdf,si
Inglés,2023,Ordinaria,Cataluña,https://universitats.gencat.cat/web/.content/06_pau/models-examen-anys-anteriors/examens-2023/angles/ord/pau_angl23jl.pdf,si
Inglés,2023,Ordinaria,Cataluña,https://universitats.gencat.cat/web/.content/06_pau/models-examen-anys-anteriors/examens-2023/angles/ord/pau_angl23jp.pdf,si
Inglés,2024,Extraordinaria,Cataluña,https://universitats.gencat.cat/web/.content/06_pau/models-examen-anys-anteriors/examens-2024/angles/ext/pau_angl24sl.pdf,si
Inglés,2024,Ordinaria,Cataluña,https://universitats.gencat.cat/web/.content/06_pau/models-examen-anys-anteriors/examens-2024/angles/ord/pau_angl24jl.pdf,si
Inglés,2024,Ordinaria,Cataluña,https://universitats.gencat.cat/web/.content/06_pau/models-examen-anys-anteriors/examens-2024/angles/ord/pau_angl24jl_tei.pdf,si
Inglés,2025,Extraordinaria,Cataluña,https://universitats.gencat.cat/web/.content/06_pau/models-examen-anys-anteriors/examens-2025/angles/ext/pau_angl25sl.pdf,si
Inglés,2025,Ordinaria,Cataluña,https://universitats.gencat.cat/web/.content/06_pau/models-examen-anys-anteriors/examens-2025/angles/ord/pau_angl25jl.pdf,si
Inglés,2025,Ordinaria,Cataluña,https://universitats.gencat.cat/web/.content/06_pau/models-examen-anys-anteriors/examens-2025/angles/ord/pau_angl25jl_tei.pdf,si
Italiano,2023,Extraordinaria,Cataluña,https://universitats.gencat.cat/web/.content/06_pau/models-examen-anys-anteriors/examens-2023/italia/ext/pau_ital23sl.pdf,si
Italiano,2023,Ordinaria,Cataluña,https://universitats.gencat.cat/web/.content/06_pau/models-examen-anys-anteriors/examens-2023/italia/ord/pau_ital23jl.pdf,si
Italiano,2024,Extraordinaria,Cataluña,https://universitats.gencat.cat/web/.content/06_pau/models-examen-anys-anteriors/examens-2024/italia/ext/pau_ital24sl.pdf,si
Italiano,2024,Ordinaria,Cataluña,https://universitats.gencat.cat/web/.content/06_pau/models-examen-anys-anteriors/examens-2024/italia/ord/pau_ital24jl.pdf,si
Italiano,2024,Ordinaria,Cataluña,https://universitats.gencat.cat/web/.content/06_pau/models-examen-anys-anteriors/examens-2024/italia/ord/pau_ital24jl_tei.pdf,si
Italiano,2025,Extraordinaria,Cataluña,https://universitats.gencat.cat/web/.content/06_pau/models-examen-anys-anteriors/examens-2025/italia/ext/pau_ital25sl.pdf,si
Italiano,2025,Ordinaria,Cataluña,https://universitats.gencat.cat/web/.content/06_pau/models-examen-anys-anteriors/examens-2025/italia/ord/pau_ital25jl.pdf,si
Italiano,2025,Ordinaria,Cataluña,https://universitats.gencat.cat/web/.content/06_pau/models-examen-anys-anteriors/examens-2025/italia/ord/pau_ital25jl_tei.pdf,si
Latín II,2023,Extraordinaria,Cataluña,https://universitats.gencat.cat/web/.content/06_pau/models-examen-anys-anteriors/examens-2023/llati/ext/pau_llat23sl_es.pdf,si
Latín II,2023,Ordinaria,Cataluña,https://universitats.gencat.cat/web/.content/06_pau/models-examen-anys-anteriors/examens-2023/llati/ord/pau_llat23jl_es.pdf,si
Latín II,2024,Extraordinaria,Cataluña,https://universitats.gencat.cat/web/.content/06_pau/models-examen-anys-anteriors/examens-2024/llati/ext/pau_llat24sl_es.pdf,si
Latín II,2024,Ordinaria,Cataluña,https://universitats.gencat.cat/web/.content/06_pau/models-examen-anys-anteriors/examens-2024/llati/ord/pau_llat24jl_es.pdf,si
Latín II,2024,Ordinaria,Cataluña,https://universitats.gencat.cat/web/.content/06_pau/models-examen-anys-anteriors/examens-2024/llati/ord/pau_llat24jl_es_tei.pdf,si
Latín II,2025,Extraordinaria,Cataluña,https://universitats.gencat.cat/web/.content/06_pau/models-examen-anys-anteriors/examens-2025/llati/ext/pau_llat25sl_es.pdf,si
Latín II,2025,Ordinaria,Cataluña,https://universitats.gencat.cat/web/.content/06_pau/models-examen-anys-anteriors/examens-2025/llati/ord/pau_llat25jl_es.pdf,si
Latín II,2025,Ordinaria,Cataluña,https://universitats.gencat.cat/web/.content/06_pau/models-examen-anys-anteriors/examens-2025/llati/ord/pau_llat25jl_es_tei.pdf,si
Lengua Castellana y Literatura,2023,Extraordinaria,Cataluña,https://universitats.gencat.cat/web/.content/06_pau/models-examen-anys-anteriors/examens-2023/llengua-castellana/ext/pau_lles23sl.pdf,si
Lengua Castellana y Literatura,2023,Extraordinaria,Cataluña,https://universitats.gencat.cat/web/.content/06_pau/models-examen-anys-anteriors/examens-2023/llengua-catalana/ext/pau_llca23sl.pdf,si
Lengua Castellana y Literatura,2023,Ordinaria,Cataluña,https://universitats.gencat.cat/web/.content/06_pau/models-examen-anys-anteriors/examens-2023/llengua-castellana/ord/pau_lles23jl.pdf,si
Lengua Castellana y Literatura,2023,Ordinaria,Cataluña,https://universitats.gencat.cat/web/.content/06_pau/models-examen-anys-anteriors/examens-2023/llengua-catalana/ord/pau_llca23jl.pdf,si
Lengua Castellana y Literatura,2024,Extraordinaria,Cataluña,https://universitats.gencat.cat/web/.content/06_pau/models-examen-anys-anteriors/examens-2024/llengua-castellana/ext/pau_lles24sl.pdf,si
Lengua Castellana y Literatura,2024,Extraordinaria,Cataluña,https://universitats.gencat.cat/web/.content/06_pau/models-examen-anys-anteriors/examens-2024/llengua-catalana/ext/pau_llca24sl.pdf,si
Lengua Castellana y Literatura,2024,Ordinaria,Cataluña,https://universitats.gencat.cat/web/.content/06_pau/models-examen-anys-anteriors/examens-2024/llengua-castellana/ord/pau_lles24jl.pdf,si
Lengua Castellana y Literatura,2024,Ordinaria,Cataluña,https://universitats.gencat.cat/web/.content/06_pau/models-examen-anys-anteriors/examens-2024/llengua-castellana/ord/pau_lles24jl_tei.pdf,si
Lengua Castellana y Literatura,2024,Ordinaria,Cataluña,https://universitats.gencat.cat/web/.content/06_pau/models-examen-anys-anteriors/examens-2024/llengua-catalana/ord/pau_llca24jl.pdf,si
Lengua Castellana y Literatura,2024,Ordinaria,Cataluña,https://universitats.gencat.cat/web/.content/06_pau/models-examen-anys-anteriors/examens-2024/llengua-catalana/ord/pau_llca24jl_tei.pdf,si
Lengua Castellana y Literatura,2025,Extraordinaria,Cataluña,https://universitats.gencat.cat/web/.content/06_pau/models-examen-anys-anteriors/examens-2025/llengua-castellana/ext/pau_lles25sl.pdf,si
Lengua Castellana y Literatura,2025,Extraordinaria,Cataluña,https://universitats.gencat.cat/web/.content/06_pau/models-examen-anys-anteriors/examens-2025/llengua-catalana/ext/pau_llca25sl.pdf,si
Lengua Castellana y Literatura,2025,Ordinaria,Cataluña,https://universitats.gencat.cat/web/.content/06_pau/models-examen-anys-anteriors/examens-2025/llengua-castellana/ord/pau_lles25jl.pdf,si
Lengua Castellana y Literatura,2025,Ordinaria,Cataluña,https://universitats.gencat.cat/web/.content/06_pau/models-examen-anys-anteriors/examens-2025/llengua-castellana/ord/pau_lles25jl_tei.pdf,si
Lengua Castellana y Literatura,2025,Ordinaria,Cataluña,https://universitats.gencat.cat/web/.content/06_pau/models-examen-anys-anteriors/examens-2025/llengua-catalana/ord/pau_llca25jl.pdf,si
Lengua Castellana y Literatura,2025,Ordinaria,Cataluña,https://universitats.gencat.cat/web/.content/06_pau/models-examen-anys-anteriors/examens-2025/llengua-catalana/ord/pau_llca25jl_tei.pdf,si
Literatura Dramática,2023,Extraordinaria,Cataluña,https://universitats.gencat.cat/web/.content/06_pau/models-examen-anys-anteriors/examens-2023/literatura-castellana/ext/pau_lies23sl.pdf,si
Literatura Dramática,2023,Extraordinaria,Cataluña,https://universitats.gencat.cat/web/.content/06_pau/models-examen-anys-anteriors/examens-2023/literatura-catalana/ext/pau_lica23sl.pdf,si
Literatura Dramática,2023,Ordinaria,Cataluña,https://universitats.gencat.cat/web/.content/06_pau/models-examen-anys-anteriors/examens-2023/literatura-castellana/ord/pau_lies23jl.pdf,si
Literatura Dramática,2023,Ordinaria,Cataluña,https://universitats.gencat.cat/web/.content/06_pau/models-examen-anys-anteriors/examens-2023/literatura-catalana/ord/pau_lica23jl.pdf,si
Literatura Dramática,2024,Extraordinaria,Cataluña,https://universitats.gencat.cat/web/.content/06_pau/models-examen-anys-anteriors/examens-2024/literatura-castellana/ext/pau_lies24sl.pdf,si
Literatura Dramática,2024,Extraordinaria,Cataluña,https://universitats.gencat.cat/web/.content/06_pau/models-examen-anys-anteriors/examens-2024/literatura-catalana/ext/pau_lica24sl.pdf,si
Literatura Dramática,2024,Extraordinaria,Cataluña,https://universitats.gencat.cat/web/.content/06_pau/models-examen-anys-anteriors/examens-2024/literatura-dramatica/ext/pau_lidr24sl_es.pdf,si
Literatura Dramática,2024,Ordinaria,Cataluña,https://universitats.gencat.cat/web/.content/06_pau/models-examen-anys-anteriors/examens-2024/literatura-castellana/ord/pau_lies24jl.pdf,si
Literatura Dramática,2024,Ordinaria,Cataluña,https://universitats.gencat.cat/web/.content/06_pau/models-examen-anys-anteriors/examens-2024/literatura-castellana/ord/pau_lies24jl_tei.pdf,si
Literatura Dramática,2024,Ordinaria,Cataluña,https://universitats.gencat.cat/web/.content/06_pau/models-examen-anys-anteriors/examens-2024/literatura-catalana/ord/pau_lica24jl.pdf,si
Literatura Dramática,2024,Ordinaria,Cataluña,https://universitats.gencat.cat/web/.content/06_pau/models-examen-anys-anteriors/examens-2024/literatura-catalana/ord/pau_lica24jl_tei.pdf,si
Literatura Dramática,2024,Ordinaria,Cataluña,https://universitats.gencat.cat/web/.content/06_pau/models-examen-anys-anteriors/examens-2024/literatura-dramatica/ord/pau_lidr24jl_es.pdf,si
Literatura Dramática,2024,Ordinaria,Cataluña,https://universitats.gencat.cat/web/.content/06_pau/models-examen-anys-anteriors/examens-2024/literatura-dramatica/ord/pau_lidr24jl_es_tei.pdf,si
Literatura Dramática,2025,Extraordinaria,Cataluña,https://universitats.gencat.cat/web/.content/06_pau/models-examen-anys-anteriors/examens-2025/literatura-castellana/ext/pau_lies25sl.pdf,si
Literatura Dramática,2025,Extraordinaria,Cataluña,https://universitats.gencat.cat/web/.content/06_pau/models-examen-anys-anteriors/examens-2025/literatura-catalana/ext/pau_lica25sl.pdf,si
Literatura Dramática,2025,Extraordinaria,Cataluña,https://universitats.gencat.cat/web/.content/06_pau/models-examen-anys-anteriors/examens-2025/literatura-dramatica/ext/pau_lidr25sl_es.pdf,si
Literatura Dramática,2025,Ordinaria,Cataluña,https://universitats.gencat.cat/web/.content/06_pau/models-examen-anys-anteriors/examens-2025/literatura-castellana/ord/pau_lies25jl.pdf,si
Literatura Dramática,2025,Ordinaria,Cataluña,https://universitats.gencat.cat/web/.content/06_pau/models-examen-anys-anteriors/examens-2025/literatura-castellana/ord/pau_lies25jl_tei.pdf,si
Literatura Dramática,2025,Ordinaria,Cataluña,https://universitats.gencat.cat/web/.content/06_pau/models-examen-anys-anteriors/examens-2025/literatura-catalana/ord/pau_lica25jl.pdf,si
Literatura Dramática,2025,Ordinaria,Cataluña,https://universitats.gencat.cat/web/.content/06_pau/models-examen-anys-anteriors/examens-2025/literatura-catalana/ord/pau_lica25jl_tei.pdf,si
Literatura Dramática,2025,Ordinaria,Cataluña,https://universitats.gencat.cat/web/.content/06_pau/models-examen-anys-anteriors/examens-2025/literatura-dramatica/ord/pau_lidr25jl_es.pdf,si
Literatura Dramática,2025,Ordinaria,Cataluña,https://universitats.gencat.cat/web/.content/06_pau/models-examen-anys-anteriors/examens-2025/literatura-dramatica/ord/pau_lidr25jl_es_tei.pdf,si
Matemáticas II,2023,Extraordinaria,Cataluña,https://universitats.gencat.cat/web/.content/06_pau/models-examen-anys-anteriors/examens-2023/matematiques/ext/pau_mate23sl_es.pdf,si
Matemáticas II,2023,Extraordinaria,Cataluña,https://universitats.gencat.cat/web/.content/06_pau/models-examen-anys-anteriors/examens-2023/matematiques-aplicades-cc/ext/pau_macs23sl_es.pdf,si
Matemáticas II,2023,Ordinaria,Cataluña,https://universitats.gencat.cat/web/.content/06_pau/models-examen-anys-anteriors/examens-2023/matematiques/ord/pau_mate23jl_es.pdf,si
Matemáticas II,2023,Ordinaria,Cataluña,https://universitats.gencat.cat/web/.content/06_pau/models-examen-anys-anteriors/examens-2023/matematiques-aplicades-cc/ord/pau_macs23jl_es.pdf,si
Matemáticas II,2024,Extraordinaria,Cataluña,https://universitats.gencat.cat/web/.content/06_pau/models-examen-anys-anteriors/examens-2024/matematiques/ext/pau_mate24sl_es.pdf,si
Matemáticas II,2024,Extraordinaria,Cataluña,https://universitats.gencat.cat/web/.content/06_pau/models-examen-anys-anteriors/examens-2024/matematiques-aplicades-cc/ext/pau_macs24sl_es.pdf,si
Matemáticas II,2024,Ordinaria,Cataluña,https://universitats.gencat.cat/web/.content/06_pau/models-examen-anys-anteriors/examens-2024/matematiques/ord/pau_mate24jl_es.pdf,si
Matemáticas II,2024,Ordinaria,Cataluña,https://universitats.gencat.cat/web/.content/06_pau/models-examen-anys-anteriors/examens-2024/matematiques/ord/pau_mate24jl_es_tei.pdf,si
Matemáticas II,2024,Ordinaria,Cataluña,https://universitats.gencat.cat/web/.content/06_pau/models-examen-anys-anteriors/examens-2024/matematiques-aplicades-cc/ord/pau_macs24jl_es.pdf,si
Matemáticas II,2024,Ordinaria,Cataluña,https://universitats.gencat.cat/web/.content/06_pau/models-examen-anys-anteriors/examens-2024/matematiques-aplicades-cc/ord/pau_macs24jl_es_tei.pdf,si
Matemáticas II,2025,Extraordinaria,Cataluña,https://universitats.gencat.cat/web/.content/06_pau/models-examen-anys-anteriors/examens-2025/matematiques/ext/pau_mate25sl_es.pdf,si
Matemáticas II,2025,Extraordinaria,Cataluña,https://universitats.gencat.cat/web/.content/06_pau/models-examen-anys-anteriors/examens-2025/matematiques-aplicades-cc/ext/pau_macs25sl_es.pdf,si
Matemáticas II,2025,Ordinaria,Cataluña,https://universitats.gencat.cat/web/.content/06_pau/models-examen-anys-anteriors/examens-2025/matematiques/ord/pau_mate25jl_es.pdf,si
Matemáticas II,2025,Ordinaria,Cataluña,https://universitats.gencat.cat/web/.content/06_pau/models-examen-anys-anteriors/examens-2025/matematiques/ord/pau_mate25jl_es_tei.pdf,si
Matemáticas II,2025,Ordinaria,Cataluña,https://universitats.gencat.cat/web/.content/06_pau/models-examen-anys-anteriors/examens-2025/matematiques-aplicades-cc/ord/pau_macs25jl_es.pdf,si
Matemáticas II,2025,Ordinaria,Cataluña,https://universitats.gencat.cat/web/.content/06_pau/models-examen-anys-anteriors/examens-2025/matematiques-aplicades-cc/ord/pau_macs25jl_es_tei.pdf,si
Movimientos Culturales y Artísticos,2025,Extraordinaria,Cataluña,https://universitats.gencat.cat/web/.content/06_pau/models-examen-anys-anteriors/examens-2025/moviments-culturals-artistics/ext/pau_moca25sl_es.pdf,si
Movimientos Culturales y Artísticos,2025,Ordinaria,Cataluña,https://universitats.gencat.cat/web/.content/06_pau/models-examen-anys-anteriors/examens-2025/moviments-culturals-artistics/ord/pau_moca25jl_es.pdf,si
Movimientos Culturales y Artísticos,2025,Ordinaria,Cataluña,https://universitats.gencat.cat/web/.content/06_pau/models-examen-anys-anteriors/examens-2025/moviments-culturals-artistics/ord/pau_moca25jl_es_tei.pdf,si
Química,2023,Extraordinaria,Cataluña,https://universitats.gencat.cat/web/.content/06_pau/models-examen-anys-anteriors/examens-2023/quimica/ext/pau_quim23sl_es.pdf,si
Química,2023,Ordinaria,Cataluña,https://universitats.gencat.cat/web/.content/06_pau/models-examen-anys-anteriors/examens-2023/quimica/ord/pau_quim23jl_es.pdf,si
Química,2024,Extraordinaria,Cataluña,https://universitats.gencat.cat/web/.content/06_pau/models-examen-anys-anteriors/examens-2024/quimica/ext/pau_quim24sl_es.pdf,si
Química,2024,Ordinaria,Cataluña,https://universitats.gencat.cat/web/.content/06_pau/models-examen-anys-anteriors/examens-2024/quimica/ord/pau_quim24jl_es.pdf,si
Química,2024,Ordinaria,Cataluña,https://universitats.gencat.cat/web/.content/06_pau/models-examen-anys-anteriors/examens-2024/quimica/ord/pau_quim24jl_es_tei.pdf,si
Química,2025,Extraordinaria,Cataluña,https://universitats.gencat.cat/web/.content/06_pau/models-examen-anys-anteriors/examens-2025/quimica/ext/pau_quim25sl_es.pdf,si
Química,2025,Ordinaria,Cataluña,https://universitats.gencat.cat/web/.content/06_pau/models-examen-anys-anteriors/examens-2025/quimica/ord/pau_quim25jl_es.pdf,si
Química,2025,Ordinaria,Cataluña,https://universitats.gencat.cat/web/.content/06_pau/models-examen-anys-anteriors/examens-2025/quimica/ord/pau_quim25jl_es_tei.pdf,si
Tecnología e Ingeniería II,2023,Extraordinaria,Cataluña,https://universitats.gencat.cat/web/.content/06_pau/models-examen-anys-anteriors/examens-2023/tecnologia-industrial/ext/pau_tecn23sl_es.pdf,si
Tecnología e Ingeniería II,2023,Ordinaria,Cataluña,https://universitats.gencat.cat/web/.content/06_pau/models-examen-anys-anteriors/examens-2023/tecnologia-industrial/ord/pau_tecn23jl_es.pdf,si
Tecnología e Ingeniería II,2024,Extraordinaria,Cataluña,https://universitats.gencat.cat/web/.content/06_pau/models-examen-anys-anteriors/examens-2024/tecnologia-enginyeria/ext/pau_tecn24sl_es.pdf,si
Tecnología e Ingeniería II,2024,Ordinaria,Cataluña,https://universitats.gencat.cat/web/.content/06_pau/models-examen-anys-anteriors/examens-2024/tecnologia-enginyeria/ord/pau_tecn24jl_es.pdf,si
Tecnología e Ingeniería II,2024,Ordinaria,Cataluña,https://universitats.gencat.cat/web/.content/06_pau/models-examen-anys-anteriors/examens-2024/tecnologia-enginyeria/ord/pau_tecn24jl_es_tei.pdf,si
Tecnología e Ingeniería II,2025,Extraordinaria,Cataluña,https://universitats.gencat.cat/web/.content/06_pau/models-examen-anys-anteriors/examens-2025/tecnologia-enginyeria/ext/pau_tecn25sl_es.pdf,si
Tecnología e Ingeniería II,2025,Ordinaria,Cataluña,https://universitats.gencat.cat/web/.content/06_pau/models-examen-anys-anteriors/examens-2025/tecnologia-enginyeria/ord/pau_tecn25jl_es.pdf,si
Tecnología e Ingeniería II,2025,Ordinaria,Cataluña,https://universitats.gencat.cat/web/.content/06_pau/models-examen-anys-anteriors/examens-2025/tecnologia-enginyeria/ord/pau_tecn25jl_es_tei.pdf,si
Técnicas de Expresión Gráfico-Plástica,2025,Extraordinaria,Cataluña,https://universitats.gencat.cat/web/.content/06_pau/models-examen-anys-anteriors/examens-2025/tecniques-expressio-graficoplastiques/ext/pau_tegp25sl_es.pdf,si
Técnicas de Expresión Gráfico-Plástica,2025,Ordinaria,Cataluña,https://universitats.gencat.cat/web/.content/06_pau/models-examen-anys-anteriors/examens-2025/tecniques-expressio-graficoplastiques/ord/pau_tegp25jl_es.pdf,si
Técnicas de Expresión Gráfico-Plástica,2025,Ordinaria,Cataluña,https://universitats.gencat.cat/web/.content/06_pau/models-examen-anys-anteriors/examens-2025/tecniques-expressio-graficoplastiques/ord/pau_tegp25jl_es_tei.pdf,si
Varios (ver PDF),2015,Ordinaria,Extremadura,https://vrestudiantes.unex.es/wp-content/uploads/sites/23/2024/07/Examenes_2015.zip,si
Varios (ver PDF),2017,Extraordinaria,Extremadura,https://vrestudiantes.unex.es/wp-content/uploads/sites/23/2024/07/Examenes_julio.pdf,si
Varios (ver PDF),2017,Ordinaria,Extremadura,https://vrestudiantes.unex.es/wp-content/uploads/sites/23/2024/07/Examenes_junio.pdf,si
Varios (ver PDF),2018,Extraordinaria,Extremadura,https://vrestudiantes.unex.es/wp-content/uploads/sites/23/2024/07/ExamenesJulio2018.pdf,si
Varios (ver PDF),2018,Ordinaria,Extremadura,https://vrestudiantes.unex.es/wp-content/uploads/sites/23/2024/07/examenes_junio_2018.pdf,si
Varios (ver PDF),2019,Extraordinaria,Extremadura,https://vrestudiantes.unex.es/wp-content/uploads/sites/23/2024/07/ExamenesJulio.pdf,si
Varios (ver PDF),2019,Ordinaria,Extremadura,https://vrestudiantes.unex.es/wp-content/uploads/sites/23/2024/07/Examenes.pdf,si
Varios (ver PDF),2020,Extraordinaria,Extremadura,https://vrestudiantes.unex.es/wp-content/uploads/sites/23/2024/07/2-Examenes-Septiembre-19-20.pdf,si
Varios (ver PDF),2020,Ordinaria,Extremadura,https://vrestudiantes.unex.es/wp-content/uploads/sites/23/2024/07/ExamenesJunio20.pdf,si
Varios (ver PDF),2021,Extraordinaria,Extremadura,https://vrestudiantes.unex.es/wp-content/uploads/sites/23/2024/07/1_Examenes%20Julio.pdf,no
Varios (ver PDF),2021,Ordinaria,Extremadura,https://vrestudiantes.unex.es/wp-content/uploads/sites/23/2024/07/1-ExamenesJunio-2021.pdf,no
Varios (ver PDF),2022,Extraordinaria,Extremadura,https://vrestudiantes.unex.es/wp-content/uploads/sites/23/2024/07/Exmenes_EBAU_JULIO_202122.pdf,si
Varios (ver PDF),2022,Ordinaria,Extremadura,https://vrestudiantes.unex.es/wp-content/uploads/sites/23/2024/07/Examenes_EBAU_JUNIO_2021-22_.pdf,si
Varios (ver PDF),2023,Extraordinaria,Extremadura,https://vrestudiantes.unex.es/wp-content/uploads/sites/23/2024/07/EBAU_JUL_2023_Examenes_.pdf,si
Varios (ver PDF),2023,Ordinaria,Extremadura,https://vrestudiantes.unex.es/wp-content/uploads/sites/23/2024/07/EBAU_JUN_2023_Examenes.pdf,si
Varios (ver PDF),2024,Extraordinaria,Extremadura,https://vrestudiantes.unex.es/wp-content/uploads/sites/23/2024/07/Julio24_Examenes.pdf,si
Varios (ver PDF),2024,Ordinaria,Extremadura,https://vrestudiantes.unex.es/wp-content/uploads/sites/23/2024/07/Examenes_Jun24.pdf,si
Varios (ver PDF),2025,Extraordinaria,Extremadura,https://vrestudiantes.unex.es/wp-content/uploads/sites/23/2025/07/2024_25_Examenes_JULIO_.pdf,si
Varios (ver PDF),2025,Ordinaria,Extremadura,https://vrestudiantes.unex.es/wp-content/uploads/sites/23/2025/06/2024_25_JUN_Examenes.pdf,si
Varios (ver PDF),2019,Varios,Galicia,https://ciug.gal/uploads/PDF/anos_anteriores/probas/2013_2019.zip,si
Alemán,2025,Ordinaria,La Rioja,https://unirioja.sharepoint.com/:b:/s/academica_publico/IQC7GPvmldaiR4g_entf0gn9AfSlT0e96kCoqcHaaDpSElM,si
Alemán,2025,Ordinaria,La Rioja,https://unirioja.sharepoint.com/:b:/s/academica_publico/IQAz8t7D9G3jS4xcxyZyC7L7Ac79r7vBvYiWAio5hGqWapU,si
Alemán,2025,Ordinaria,La Rioja,https://unirioja.sharepoint.com/:b:/s/academica_publico/EZuxeq9VCPtPi_Yis4miAZgB6WvIq11GyWkO4PGZLYVI8w?e=OgL9Bj,si
Alemán,2025,Ordinaria,La Rioja,https://unirioja.sharepoint.com/:f:/s/academica_publico/EgSjSyU76NtCjzfc5IEfrCgB1p5ellPOuA86pJ-jKHNzrQ?e=wQobZV,si
Artes Escénicas,2025,Ordinaria,La Rioja,https://unirioja.sharepoint.com/:b:/s/academica_publico/IQBHGF_MnQosQ7MM-fokLLpsATOCBMx-ZoaeZryTggBobNw,si
Artes Escénicas,2025,Ordinaria,La Rioja,https://unirioja.sharepoint.com/:b:/s/academica_publico/EcPB7bwLijdEnvBUEChBe0sBkWuYN4vrJvNqDzpC_A3Jig?e=bWW960,si
Artes Escénicas,2025,Ordinaria,La Rioja,https://unirioja.sharepoint.com/:b:/s/academica_publico/EfCbB1QzHX9KoOblQ1GomqYBBVqS5MqOCK7Nm_IERCMlXQ?e=aLZgjw,si
Artes Escénicas,2025,Ordinaria,La Rioja,https://unirioja.sharepoint.com/:b:/s/academica_publico/EbpeH28V591JtdNN39Hx3ckBWi5nKKTA_ebpXQ-HeezFJA?e=CjdeJx,si
Artes Escénicas,2025,Ordinaria,La Rioja,https://unirioja.sharepoint.com/:f:/s/academica_publico/Er7olXUNe9xNhGAeeQczviwBmYvA0hPd6XKShcoUUoLnBw?e=8IQmKg,si
Biología,2025,Ordinaria,La Rioja,https://unirioja.sharepoint.com/:b:/s/academica_publico/IQDu6vDmpwuKS5iY6WqAuNawAX0mrB-k97h2-n6h9l0JJ-s,si
Biología,2025,Ordinaria,La Rioja,https://unirioja.sharepoint.com/:b:/s/academica_publico/EbHNHvVfoVlDqMEwJ9mpBUIBL8b0k77cQli0_YdL1azMcw?e=EqJ10Z,si
Biología,2025,Ordinaria,La Rioja,https://unirioja.sharepoint.com/:b:/s/academica_publico/Eb_dTJLuCblCh5ARWA2S16cBPMEL80YicbAR5U7TUqXQ9A?e=rfcD2G,si
Biología,2025,Ordinaria,La Rioja,https://unirioja.sharepoint.com/:b:/s/academica_publico/EVSyEd7BC_9PttqKpE97-gUBK9ETmtp_KTtZAcnkx65Q6Q?e=WfMlyq,si
Biología,2025,Ordinaria,La Rioja,https://unirioja.sharepoint.com/:f:/s/academica_publico/EkrAlGwxRmlAvke3LTJd1LMBF9mbvBvjIk17iavko1mREA,si
Ciencias Generales,2025,Ordinaria,La Rioja,https://unirioja.sharepoint.com/:b:/s/academica_publico/IQCaxFTMKTYrQpzktSDlw0tyAZYULASDX8LL9pcO7QBG2HU,si
Ciencias Generales,2025,Ordinaria,La Rioja,https://unirioja.sharepoint.com/:b:/s/academica_publico/ETRErd3uFXZEvzIMlCIAqssBaA4hKu72ZM4gDbhIRnu7Vw?e=WahOtC,si
Ciencias Generales,2025,Ordinaria,La Rioja,https://unirioja.sharepoint.com/:b:/s/academica_publico/EVKFX1xOP81PmF-s9f2dzs4Ba0N5GZ3WgSQ6HFerETDczw?e=macZDx,si
Ciencias Generales,2025,Ordinaria,La Rioja,https://unirioja.sharepoint.com/:b:/s/academica_publico/EV10uScKxcxEl65yhKKSI8wB2VrTWews9y0d83decs-Khw?e=Ypwd8E,si
Ciencias Generales,2025,Ordinaria,La Rioja,https://unirioja.sharepoint.com/:b:/s/academica_publico/Edt4cl5NxKZLl33sKt8sg7oBOQ2oW3SXvhBTV_SlFjyLmA?e=e7t9QE,si
Coro y Técnica Vocal II,2025,Ordinaria,La Rioja,https://unirioja.sharepoint.com/:b:/s/academica_publico/IQC7vuIWSFYpQoe4yEF98SwMAQNZ97P3mzyYf7_W9yj_yNk,si
Coro y Técnica Vocal II,2025,Ordinaria,La Rioja,https://unirioja.sharepoint.com/:b:/s/academica_publico/Ebr_mWkWM55Eo3ytmCl4LD4BXmOaeShg2-bTO-Kh2Y_VMw?e=EFXs0N,si
Coro y Técnica Vocal II,2025,Ordinaria,La Rioja,https://unirioja.sharepoint.com/:b:/s/academica_publico/EUaL7hGeSlhGhyW-DYJgXfkBKnFggGSaY6vmlXstXaK03g?e=DmZosm,si
Coro y Técnica Vocal II,2025,Ordinaria,La Rioja,https://unirioja.sharepoint.com/:b:/s/academica_publico/EcIxxI-37HhKlIJx1F57k_sBH1WMllEv2cit6a0S6wPkqA?e=JU0XEh,si
Coro y Técnica Vocal II,2025,Ordinaria,La Rioja,https://unirioja.sharepoint.com/:f:/s/academica_publico/EilpXf_huG9MimvHHpOcsAkBuvICi2-nGgT3BirWRrZ2gg,si
Cultura Audiovisual,2025,Ordinaria,La Rioja,https://unirioja.sharepoint.com/:f:/s/academica_publico/EhNlPdEC-htDp14qHjW3zGgBNX0uXpq3S22utb5iU8JQrg?e=jMUqML,si
Desconocida,2025,Ordinaria,La Rioja,https://unirioja.sharepoint.com/:b:/s/academica_publico/IQCMTDAM6bvvQZ332-Z9S277AZS024hrtTJqszKyxrEDFJ4,si
Desconocida,2025,Ordinaria,La Rioja,https://unirioja.sharepoint.com/:b:/s/academica_publico/IQCB4--oiI_yQrtDF61Q9c6eAajiJKxznK4K4bPShXVWm-4,si
Desconocida,2025,Ordinaria,La Rioja,https://unirioja.sharepoint.com/:b:/s/academica_publico/IQDqQi3Hg0EhSro5ok1xnyufAeHdihQHtq--pNybSTGfdUI,si
Desconocida,2025,Ordinaria,La Rioja,https://unirioja.sharepoint.com/:b:/s/academica_publico/EUvnqbhTTXdGpG84yy5DAi8BVw-IIZqOEhfMiKpUDjeJKg?e=wf1b62,si
Desconocida,2025,Ordinaria,La Rioja,https://unirioja.sharepoint.com/:b:/s/academica_publico/EZueoA5Lo6tHu1oXRTHcyu0BjwM7B1UrXnFqjyCn8h9d0Q?e=Z2r5iR,si
Desconocida,2025,Ordinaria,La Rioja,https://unirioja.sharepoint.com/:b:/s/academica_publico/EYs56y6VTGtAgS9dNRGBYdcBpumTspvvxDnXfYTjUABJEQ?e=eeVjWB,si
Desconocida,2025,Ordinaria,La Rioja,https://unirioja.sharepoint.com/:b:/s/academica_publico/EaokkRSvM0BMsLyIXQhN9LIBiJ2JttSsbRzOOCBZx945Zw?e=4dwkOy,si
Desconocida,2025,Ordinaria,La Rioja,https://unirioja.sharepoint.com/:b:/s/academica_publico/EcoF3IISJRdJlMioz-eRKJsBAZetUsP9gRCaKZpdn76i0A?e=beGgVJ,si
Desconocida,2025,Ordinaria,La Rioja,https://unirioja.sharepoint.com/:b:/s/academica_publico/EfXZYU2Kft9Kp1N4lkAN9fABEXCH8mal8-4_Qje_LbIhcw?e=Xi1f2Z,si
Desconocida,2025,Ordinaria,La Rioja,https://unirioja.sharepoint.com/:b:/s/academica_publico/ER1OZv1UmRVIvA-0ybxOfi0BmnZGH-oPT7pPfYpMXaxuLw?e=RxQs4a,si
Desconocida,2025,Ordinaria,La Rioja,https://unirioja.sharepoint.com/:b:/s/academica_publico/EaJ4kjFOuRdMllRMV1PI1OABMcT0MrzE8qa7wwfzy9xrnA?e=qChdRj,si
Desconocida,2025,Ordinaria,La Rioja,https://unirioja.sharepoint.com/:b:/s/academica_publico/EY7knYiRSoZKlLbOAcHzHXoBa1ErmF3SEQ5oCGcsYW3SKg?e=mpr0KZ,si
Desconocida,2025,Ordinaria,La Rioja,https://unirioja.sharepoint.com/:f:/s/academica_publico/Ev_LvTftkMtDn8l5qLsQV4QBj5wJsapA1wZh6KSPa6hjzw,si
Desconocida,2025,Ordinaria,La Rioja,https://unirioja.sharepoint.com/:f:/s/academica_publico/EirHtVhUGhxFp86UK410w9UBUaxRTaUH-BkiChGKYhsPNA,si
Desconocida,2025,Ordinaria,La Rioja,https://unirioja.sharepoint.com/:f:/s/academica_publico/EjHKmlrYY5BLgnfoN8lHwjABb1JPjc_OMyRMdfv-6iKz9Q,si
Desconocida,2025,Ordinaria,La Rioja,https://unirioja.sharepoint.com/:f:/s/academica_publico/Et8xhn6xYBVPg2NAYwpi3bYBTrBSCoZ8gGj0WeneOIPS2A,si
Dibujo Técnico II,2025,Ordinaria,La Rioja,https://unirioja.sharepoint.com/:b:/s/academica_publico/IQD8ZAtgy4SBTaULZF5lcetCAYwB9HmKI91rWwwO5pUaWPo,si
Dibujo Técnico II,2025,Ordinaria,La Rioja,https://unirioja.sharepoint.com/:b:/s/academica_publico/IQCQeuKBQj1xSZVi8V4Ndhx1Ac_Ceax3zcot-i1Hc7wzadw,si
Dibujo Técnico II,2025,Ordinaria,La Rioja,https://unirioja.sharepoint.com/:b:/s/academica_publico/EXp8_xVVHd5BpXLd0-xWO70BZ5izsz8MTsapLDUYfO-pLQ?e=d8nQVw,si
Dibujo Técnico II,2025,Ordinaria,La Rioja,https://unirioja.sharepoint.com/:b:/s/academica_publico/Ec5CeZFn0odBmhIOkH1roJABTebF3Cy5_Dg5PxSRwroKjg?e=0la3jO,si
Dibujo Técnico II,2025,Ordinaria,La Rioja,https://unirioja.sharepoint.com/:b:/s/academica_publico/EaMgzpK80ABDqD35l1zkrmIBb97ZfdlHoM9tqcD-Mv198A?e=QXAm4l,si
Dibujo Técnico II,2025,Ordinaria,La Rioja,https://unirioja.sharepoint.com/:b:/s/academica_publico/EX1EYUOrrzNLsG9gioJl_GIB0Bu0grxoOzId1tNqWPFTvA?e=B6Sdy7,si
Dibujo Técnico II,2025,Ordinaria,La Rioja,https://unirioja.sharepoint.com/:b:/s/academica_publico/Eb-H9sY309xCiC4qkFa0rdcBr8w9pcO2XVX_KlxAqaJNnw?e=dhOUyJ,si
Dibujo Técnico II,2025,Ordinaria,La Rioja,https://unirioja.sharepoint.com/:b:/s/academica_publico/EfofpI6K2jpNiNOrK9lAtJgBQM2lKnFUEOUtMXf0nDYK4w?e=gsc2FY,si
Dibujo Técnico II,2025,Ordinaria,La Rioja,https://unirioja.sharepoint.com/:f:/s/academica_publico/EvEETiYwHqtPjC8U8tZLwr0BtKfCfChks3nx28OAZye32A?e=tefkSq,si
Dibujo Técnico II,2025,Ordinaria,La Rioja,https://unirioja.sharepoint.com/:f:/s/academica_publico/EvJjQxNopRJDhYRzUe7HpQUBgDBNxd34Hbg1_97RMu10PQ,si
Disseny,2025,Ordinaria,La Rioja,https://unirioja.sharepoint.com/:b:/s/academica_publico/IQAEawu-tb_ORpp2LduZ591aAUGQhvXBN01RLJ5Hg_mvT3w,si
Disseny,2025,Ordinaria,La Rioja,https://unirioja.sharepoint.com/:b:/s/academica_publico/IQDgjs49okdMSLl5ilMHkHNmARLirrzfII4dXE_XT80EOEU,si
Disseny,2025,Ordinaria,La Rioja,https://unirioja.sharepoint.com/:b:/s/academica_publico/EdKbbo10xZ5NsCLC_VUKXPAB0kTDM63UTRA265YYaMvlnA?e=2rRQdy,si
Disseny,2025,Ordinaria,La Rioja,https://unirioja.sharepoint.com/:b:/s/academica_publico/EUf16sxLndRFkhHp4Ml-oXIBjbXzLR9A9evMseZ6vFx1vQ?e=8vgatY,si
Disseny,2025,Ordinaria,La Rioja,https://unirioja.sharepoint.com/:b:/s/academica_publico/ERu6-Z5OurZDmwaRKytwK0gBz8RmkBdCLF_DxDyeK90BNg?e=Yg4dvn,si
Disseny,2025,Ordinaria,La Rioja,https://unirioja.sharepoint.com/:b:/s/academica_publico/EV71gYEtDghNs9RFsTcGa7cBEXXEUGt7fSu8nvaYRXbbBQ?e=jsCjf2,si
Disseny,2025,Ordinaria,La Rioja,https://unirioja.sharepoint.com/:b:/s/academica_publico/ESZ0emDAE-5Bn8PYPCdVtjUBVlQ-aogZjhRTxXLJnmpB2Q?e=csS4ep,si
Disseny,2025,Ordinaria,La Rioja,https://unirioja.sharepoint.com/:b:/s/academica_publico/EYAOM3wDEspHvpuCd_oYcSQBGGLWdf6Y1wl6sO3CpWtnQg?e=XQDvSq,si
Disseny,2025,Ordinaria,La Rioja,https://unirioja.sharepoint.com/:f:/s/academica_publico/Eq3ERzD_tOJBjoOCCDAyS2MBKAtqb37RFr1bTxAMuG92pg?e=JWchVJ,si
Economía de la Empresa,2025,Ordinaria,La Rioja,https://unirioja.sharepoint.com/:f:/s/academica_publico/ErfOakuggsRErSdDhYhfzfwBrHGp_DM0kH1WTz6huKC4wQ?e=meWucB,si
Francés,2025,Ordinaria,La Rioja,https://unirioja.sharepoint.com/:b:/s/academica_publico/IQALfXNCdzQUR5ZQXK24HqDxAXe9b_5Dje5Kglsr5d6QPdM,si
Francés,2025,Ordinaria,La Rioja,https://unirioja.sharepoint.com/:b:/s/academica_publico/EXnxkk3mUlpOhA-6Ku7_hngBt6McJaotQpXmAV1Dok2UrA?e=Ymmdxj,si
Francés,2025,Ordinaria,La Rioja,https://unirioja.sharepoint.com/:b:/s/academica_publico/ERh3PxNRKu1LspmlhkQG_1gBLC3jCfyzQ2VIV3qcPJL0RQ?e=xdJYcH,si
Francés,2025,Ordinaria,La Rioja,https://unirioja.sharepoint.com/:b:/s/academica_publico/EWsx69IaNC9Grv2PCJOiIpsB5GratCkumZng0SMCfh34nw?e=O7iuNU,si
Francés,2025,Ordinaria,La Rioja,https://unirioja.sharepoint.com/:f:/s/academica_publico/EshCuZk8LZFMjRiHvRni3KEBRmMRA9k-jqSmUU6N_dSpFQ?e=P1eZJ2,si
Fundamentos Artísticos,2025,Ordinaria,La Rioja,https://unirioja.sharepoint.com/:b:/s/academica_publico/IQANXV_7O1C3TKHZKbIN4uOtAWnZr2SGJJrqirNDzNBKNbg,si
Fundamentos Artísticos,2025,Ordinaria,La Rioja,https://unirioja.sharepoint.com/:b:/s/academica_publico/Ecof7S_tNglAlRN_pottfWIBikC_A7aaQOYvS8hBHWE8Nw?e=HuJakK,si
Fundamentos Artísticos,2025,Ordinaria,La Rioja,https://unirioja.sharepoint.com/:b:/s/academica_publico/ETbgvKMjK6RKsVx4GYVk5QcBns6sTlatWG5MAgRzbOHsCw?e=n4agqp,si
Fundamentos Artísticos,2025,Ordinaria,La Rioja,https://unirioja.sharepoint.com/:b:/s/academica_publico/EaEKBsXlBW5Dj_RRSLNvGI4BoGsdvZC8W9lc8Si_o7v5cQ?e=SyjF3q,si
Fundamentos Artísticos,2025,Ordinaria,La Rioja,https://unirioja.sharepoint.com/:f:/s/academica_publico/EmbU7zBeGxNFiRzUd6-zwC0B-YBu0G9zcFmJYgU3qQCFCA,si
Fundamentos Artísticos,2025,Ordinaria,La Rioja,https://unirioja.sharepoint.com/:f:/s/academica_publico/Ekta9WNunE1MuTpGC4UJ8OYBw5so_uyg2wOSG9SooYR0qQ,si
Física,2025,Ordinaria,La Rioja,https://unirioja.sharepoint.com/:b:/s/academica_publico/IQAQTSKujxpqQJKVxNCByPNHATa9vPbdrCp8r9BAQb86iBo,si
Física,2025,Ordinaria,La Rioja,https://unirioja.sharepoint.com/:b:/s/academica_publico/Eai1BKrxlZNCvPwE2v-M6c4BRMZKfGO7RNr6fbEvcqUGtw?e=Ugm2g8,si
Física,2025,Ordinaria,La Rioja,https://unirioja.sharepoint.com/:b:/s/academica_publico/EYqzz9v7ncxJrb_j8ivliisBcwNrEfQjMdt2BUW7Bwoe0Q?e=OhtIIc,si
Física,2025,Ordinaria,La Rioja,https://unirioja.sharepoint.com/:b:/s/academica_publico/Eb7laqqp0gpFqFm1N68urD0BkeDHziNMnwpnGzz0uWmNVA?e=S9sGT7,si
Física,2025,Ordinaria,La Rioja,https://unirioja.sharepoint.com/:f:/s/academica_publico/Eh1PwV4WMktEmcATyCRCqcgBcO51C_qguwFQxaVCWdVlPA?e=GSPSL0,si
Geografía,2025,Ordinaria,La Rioja,https://unirioja.sharepoint.com/:b:/s/academica_publico/IQD0Ti1gXbyZTaF_qV811s1_AY3GtE4L25ilb3fqWOGcRtA,si
Geografía,2025,Ordinaria,La Rioja,https://unirioja.sharepoint.com/:b:/s/academica_publico/EfXgdy86O8BNmzqc0sBweHEBUK2QI-REipKrnhnebWIqQA?e=9OnOdX,si
Geografía,2025,Ordinaria,La Rioja,https://unirioja.sharepoint.com/:b:/s/academica_publico/EXIlbzw1WMFKpcBYm97RdVUBqhwrYvfTVg6g8QbHj0QQpg?e=XgSFJ7,si
Geografía,2025,Ordinaria,La Rioja,https://unirioja.sharepoint.com/:b:/s/academica_publico/ES7vyywonPREsDIXzebCYHEBmLWCLZcTlKJ-RUIlAELRag?e=BqrjAq,si
Geografía,2025,Ordinaria,La Rioja,https://unirioja.sharepoint.com/:f:/s/academica_publico/EhSJUvBwwcNGl5ufCh73XvUBRc7WAsOQruqAs1syAvNWRQ?e=PglY5G,si
Geología y Ciencias Ambientales,2025,Ordinaria,La Rioja,https://unirioja.sharepoint.com/:b:/s/academica_publico/IQCHaqI1Q5JwSahvYNUWrWwKAYnEDMD1E-iuXtRnmbcjslg,si
Geología y Ciencias Ambientales,2025,Ordinaria,La Rioja,https://unirioja.sharepoint.com/:b:/s/academica_publico/EWQiM5VJpjFOg_P1MlJUSRYBcD71luBmoNPUNKssPEMCNw?e=9z65kV,si
Geología y Ciencias Ambientales,2025,Ordinaria,La Rioja,https://unirioja.sharepoint.com/:b:/s/academica_publico/EVYhgCZl4eZKg166wX3nYlIBW1Mzp1h3w0vNrYIpdytw0w?e=MhJYnD,si
Geología y Ciencias Ambientales,2025,Ordinaria,La Rioja,https://unirioja.sharepoint.com/:b:/s/academica_publico/EYyevhzzmctBt5sCgjILZ5IBdK82MMUX9DSEU-HC8RvPww?e=Ebhc94,si
Geología y Ciencias Ambientales,2025,Ordinaria,La Rioja,https://unirioja.sharepoint.com/:f:/s/academica_publico/EnAILUT8QItElILlE2C7MfEBQ5hxc2M53XUz3dm9DFsjeA?e=fDXM33,si
Griego II,2025,Ordinaria,La Rioja,https://unirioja.sharepoint.com/:b:/s/academica_publico/IQDJLHH8rbzBRKTBNusdvITtAcGv4LpQ1nsiOZM4qsx4x5M,si
Griego II,2025,Ordinaria,La Rioja,https://unirioja.sharepoint.com/:b:/s/academica_publico/EZjPK3HDgstJlQChzuWWal8BgDgzWcXJaG4W-fymX4FXfw?e=BgsSOy,si
Griego II,2025,Ordinaria,La Rioja,https://unirioja.sharepoint.com/:b:/s/academica_publico/EdKwXvendfdDoreNTz_14toBPD9czfiuaylj3r_vO6nk4A?e=gq8q0t,si
Griego II,2025,Ordinaria,La Rioja,https://unirioja.sharepoint.com/:b:/s/academica_publico/EUp55qV1ekFCu8RDJAAcxbIB6Skq6cxpPidlRaaa303k1g?e=12lcrR,si
Griego II,2025,Ordinaria,La Rioja,https://unirioja.sharepoint.com/:f:/s/academica_publico/EtL0vQxT46JDoc9_2flKdmwBEE-6AW6LeiNxSa8OUHEUhw?e=2mCaqf,si
Historia de España,2025,Ordinaria,La Rioja,https://unirioja.sharepoint.com/:b:/s/academica_publico/IQBGiGBy8Vh9RoYOZhCjMbI-AUA0U_JgpWSOIPuMkunh2xo,si
Historia de España,2025,Ordinaria,La Rioja,https://unirioja.sharepoint.com/:b:/s/academica_publico/IQBRBXosIuPfTJkgQ3rDcgHKAUs6Jg8LRnAYZPslNbsUsGs,si
Historia de España,2025,Ordinaria,La Rioja,https://unirioja.sharepoint.com/:b:/s/academica_publico/IQB6ZKsNU_lBR70u2sBegWhEAdAFRNd_oRXuqWs4eq-CRcA,si
Historia de España,2025,Ordinaria,La Rioja,https://unirioja.sharepoint.com/:b:/s/academica_publico/IQDbUyz_eF8oTYlW2PBkaA1mAZTffGsq9aff3QROMQaxxak,si
Historia de España,2025,Ordinaria,La Rioja,https://unirioja.sharepoint.com/:b:/s/academica_publico/EdZYDIk-RZNAvQRvcJunloEB-ribDEOG3erzpcjkNrVGZQ?e=r6OCe8,si
Historia de España,2025,Ordinaria,La Rioja,https://unirioja.sharepoint.com/:b:/s/academica_publico/EYWPdeaJFPxEivhEOxBUKAIB2A80flvgjHZNuKix42peQg?e=RQaaR4,si
Historia de España,2025,Ordinaria,La Rioja,https://unirioja.sharepoint.com/:b:/s/academica_publico/EZGJtYqbSs1JtHRUhhkkKGoBYDYNaZydrsfXr6y8cjYtQQ?e=FbMfQ9,si
Historia de España,2025,Ordinaria,La Rioja,https://unirioja.sharepoint.com/:b:/s/academica_publico/EUL6uF-9WhZHqfFCuZbSES0BTKj-HtEO0P0HXGX8o58Ymw?e=0nZBr8,si
Historia de España,2025,Ordinaria,La Rioja,https://unirioja.sharepoint.com/:b:/s/academica_publico/EVujvut1-LVLkVzPksXWI1oBdLWAZe0-ibPaAXmpxui7yA?e=ObkMZS,si
Historia de España,2025,Ordinaria,La Rioja,https://unirioja.sharepoint.com/:b:/s/academica_publico/Ea4FQvvngMtDvU12ifMtAZkB2bnuhV_53gi0LN4uJVhhag?e=yW0FeA,si
Historia de España,2025,Ordinaria,La Rioja,https://unirioja.sharepoint.com/:b:/s/academica_publico/EeQ_pw51CONCrqkyARy0AYkBdDtOdj5YaqdHJUUWUt-vmA?e=KmTUXX,si
Historia de España,2025,Ordinaria,La Rioja,https://unirioja.sharepoint.com/:b:/s/academica_publico/EROTptYzzKROqO1Pf5vj_bMBl_zYzKcwvt1zcjXTpy7eLg?e=OKfope,si
Historia de España,2025,Ordinaria,La Rioja,https://unirioja.sharepoint.com/:b:/s/academica_publico/EX5tvwNHKAZAm0mylvCcm-gBIZMTbWg-kVY5b6OEHUKF_g?e=s3Tued,si
Historia de España,2025,Ordinaria,La Rioja,https://unirioja.sharepoint.com/:b:/s/academica_publico/EWx0RUJ5QrlImlc6B-UQ3p8Bvwi7mTSTQLYKBxrtz_brRw?e=rPD3nH,si
Historia de España,2025,Ordinaria,La Rioja,https://unirioja.sharepoint.com/:f:/s/academica_publico/EnBjqfibes5Jl77q1ET4M40B0Sy-QVb8XnIpBITpZthD0w?e=4qQwqm,si
Historia de España,2025,Ordinaria,La Rioja,https://unirioja.sharepoint.com/:f:/s/academica_publico/Eqh7G7odHUJFvUGTLpIBJfEByXFFRtFnKKAsItNu9R4cWQ?e=oeQi7U,si
Historia de España,2025,Ordinaria,La Rioja,https://unirioja.sharepoint.com/:f:/s/academica_publico/EoTremN17Z1Iv8G0koXfM_cBBYCTf7eanEm1EzJtXlu0pQ?e=2Eofl6,si
Inglés,2025,Ordinaria,La Rioja,https://unirioja.sharepoint.com/:b:/s/academica_publico/IQAuIiRH0rJWTI_BKJLWrXn7AUW7ZLzr0Ne22YYaNLm2Bc0,si
Inglés,2025,Ordinaria,La Rioja,https://unirioja.sharepoint.com/:b:/s/academica_publico/EbBkIADyMqNPvP1LtT-N0qIBQSiOxGAJnaPLk7w34JSNMg?e=K3smUh,si
Inglés,2025,Ordinaria,La Rioja,https://unirioja.sharepoint.com/:b:/s/academica_publico/EbgkpqqOTKtDvqqAyV8UF7sBSOKyofqoW66YJNcXsxSGHA?e=hnNY6L,si
Inglés,2025,Ordinaria,La Rioja,https://unirioja.sharepoint.com/:b:/s/academica_publico/EUrdMvVvxRxJkzGq48369XAB9rQZPb3C-nulky7WojHdSg?e=YhhaKS,si
Inglés,2025,Ordinaria,La Rioja,https://unirioja.sharepoint.com/:f:/s/academica_publico/EiIa7swhOwBFr5IEKyoxqIMB94o2LoDrYcIiqiay-_vQnQ?e=aQodIj,si
Italiano,2025,Ordinaria,La Rioja,https://unirioja.sharepoint.com/:f:/s/academica_publico/Eh_LqX0MfZZNkXTEDu67y6gBbUcDtb5L7qSbBcQXxeDcZg?e=ndZ1qr,si
Latín II,2025,Ordinaria,La Rioja,https://unirioja.sharepoint.com/:b:/s/academica_publico/IQBca19An6glSY3CeXqPQsCNAQYUhP1ail5vo6RF29aMWsI,si
Latín II,2025,Ordinaria,La Rioja,https://unirioja.sharepoint.com/:b:/s/academica_publico/EdUxHr_mCVJPv4kNt02Eve8BmWAdp3OvsKN0aSR05UQM4A?e=twxqt2,si
Latín II,2025,Ordinaria,La Rioja,https://unirioja.sharepoint.com/:b:/s/academica_publico/EcYc3jRXDMZAtJcOytY1mIkB-s9CFe_IOvV5DZAHLiRifA?e=x0zO4E,si
Latín II,2025,Ordinaria,La Rioja,https://unirioja.sharepoint.com/:b:/s/academica_publico/EQetrx3cIXJLoUdZBP5o-sABdS2hLxBN881tQxuWdIXxrA?e=TNJZxS,si
Latín II,2025,Ordinaria,La Rioja,https://unirioja.sharepoint.com/:f:/s/academica_publico/Enc_GcHh5UNKm1p_mh8ottIB5G-Tws-ho5gmNGYa0inlkA?e=ZzNLAV,si
Lengua Castellana y Literatura,2025,Ordinaria,La Rioja,https://unirioja.sharepoint.com/:b:/s/academica_publico/IQCnmqyAOv6nT79vseFfCteWAS6kclBAf6X5UAJHhubfWWc,si
Lengua Castellana y Literatura,2025,Ordinaria,La Rioja,https://unirioja.sharepoint.com/:b:/s/academica_publico/ESq_oCIAt9BHsRVZ-onEg0QBymtU6aNz1aN0Ub8LlQft9w?e=YDN4C6,si
Lengua Castellana y Literatura,2025,Ordinaria,La Rioja,https://unirioja.sharepoint.com/:b:/s/academica_publico/EYJM27WijT1BoXx6W8K_qKQBV8khDCvnYAO2yBKwVUim_Q?e=7oQ0no,si
Lengua Castellana y Literatura,2025,Ordinaria,La Rioja,https://unirioja.sharepoint.com/:b:/s/academica_publico/EfhW_44smjxIolEY48gnp2ABQxtM725McxDuFlm5IJ07XQ?e=5FAAlt,si
Lengua Castellana y Literatura,2025,Ordinaria,La Rioja,https://unirioja.sharepoint.com/:f:/s/academica_publico/EsAwFXx-xTRGjHXzHHVC39cBiVYutg6u43hTGhcz1yuGaA?e=1fSSr8,si
Literatura Dramática,2025,Ordinaria,La Rioja,https://unirioja.sharepoint.com/:b:/s/academica_publico/IQDzGZ85JqfARKgiZr35kLAuAVak9jwbrncu6GLlgwPzXzg,si
Literatura Dramática,2025,Ordinaria,La Rioja,https://unirioja.sharepoint.com/:b:/s/academica_publico/EWcUjLYL34dNsUq15INKzpgBqwTtAGT3STsPI9uw1ah1iw?e=KehPro,si
Literatura Dramática,2025,Ordinaria,La Rioja,https://unirioja.sharepoint.com/:b:/s/academica_publico/Eag4xaLlcyJCqnvU4QyADOMBXlRIA6CqA-6nNrTME9-sKw?e=M2bFCa,si
Literatura Dramática,2025,Ordinaria,La Rioja,https://unirioja.sharepoint.com/:b:/s/academica_publico/EYP_AI7Qs8BPg18V8PUk0HYBc_YVwQm4kUORNA9iKIgMdA?e=eM4cBF,si
Literatura Dramática,2025,Ordinaria,La Rioja,https://unirioja.sharepoint.com/:f:/s/academica_publico/EsfkXF_N6ItPk4XZgvZfjS8BtkpbvYRttpsZWdXUna_Ulg,si
Matemáticas II,2025,Ordinaria,La Rioja,https://unirioja.sharepoint.com/:b:/s/academica_publico/IQAf2OIL4LMCRpTYBhhkuW7hAcXJEpYcC7dgIYtIL3QZ5sE,si
Matemáticas II,2025,Ordinaria,La Rioja,https://unirioja.sharepoint.com/:b:/s/academica_publico/IQDyG8trdKScT6vCoPFuSO89AVcJWVGwGcCDK1fv57DHgVA,si
Matemáticas II,2025,Ordinaria,La Rioja,https://unirioja.sharepoint.com/:b:/s/academica_publico/EfK25t0JMB9Fs7GuDAKsYUUBLRsGpxXLe6z2nU0lVuWBlg?e=O8GJwH,si
Matemáticas II,2025,Ordinaria,La Rioja,https://unirioja.sharepoint.com/:b:/s/academica_publico/ERGJkt5NaZlIpdU_y5KzPhoBTUETObrJVEU07jdnCGiAKA?e=vkXPT8,si
Matemáticas II,2025,Ordinaria,La Rioja,https://unirioja.sharepoint.com/:b:/s/academica_publico/EdzEMI7Gq-tBlAYbzhIxDYwBg_eRowbVWWg7cSsxsUpcxA?e=q3dcd3,si
Matemáticas II,2025,Ordinaria,La Rioja,https://unirioja.sharepoint.com/:b:/s/academica_publico/EdM8og-v6R5Ko35AZg4xsIUBK9PyR6ynrkY12Q6g86109A?e=bEp4yK,si
Matemáticas II,2025,Ordinaria,La Rioja,https://unirioja.sharepoint.com/:b:/s/academica_publico/EYHVVLZLnjtKiEnvRyEjcf0Bh17auvFt9C8pq7BbcOw8mA?e=lUm09J,si
Matemáticas II,2025,Ordinaria,La Rioja,https://unirioja.sharepoint.com/:b:/s/academica_publico/ET6AelTkoupNtahAv8fpm4kBkFIH2IhGDOVBOUpYSeL1pA?e=ftYbbm,si
Matemáticas II,2025,Ordinaria,La Rioja,https://unirioja.sharepoint.com/:f:/s/academica_publico/EnjynDz-BatDt3QwygsorbcBMVhedQCC6fmdjtHCNFuCRQ?e=RqQxsY,si
Matemáticas II,2025,Ordinaria,La Rioja,https://unirioja.sharepoint.com/:f:/s/academica_publico/EoG-t-4FlbdFgM7zyyRqp8QBjPOGK6QuySsrVfZIoHCD_w?e=F2pDsV,si
Portugués,2025,Ordinaria,La Rioja,https://unirioja.sharepoint.com/:f:/s/academica_publico/EnBtTS3VgR5Av8zszGnGIh0BVEtrSRkAJRbvrak_8_zNLQ?e=Jng53z,si
Química,2025,Ordinaria,La Rioja,https://unirioja.sharepoint.com/:b:/s/academica_publico/IQCR76KXmC2MR54foa7z1O4EAcnkwNj0NriHFTRUg_9zwC4,si
Química,2025,Ordinaria,La Rioja,https://unirioja.sharepoint.com/:b:/s/academica_publico/ESkex-KBFyRDgkK6uw-yH84B37ubzAd_ATGD0xDI-gSDiw?e=lcmYTj,si
Química,2025,Ordinaria,La Rioja,https://unirioja.sharepoint.com/:b:/s/academica_publico/EYcYhd2gRMhDppj-JFAjpDUBYEUuFDH9MePQWVrxeC0WOA?e=hEC7Ci,si
Química,2025,Ordinaria,La Rioja,https://unirioja.sharepoint.com/:b:/s/academica_publico/ERLQeiyi__FOgL7fKAGocrEBaiyyCqSuJdHUE2gd-1-3Yw?e=1LbMxo,si
Química,2025,Ordinaria,La Rioja,https://unirioja.sharepoint.com/:f:/s/academica_publico/EvU4DcLGf_ZFhP0Q58TXepsBepywBFulRCtSxBRUkNatIw?e=16on9j,si
Técnicas de Expresión Gráfico-Plástica,2025,Ordinaria,La Rioja,https://unirioja.sharepoint.com/:b:/s/academica_publico/IQDRef1v9K-LSLgqxeHhkRnuAU22OP_2rOI8MCUgGdexDAU,si
Técnicas de Expresión Gráfico-Plástica,2025,Ordinaria,La Rioja,https://unirioja.sharepoint.com/:b:/s/academica_publico/IQA-IBCapHogTb5dfNVKCOlMAcYX9L9BuZUHIGMhht9WXPQ,si
Técnicas de Expresión Gráfico-Plástica,2025,Ordinaria,La Rioja,https://unirioja.sharepoint.com/:b:/s/academica_publico/ETulAewngzNAtOrjPkpyp7UB2_s7GCVaK6VKUbjTEnscRQ?e=4ciAT9,si
Técnicas de Expresión Gráfico-Plástica,2025,Ordinaria,La Rioja,https://unirioja.sharepoint.com/:b:/s/academica_publico/EWHDQRlR0ohHiYajOl6NODsBQemuD1AQgGjSZXAA4SGlpw?e=vKUbNl,si
Técnicas de Expresión Gráfico-Plástica,2025,Ordinaria,La Rioja,https://unirioja.sharepoint.com/:f:/s/academica_publico/EqqzW3XBH-pBklPMQHUr1sABM0UJMOgb4MhL22cIWYNkdg,si
Alemán,2021,Extraordinaria,Madrid,https://www.comunidad.madrid/sites/default/files/doc/educacion/univ/aleman-julio_21.pdf,si
Alemán,2021,Extraordinaria,Madrid,https://www.comunidad.madrid/sites/default/files/doc/educacion/univ/aleman6-de-julio.pdf,si
Alemán,2021,Extraordinaria,Madrid,https://www.comunidad.madrid/sites/default/files/doc/educacion/univ/aleman7-de-julio.pdf,si
Alemán,2021,Extraordinaria,Madrid,https://www.comunidad.madrid/sites/default/files/doc/educacion/univ/aleman-sept_2020.pdf,si
Alemán,2021,Ordinaria,Madrid,https://www.comunidad.madrid/sites/default/files/doc/educacion/univ/aleman-7_junio_21.pdf,si
Alemán,2021,Ordinaria,Madrid,https://www.comunidad.madrid/sites/default/files/doc/educacion/univ/aleman-8_junio_21.pdf,si
Alemán,2023,Extraordinaria,Madrid,https://www.comunidad.madrid/sites/default/files/doc/educacion/univ/aleman-jul23.pdf,si
Alemán,2023,Extraordinaria,Madrid,https://www.comunidad.madrid/sites/default/files/doc/educacion/univ/aleman_extraordinaria-julio_2022.pdf,si
Alemán,2023,Ordinaria,Madrid,https://www.comunidad.madrid/sites/default/files/doc/educacion/univ/aleman-5-de-junio23.pdf,si
Alemán,2023,Ordinaria,Madrid,https://www.comunidad.madrid/sites/default/files/doc/educacion/univ/aleman-6-de-junio23.pdf,si
Alemán,2023,Ordinaria,Madrid,https://www.comunidad.madrid/sites/default/files/doc/educacion/univ/aleman-6-de-junio_22.pdf,si
Alemán,2023,Ordinaria,Madrid,https://www.comunidad.madrid/sites/default/files/doc/educacion/univ/aleman-ordinaria-7-de-junio-2022.pdf,si
Alemán,2024,Extraordinaria,Madrid,https://www.comunidad.madrid/sites/default/files/doc/educacion/univ/aleman-julio_24.pdf,si
Alemán,2024,Ordinaria,Madrid,https://www.comunidad.madrid/sites/default/files/doc/educacion/univ/aleman_3_junio_24.pdf,si
Alemán,2024,Ordinaria,Madrid,https://www.comunidad.madrid/sites/default/files/doc/educacion/univ/aleman-4_junio_24.pdf,si
Análisis Musical II,2024,Extraordinaria,Madrid,https://www.comunidad.madrid/sites/default/files/doc/educacion/univ/analisis-musical-ii-julio_24.pdf,si
Análisis Musical II,2024,Ordinaria,Madrid,https://www.comunidad.madrid/sites/default/files/doc/educacion/univ/analisis-musical-ii-junio_24.pdf,si
Artes Escénicas,2021,Extraordinaria,Madrid,https://www.comunidad.madrid/sites/default/files/doc/educacion/univ/artes-escenicas-julio_21.pdf,si
Artes Escénicas,2021,Extraordinaria,Madrid,https://www.comunidad.madrid/sites/default/files/doc/educacion/univ/artes-escenicas-julio_2020.pdf,si
Artes Escénicas,2021,Extraordinaria,Madrid,https://www.comunidad.madrid/sites/default/files/doc/educacion/univ/artes-escenicas-sin-soluciones_sept_2020.pdf,si
Artes Escénicas,2021,Ordinaria,Madrid,https://www.comunidad.madrid/sites/default/files/doc/educacion/univ/artes-escenicas_-_junio_21.pdf,si
Artes Escénicas,2023,Extraordinaria,Madrid,https://www.comunidad.madrid/sites/default/files/doc/educacion/univ/artes-escenicas-jul23.pdf,si
Artes Escénicas,2023,Extraordinaria,Madrid,https://www.comunidad.madrid/sites/default/files/doc/educacion/univ/artes-escenicas_extra-julio-22.pdf,si
Artes Escénicas,2023,Ordinaria,Madrid,https://www.comunidad.madrid/sites/default/files/doc/educacion/univ/artes-escenicas-junio23.pdf,si
Artes Escénicas,2023,Ordinaria,Madrid,https://www.comunidad.madrid/sites/default/files/doc/educacion/univ/artes-escenicas-junio_22.pdf,si
Artes Escénicas,2024,Extraordinaria,Madrid,https://www.comunidad.madrid/sites/default/files/doc/educacion/univ/artes-escenicas-ii-julio_24.pdf,si
Artes Escénicas,2024,Ordinaria,Madrid,https://www.comunidad.madrid/sites/default/files/doc/educacion/univ/artes-escenicas-ii-junio_24.pdf,si
Biología,2021,Extraordinaria,Madrid,https://www.comunidad.madrid/sites/default/files/doc/educacion/univ/biologia-julio_21.pdf,si
Biología,2021,Extraordinaria,Madrid,https://www.comunidad.madrid/sites/default/files/doc/educacion/univ/biologia-julio_2020.pdf,si
Biología,2021,Extraordinaria,Madrid,https://www.comunidad.madrid/sites/default/files/doc/educacion/univ/biologia-2_sept_2020.pdf,si
Biología,2021,Ordinaria,Madrid,https://www.comunidad.madrid/sites/default/files/doc/educacion/univ/biologia_-_junio_21.pdf,si
Biología,2023,Extraordinaria,Madrid,https://www.comunidad.madrid/sites/default/files/doc/educacion/univ/biologia-jul23.pdf,si
Biología,2023,Extraordinaria,Madrid,https://www.comunidad.madrid/sites/default/files/doc/educacion/univ/biologia_extra-julio-22.pdf,si
Biología,2023,Ordinaria,Madrid,https://www.comunidad.madrid/sites/default/files/doc/educacion/univ/biologia-junio23.pdf,si
Biología,2023,Ordinaria,Madrid,https://www.comunidad.madrid/sites/default/files/doc/educacion/univ/biologia-junio_22.pdf,si
Biología,2024,Extraordinaria,Madrid,https://www.comunidad.madrid/sites/default/files/doc/educacion/univ/biologia-julio_24.pdf,si
Biología,2024,Ordinaria,Madrid,https://www.comunidad.madrid/sites/default/files/doc/educacion/univ/biologia-junio_24.pdf,si
Ciencias Generales,2024,Extraordinaria,Madrid,https://www.comunidad.madrid/sites/default/files/doc/educacion/univ/ciencias-generales-julio_24.pdf,si
Ciencias Generales,2024,Ordinaria,Madrid,https://www.comunidad.madrid/sites/default/files/doc/educacion/univ/ciencias-generales-junio_24.pdf,si
Coro y Técnica Vocal II,2024,Extraordinaria,Madrid,https://www.comunidad.madrid/sites/default/files/doc/educacion/univ/coro-y-tecnica-vocal-ii-julio_24.pdf,si
Coro y Técnica Vocal II,2024,Ordinaria,Madrid,https://www.comunidad.madrid/sites/default/files/doc/educacion/univ/coro-y-tecnica-vocal-ii-junio_24.pdf,si
Cultura Audiovisual,2021,Extraordinaria,Madrid,https://www.comunidad.madrid/sites/default/files/doc/educacion/univ/cultura-audiovisual-ii-julio_21.pdf,si
Cultura Audiovisual,2021,Extraordinaria,Madrid,https://www.comunidad.madrid/sites/default/files/doc/educacion/univ/cultura-audiovisual-ii-julio_2020.pdf,si
Cultura Audiovisual,2021,Extraordinaria,Madrid,https://www.comunidad.madrid/sites/default/files/doc/educacion/univ/cultura-audiovisual-ii-sept_2020.pdf,si
Cultura Audiovisual,2021,Ordinaria,Madrid,https://www.comunidad.madrid/sites/default/files/doc/educacion/univ/cultura-audiovisual-ii_-_junio_21.pdf,si
Cultura Audiovisual,2023,Extraordinaria,Madrid,https://www.comunidad.madrid/sites/default/files/doc/educacion/univ/cultura-audiovisual-jul23.pdf,si
Cultura Audiovisual,2023,Extraordinaria,Madrid,https://www.comunidad.madrid/sites/default/files/doc/educacion/univ/cultura-audivisual-ii_extra-julio-22.pdf,si
Cultura Audiovisual,2023,Ordinaria,Madrid,https://www.comunidad.madrid/sites/default/files/doc/educacion/univ/cultura-audiovisual-ii-junio23.pdf,si
Cultura Audiovisual,2023,Ordinaria,Madrid,https://www.comunidad.madrid/sites/default/files/doc/educacion/univ/cultura-audiovisual-ii-junio_22.pdf,si
Dibujo Artístico II,2024,Extraordinaria,Madrid,https://www.comunidad.madrid/sites/default/files/doc/educacion/univ/dibujo-artistico-julio_24.pdf,si
Dibujo Artístico II,2024,Ordinaria,Madrid,https://www.comunidad.madrid/sites/default/files/doc/educacion/univ/dibujo-artistico-ii-junio_24.pdf,si
Dibujo Técnico II,2021,Extraordinaria,Madrid,https://www.comunidad.madrid/sites/default/files/doc/educacion/univ/dibujo-tecnico-ii-julio_21.pdf,si
Dibujo Técnico II,2021,Extraordinaria,Madrid,https://www.comunidad.madrid/sites/default/files/doc/educacion/univ/dibujo-tecnico-ii-julio_2020.pdf,si
Dibujo Técnico II,2021,Extraordinaria,Madrid,https://www.comunidad.madrid/sites/default/files/doc/educacion/univ/dibujo-tecnico-ii-sept_2020.pdf,si
Dibujo Técnico II,2021,Ordinaria,Madrid,https://www.comunidad.madrid/sites/default/files/doc/educacion/univ/dibujo-tecnico_-_junio_21.pdf,si
Dibujo Técnico II,2023,Extraordinaria,Madrid,https://www.comunidad.madrid/sites/default/files/doc/educacion/univ/dibujo-tecnico-jul23.pdf,si
Dibujo Técnico II,2023,Extraordinaria,Madrid,https://www.comunidad.madrid/sites/default/files/doc/educacion/univ/dibujo-tecnico-ii_extra-julio-22.pdf,si
Dibujo Técnico II,2023,Ordinaria,Madrid,https://www.comunidad.madrid/sites/default/files/doc/educacion/univ/dibujo-tecnico-junio23.pdf,si
Dibujo Técnico II,2023,Ordinaria,Madrid,https://www.comunidad.madrid/sites/default/files/doc/educacion/univ/dibujo-tecnico-ii-junio_22.pdf,si
Dibujo Técnico II,2024,Extraordinaria,Madrid,https://www.comunidad.madrid/sites/default/files/doc/educacion/univ/dibujo-tecnico-aplicado-julio_24.pdf,si
Dibujo Técnico II,2024,Extraordinaria,Madrid,https://www.comunidad.madrid/sites/default/files/doc/educacion/univ/dibujo-tecnico-ii-julio_24.pdf,si
Dibujo Técnico II,2024,Ordinaria,Madrid,https://www.comunidad.madrid/sites/default/files/doc/educacion/univ/dibujo-tecnico-aplicado-junio_24.pdf,si
Dibujo Técnico II,2024,Ordinaria,Madrid,https://www.comunidad.madrid/sites/default/files/doc/educacion/univ/dibujo-tecnico-ii-junio_24.pdf,si
Diseño,2021,Extraordinaria,Madrid,https://www.comunidad.madrid/sites/default/files/doc/educacion/univ/diseno-julio_21.pdf,si
Diseño,2021,Extraordinaria,Madrid,https://www.comunidad.madrid/sites/default/files/doc/educacion/univ/diseno-julio_2020.pdf,si
Diseño,2021,Extraordinaria,Madrid,https://www.comunidad.madrid/sites/default/files/doc/educacion/univ/diseno-2_sept_2020.pdf,si
Diseño,2021,Ordinaria,Madrid,https://www.comunidad.madrid/sites/default/files/doc/educacion/univ/diseno_-_junio_21.pdf,si
Diseño,2023,Extraordinaria,Madrid,https://www.comunidad.madrid/sites/default/files/doc/educacion/univ/diseno-jul23.pdf,si
Diseño,2023,Extraordinaria,Madrid,https://www.comunidad.madrid/sites/default/files/doc/educacion/univ/diseno_extra-julio-22.pdf,si
Diseño,2023,Ordinaria,Madrid,https://www.comunidad.madrid/sites/default/files/doc/educacion/univ/diseno-junio23.pdf,si
Diseño,2023,Ordinaria,Madrid,https://www.comunidad.madrid/sites/default/files/doc/educacion/univ/diseno-junio_22.pdf,si
Diseño,2024,Extraordinaria,Madrid,https://www.comunidad.madrid/sites/default/files/doc/educacion/univ/diseno-julio_24.pdf,si
Diseño,2024,Extraordinaria,Madrid,https://www.comunidad.madrid/sites/default/files/doc/educacion/univ/empresa-y-diseno-de-modelos-de-negocio-julio_24.pdf,si
Diseño,2024,Ordinaria,Madrid,https://www.comunidad.madrid/sites/default/files/doc/educacion/univ/diseno-junio_24.pdf,si
Diseño,2024,Ordinaria,Madrid,https://www.comunidad.madrid/sites/default/files/doc/educacion/univ/empresa-y-diseno-de-modelos-de-negocio-junio_24.pdf,si
Economía de la Empresa,2021,Extraordinaria,Madrid,https://www.comunidad.madrid/sites/default/files/doc/educacion/univ/economia-de-la-empresa-julio_21.pdf,si
Economía de la Empresa,2021,Extraordinaria,Madrid,https://www.comunidad.madrid/sites/default/files/doc/educacion/univ/economia-de-la-empresa-julio_2020.pdf,si
Economía de la Empresa,2021,Extraordinaria,Madrid,https://www.comunidad.madrid/sites/default/files/doc/educacion/univ/economia-de-la-empresa-2_sept_2020.pdf,si
Economía de la Empresa,2021,Ordinaria,Madrid,https://www.comunidad.madrid/sites/default/files/doc/educacion/univ/economia-de-la-empresa_-_junio_21.pdf,si
Economía de la Empresa,2023,Extraordinaria,Madrid,https://www.comunidad.madrid/sites/default/files/doc/educacion/univ/economia-de-la-empresa-jul23.pdf,si
Economía de la Empresa,2023,Extraordinaria,Madrid,https://www.comunidad.madrid/sites/default/files/doc/educacion/univ/economia-de-la-empresa_extra-julio-22.pdf,si
Economía de la Empresa,2023,Ordinaria,Madrid,https://www.comunidad.madrid/sites/default/files/doc/educacion/univ/economia-de-la-empresa-junio23.pdf,si
Economía de la Empresa,2023,Ordinaria,Madrid,https://www.comunidad.madrid/sites/default/files/doc/educacion/univ/economia-de-la-empresa-junio_22.pdf,si
Francés,2021,Extraordinaria,Madrid,https://www.comunidad.madrid/sites/default/files/doc/educacion/univ/frances-julio_21.pdf,si
Francés,2021,Extraordinaria,Madrid,https://www.comunidad.madrid/sites/default/files/doc/educacion/univ/frances6-de-julio-1.pdf,si
Francés,2021,Extraordinaria,Madrid,https://www.comunidad.madrid/sites/default/files/doc/educacion/univ/frances7-de-julio-1.pdf,si
Francés,2021,Extraordinaria,Madrid,https://www.comunidad.madrid/sites/default/files/doc/educacion/univ/frances-sept_2020.pdf,si
Francés,2021,Ordinaria,Madrid,https://www.comunidad.madrid/sites/default/files/doc/educacion/univ/frances-7_junio_21.pdf,si
Francés,2021,Ordinaria,Madrid,https://www.comunidad.madrid/sites/default/files/doc/educacion/univ/frances-8_junio_21.pdf,si
Francés,2023,Extraordinaria,Madrid,https://www.comunidad.madrid/sites/default/files/doc/educacion/univ/frances-lea-jul23.pdf,si
Francés,2023,Extraordinaria,Madrid,https://www.comunidad.madrid/sites/default/files/doc/educacion/univ/frances_julio_22.pdf,si
Francés,2023,Ordinaria,Madrid,https://www.comunidad.madrid/sites/default/files/doc/educacion/univ/frances-5-de-junio23.pdf,si
Francés,2023,Ordinaria,Madrid,https://www.comunidad.madrid/sites/default/files/doc/educacion/univ/frances-6-de-junio23.pdf,si
Francés,2023,Ordinaria,Madrid,https://www.comunidad.madrid/sites/default/files/doc/educacion/univ/frances-6-de-junio_22.pdf,si
Francés,2023,Ordinaria,Madrid,https://www.comunidad.madrid/sites/default/files/doc/educacion/univ/frances-ordinaria-7-de-junio-2022.pdf,si
Francés,2024,Extraordinaria,Madrid,https://www.comunidad.madrid/sites/default/files/doc/educacion/univ/frances-julio_24.pdf,si
Francés,2024,Ordinaria,Madrid,https://www.comunidad.madrid/sites/default/files/doc/educacion/univ/frances-3_junio_24.pdf,si
Francés,2024,Ordinaria,Madrid,https://www.comunidad.madrid/sites/default/files/doc/educacion/univ/frances-4_junio_24.pdf,si
Fundamentos Artísticos,2021,Extraordinaria,Madrid,https://www.comunidad.madrid/sites/default/files/doc/educacion/univ/fundamentos-del-arte-ii-julio_21.pdf,si
Fundamentos Artísticos,2021,Extraordinaria,Madrid,https://www.comunidad.madrid/sites/default/files/doc/educacion/univ/fundamentos-del-arte-ii-julio_2020.pdf,si
Fundamentos Artísticos,2021,Extraordinaria,Madrid,https://www.comunidad.madrid/sites/default/files/doc/educacion/univ/fundamentos-dl-arte-ii_sept_2020.pdf,si
Fundamentos Artísticos,2021,Ordinaria,Madrid,https://www.comunidad.madrid/sites/default/files/doc/educacion/univ/fundamentos-del-arte_-_junio_21.pdf,si
Fundamentos Artísticos,2023,Extraordinaria,Madrid,https://www.comunidad.madrid/sites/default/files/doc/educacion/univ/fundamentos-del-arte-ii-jul23.pdf,si
Fundamentos Artísticos,2023,Extraordinaria,Madrid,https://www.comunidad.madrid/sites/default/files/doc/educacion/univ/fundamentos-del-arte-ii_extraordinaria-julio_2022.pdf,si
Fundamentos Artísticos,2023,Ordinaria,Madrid,https://www.comunidad.madrid/sites/default/files/doc/educacion/univ/fundamentos-del-arte-ii-junio23.pdf,si
Fundamentos Artísticos,2023,Ordinaria,Madrid,https://www.comunidad.madrid/sites/default/files/doc/educacion/univ/fundamentos-del-arte-ii-junio_22.pdf,si
Fundamentos Artísticos,2024,Extraordinaria,Madrid,https://www.comunidad.madrid/sites/default/files/doc/educacion/univ/fundamentos-artisticos-julio_24.pdf,si
Fundamentos Artísticos,2024,Extraordinaria,Madrid,https://www.comunidad.madrid/sites/default/files/doc/educacion/univ/fundamentos-del-arte-ii-julio_24.pdf,si
Fundamentos Artísticos,2024,Ordinaria,Madrid,https://www.comunidad.madrid/sites/default/files/doc/educacion/univ/fundamentos-artisticos-junio_24.pdf,si
Fundamentos Artísticos,2024,Ordinaria,Madrid,https://www.comunidad.madrid/sites/default/files/doc/educacion/univ/fundamentos-del-arte-ii-junio_24.pdf,si
Física,2021,Extraordinaria,Madrid,https://www.comunidad.madrid/sites/default/files/doc/educacion/univ/fisica-julio_21.pdf,si
Física,2021,Extraordinaria,Madrid,https://www.comunidad.madrid/sites/default/files/doc/educacion/univ/fisica-julio_2020.pdf,si
Física,2021,Extraordinaria,Madrid,https://www.comunidad.madrid/sites/default/files/doc/educacion/univ/fisica-sept_2020.pdf,si
Física,2021,Ordinaria,Madrid,https://www.comunidad.madrid/sites/default/files/doc/educacion/univ/fisica_-_junio_21.pdf,si
Física,2023,Extraordinaria,Madrid,https://www.comunidad.madrid/sites/default/files/doc/educacion/univ/fisica-jul23.pdf,si
Física,2023,Extraordinaria,Madrid,https://www.comunidad.madrid/sites/default/files/doc/educacion/univ/fisica_extra-julio-22.pdf,si
Física,2023,Ordinaria,Madrid,https://www.comunidad.madrid/sites/default/files/doc/educacion/univ/fisica-junio23.pdf,si
Física,2023,Ordinaria,Madrid,https://www.comunidad.madrid/sites/default/files/doc/educacion/univ/fisica-junio_22.pdf,si
Física,2024,Extraordinaria,Madrid,https://www.comunidad.madrid/sites/default/files/doc/educacion/univ/fisica-julio_24.pdf,si
Física,2024,Ordinaria,Madrid,https://www.comunidad.madrid/sites/default/files/doc/educacion/univ/fisica-junio_24.pdf,si
Geografía,2021,Extraordinaria,Madrid,https://www.comunidad.madrid/sites/default/files/doc/educacion/univ/geografia-julio_21.pdf,si
Geografía,2021,Extraordinaria,Madrid,https://www.comunidad.madrid/sites/default/files/doc/educacion/univ/geografia-julio_2020.pdf,si
Geografía,2021,Extraordinaria,Madrid,https://www.comunidad.madrid/sites/default/files/doc/educacion/univ/geografia-sept_2020.pdf,si
Geografía,2021,Ordinaria,Madrid,https://www.comunidad.madrid/sites/default/files/doc/educacion/univ/geografia_-_junio_21.pdf,si
Geografía,2023,Extraordinaria,Madrid,https://www.comunidad.madrid/sites/default/files/doc/educacion/univ/geografia-jul23.pdf,si
Geografía,2023,Extraordinaria,Madrid,https://www.comunidad.madrid/sites/default/files/doc/educacion/univ/geografia_extra-julio-22.pdf,si
Geografía,2023,Ordinaria,Madrid,https://www.comunidad.madrid/sites/default/files/doc/educacion/univ/geografia-junio23.pdf,si
Geografía,2023,Ordinaria,Madrid,https://www.comunidad.madrid/sites/default/files/doc/educacion/univ/geografia-junio_22.pdf,si
Geografía,2024,Extraordinaria,Madrid,https://www.comunidad.madrid/sites/default/files/doc/educacion/univ/geografia-julio_24.pdf,si
Geografía,2024,Ordinaria,Madrid,https://www.comunidad.madrid/sites/default/files/doc/educacion/univ/geografia-junio_24.pdf,si
Geología y Ciencias Ambientales,2021,Extraordinaria,Madrid,https://www.comunidad.madrid/sites/default/files/doc/educacion/univ/geologia-julio_21.pdf,si
Geología y Ciencias Ambientales,2021,Extraordinaria,Madrid,https://www.comunidad.madrid/sites/default/files/doc/educacion/univ/geologia-julio2020.pdf,si
Geología y Ciencias Ambientales,2021,Extraordinaria,Madrid,https://www.comunidad.madrid/sites/default/files/doc/educacion/univ/geologia-sept_2020.pdf,si
Geología y Ciencias Ambientales,2021,Ordinaria,Madrid,https://www.comunidad.madrid/sites/default/files/doc/educacion/univ/geologia_-_junio_21.pdf,si
Geología y Ciencias Ambientales,2023,Extraordinaria,Madrid,https://www.comunidad.madrid/sites/default/files/doc/educacion/univ/geologia-jul23.pdf,si
Geología y Ciencias Ambientales,2023,Extraordinaria,Madrid,https://www.comunidad.madrid/sites/default/files/doc/educacion/univ/geologia_extra-julio-22.pdf,si
Geología y Ciencias Ambientales,2023,Ordinaria,Madrid,https://www.comunidad.madrid/sites/default/files/doc/educacion/univ/geologia-junio23.pdf,si
Geología y Ciencias Ambientales,2023,Ordinaria,Madrid,https://www.comunidad.madrid/sites/default/files/doc/educacion/univ/geologia-junio_22.pdf,si
Geología y Ciencias Ambientales,2024,Extraordinaria,Madrid,https://www.comunidad.madrid/sites/default/files/doc/educacion/univ/geologia-y-cc-ambientales-julio_24.pdf,si
Geología y Ciencias Ambientales,2024,Ordinaria,Madrid,https://www.comunidad.madrid/sites/default/files/doc/educacion/univ/geologia-y-ciencias-ambientales-junio_24.pdf,si
Griego II,2021,Extraordinaria,Madrid,https://www.comunidad.madrid/sites/default/files/doc/educacion/univ/griego-ii-julio_21.pdf,si
Griego II,2021,Extraordinaria,Madrid,https://www.comunidad.madrid/sites/default/files/doc/educacion/univ/griego-ii-julio2020.pdf,si
Griego II,2021,Extraordinaria,Madrid,https://www.comunidad.madrid/sites/default/files/doc/educacion/univ/griego-ii_sept_2020.pdf,si
Griego II,2021,Ordinaria,Madrid,https://www.comunidad.madrid/sites/default/files/doc/educacion/univ/griego-ii_-_junio_21.pdf,si
Griego II,2023,Extraordinaria,Madrid,https://www.comunidad.madrid/sites/default/files/doc/educacion/univ/griego-ii-jul23.pdf,si
Griego II,2023,Extraordinaria,Madrid,https://www.comunidad.madrid/sites/default/files/doc/educacion/univ/griego-ii_extra-julio-22.pdf,si
Griego II,2023,Ordinaria,Madrid,https://www.comunidad.madrid/sites/default/files/doc/educacion/univ/griego-ii-junio23.pdf,si
Griego II,2023,Ordinaria,Madrid,https://www.comunidad.madrid/sites/default/files/doc/educacion/univ/griego-ii-junio_22.pdf,si
Griego II,2024,Extraordinaria,Madrid,https://www.comunidad.madrid/sites/default/files/doc/educacion/univ/griego-julio_24.pdf,si
Griego II,2024,Ordinaria,Madrid,https://www.comunidad.madrid/sites/default/files/doc/educacion/univ/griego-ii-junio_24.pdf,si
Historia de España,2021,Extraordinaria,Madrid,https://www.comunidad.madrid/sites/default/files/doc/educacion/univ/historia-de-espana-julio_21.pdf,si
Historia de España,2021,Extraordinaria,Madrid,https://www.comunidad.madrid/sites/default/files/doc/educacion/univ/historia-de-espana6-de-julio.pdf,si
Historia de España,2021,Extraordinaria,Madrid,https://www.comunidad.madrid/sites/default/files/doc/educacion/univ/historia-de-espana7-de-julio.pdf,si
Historia de España,2021,Extraordinaria,Madrid,https://www.comunidad.madrid/sites/default/files/doc/educacion/univ/historia-de-espana-sept_2020.pdf,si
Historia de España,2021,Extraordinaria,Madrid,https://www.comunidad.madrid/sites/default/files/doc/educacion/univ/historia-de-la-filosofia-julio_21.pdf,si
Historia de España,2021,Extraordinaria,Madrid,https://www.comunidad.madrid/sites/default/files/doc/educacion/univ/historia-de-la-filosofia-julio2020.pdf,si
Historia de España,2021,Extraordinaria,Madrid,https://www.comunidad.madrid/sites/default/files/doc/educacion/univ/historia-de-la-filosofia_sept_2020.pdf,si
Historia de España,2021,Extraordinaria,Madrid,https://www.comunidad.madrid/sites/default/files/doc/educacion/univ/historia-del-arte-julio_21.pdf,si
Historia de España,2021,Extraordinaria,Madrid,https://www.comunidad.madrid/sites/default/files/doc/educacion/univ/historia-del-arte-julio2020.pdf,si
Historia de España,2021,Extraordinaria,Madrid,https://www.comunidad.madrid/sites/default/files/doc/educacion/univ/historia-del-arte-sept_2020.pdf,si
Historia de España,2021,Ordinaria,Madrid,https://www.comunidad.madrid/sites/default/files/doc/educacion/univ/historia-de-espana-7_junio_21.pdf,si
Historia de España,2021,Ordinaria,Madrid,https://www.comunidad.madrid/sites/default/files/doc/educacion/univ/historia-de-espana-8_junio_21.pdf,si
Historia de España,2021,Ordinaria,Madrid,https://www.comunidad.madrid/sites/default/files/doc/educacion/univ/historia-de-la-filosofia_-_junio_21.pdf,si
Historia de España,2021,Ordinaria,Madrid,https://www.comunidad.madrid/sites/default/files/doc/educacion/univ/historia-del-arte_-_junio_21.pdf,si
Historia de España,2023,Extraordinaria,Madrid,https://www.comunidad.madrid/sites/default/files/doc/educacion/univ/historia-de-espana-jul23.pdf,si
Historia de España,2023,Extraordinaria,Madrid,https://www.comunidad.madrid/sites/default/files/doc/educacion/univ/h-espana_julio_22.pdf,si
Historia de España,2023,Extraordinaria,Madrid,https://www.comunidad.madrid/sites/default/files/doc/educacion/univ/historia-de-la-filosofia-jul23.pdf,si
Historia de España,2023,Extraordinaria,Madrid,https://www.comunidad.madrid/sites/default/files/doc/educacion/univ/historia-de-la-filosofia_extra-julio-22.pdf,si
Historia de España,2023,Extraordinaria,Madrid,https://www.comunidad.madrid/sites/default/files/doc/educacion/univ/historia-del-arte-jul23.pdf,si
Historia de España,2023,Extraordinaria,Madrid,https://www.comunidad.madrid/sites/default/files/doc/educacion/univ/historia-del-arte_extra-julio-22.pdf,si
Historia de España,2023,Ordinaria,Madrid,https://www.comunidad.madrid/sites/default/files/doc/educacion/univ/historia-de-espana-5-de-junio23.pdf,si
Historia de España,2023,Ordinaria,Madrid,https://www.comunidad.madrid/sites/default/files/doc/educacion/univ/historia-de-espana-6-de-junio23.pdf,si
Historia de España,2023,Ordinaria,Madrid,https://www.comunidad.madrid/sites/default/files/doc/educacion/univ/historia-de-espana-6-de-junio_22.pdf,si
Historia de España,2023,Ordinaria,Madrid,https://www.comunidad.madrid/sites/default/files/doc/educacion/univ/historia-de-espana-7-de-junio_22.pdf,si
Historia de España,2023,Ordinaria,Madrid,https://www.comunidad.madrid/sites/default/files/doc/educacion/univ/historia-de-la-filosofia-junio23.pdf,si
Historia de España,2023,Ordinaria,Madrid,https://www.comunidad.madrid/sites/default/files/doc/educacion/univ/historia-de-la-filosofia-junio_22.pdf,si
Historia de España,2023,Ordinaria,Madrid,https://www.comunidad.madrid/sites/default/files/doc/educacion/univ/historia-del-arte-junio23.pdf,si
Historia de España,2023,Ordinaria,Madrid,https://www.comunidad.madrid/sites/default/files/doc/educacion/univ/historia-del-arte-junio_22.pdf,si
Historia de España,2024,Extraordinaria,Madrid,https://www.comunidad.madrid/sites/default/files/doc/educacion/univ/historia-de-espana-julio_24.pdf,si
Historia de España,2024,Extraordinaria,Madrid,https://www.comunidad.madrid/sites/default/files/doc/educacion/univ/historia-de-la-filosofia-julio_24.pdf,si
Historia de España,2024,Extraordinaria,Madrid,https://www.comunidad.madrid/sites/default/files/doc/educacion/univ/historia-del-arte-julio_24.pdf,si
Historia de España,2024,Ordinaria,Madrid,https://www.comunidad.madrid/sites/default/files/doc/educacion/univ/historia-de-espana-3_junio_24.pdf,si
Historia de España,2024,Ordinaria,Madrid,https://www.comunidad.madrid/sites/default/files/doc/educacion/univ/historia-de-espana-4_junio_24.pdf,si
Historia de España,2024,Ordinaria,Madrid,https://www.comunidad.madrid/sites/default/files/doc/educacion/univ/historia-de-la-filosofia-3_junio_24.pdf,si
Historia de España,2024,Ordinaria,Madrid,https://www.comunidad.madrid/sites/default/files/doc/educacion/univ/historia-de-la-filosofia-4_junio_24.pdf,si
Historia de España,2024,Ordinaria,Madrid,https://www.comunidad.madrid/sites/default/files/doc/educacion/univ/historia-de-la-musica-y-de-la-danza-junio_24.pdf,si
Historia de España,2024,Ordinaria,Madrid,https://www.comunidad.madrid/sites/default/files/doc/educacion/univ/historia-del-arte-junio_24.pdf,si
Inglés,2021,Extraordinaria,Madrid,https://www.comunidad.madrid/sites/default/files/doc/educacion/univ/ingles-julio_21.pdf,si
Inglés,2021,Extraordinaria,Madrid,https://www.comunidad.madrid/sites/default/files/doc/educacion/univ/inglesdia-6-de-julio.pdf,si
Inglés,2021,Extraordinaria,Madrid,https://www.comunidad.madrid/sites/default/files/doc/educacion/univ/inglesdia-7-de-julio.pdf,si
Inglés,2021,Extraordinaria,Madrid,https://www.comunidad.madrid/sites/default/files/doc/educacion/univ/ingles-sept_2020.pdf,si
Inglés,2021,Ordinaria,Madrid,https://www.comunidad.madrid/sites/default/files/doc/educacion/univ/ingles-7_junio_21.pdf,si
Inglés,2021,Ordinaria,Madrid,https://www.comunidad.madrid/sites/default/files/doc/educacion/univ/ingles-8_junio_21.pdf,si
Inglés,2023,Extraordinaria,Madrid,https://www.comunidad.madrid/sites/default/files/doc/educacion/univ/ingles-jul23.pdf,si
Inglés,2023,Extraordinaria,Madrid,https://www.comunidad.madrid/sites/default/files/doc/educacion/univ/ingles_julio_22.pdf,si
Inglés,2023,Ordinaria,Madrid,https://www.comunidad.madrid/sites/default/files/doc/educacion/univ/ingles-5-de-junio23.pdf,si
Inglés,2023,Ordinaria,Madrid,https://www.comunidad.madrid/sites/default/files/doc/educacion/univ/ingles-6-de-junio23.pdf,si
Inglés,2023,Ordinaria,Madrid,https://www.comunidad.madrid/sites/default/files/doc/educacion/univ/ingles-6-de-junio_22.pdf,si
Inglés,2023,Ordinaria,Madrid,https://www.comunidad.madrid/sites/default/files/doc/educacion/univ/ingles-7-de-junio_22.pdf,si
Inglés,2024,Extraordinaria,Madrid,https://www.comunidad.madrid/sites/default/files/doc/educacion/univ/ingles-julio_24.pdf,si
Inglés,2024,Ordinaria,Madrid,https://www.comunidad.madrid/sites/default/files/doc/educacion/univ/ingles-3_junio_24.pdf,si
Inglés,2024,Ordinaria,Madrid,https://www.comunidad.madrid/sites/default/files/doc/educacion/univ/ingles-4_junio_24.pdf,si
Italiano,2021,Extraordinaria,Madrid,https://www.comunidad.madrid/sites/default/files/doc/educacion/univ/italiano-lea-julio_21.pdf,si
Italiano,2021,Extraordinaria,Madrid,https://www.comunidad.madrid/sites/default/files/doc/educacion/univ/italiano-adicional-julio2020.pdf,si
Italiano,2021,Ordinaria,Madrid,https://www.comunidad.madrid/sites/default/files/doc/educacion/univ/italiano-junio_21.pdf,si
Italiano,2023,Extraordinaria,Madrid,https://www.comunidad.madrid/sites/default/files/doc/educacion/univ/italiano-lea-jul23.pdf,si
Italiano,2023,Extraordinaria,Madrid,https://www.comunidad.madrid/sites/default/files/doc/educacion/univ/italiano-lea_extra-julio-22.pdf,si
Italiano,2023,Ordinaria,Madrid,https://www.comunidad.madrid/sites/default/files/doc/educacion/univ/italiano-junio23.pdf,si
Italiano,2023,Ordinaria,Madrid,https://www.comunidad.madrid/sites/default/files/doc/educacion/univ/italiano-lea-junio_22.pdf,si
Italiano,2024,Extraordinaria,Madrid,https://www.comunidad.madrid/sites/default/files/doc/educacion/univ/italiano-julio_24.pdf,si
Italiano,2024,Ordinaria,Madrid,https://www.comunidad.madrid/sites/default/files/doc/educacion/univ/italiano-lea-junio_24.pdf,si
Latín II,2021,Extraordinaria,Madrid,https://www.comunidad.madrid/sites/default/files/doc/educacion/univ/latin-ii-julio_21.pdf,si
Latín II,2021,Extraordinaria,Madrid,https://www.comunidad.madrid/sites/default/files/doc/educacion/univ/latin-ii-2-julio2020.pdf,si
Latín II,2021,Extraordinaria,Madrid,https://www.comunidad.madrid/sites/default/files/doc/educacion/univ/latin-ii-sept_2020.pdf,si
Latín II,2021,Ordinaria,Madrid,https://www.comunidad.madrid/sites/default/files/doc/educacion/univ/latin-ii_-_junio_21.pdf,si
Latín II,2023,Extraordinaria,Madrid,https://www.comunidad.madrid/sites/default/files/doc/educacion/univ/latin-ii-jul23.pdf,si
Latín II,2023,Extraordinaria,Madrid,https://www.comunidad.madrid/sites/default/files/doc/educacion/univ/latin-ii_extra-julio-22.pdf,si
Latín II,2023,Ordinaria,Madrid,https://www.comunidad.madrid/sites/default/files/doc/educacion/univ/latin-ii-junio23.pdf,si
Latín II,2023,Ordinaria,Madrid,https://www.comunidad.madrid/sites/default/files/doc/educacion/univ/latin-ii-junio_22.pdf,si
Latín II,2024,Extraordinaria,Madrid,https://www.comunidad.madrid/sites/default/files/doc/educacion/univ/latin-julio_24.pdf,si
Latín II,2024,Ordinaria,Madrid,https://www.comunidad.madrid/sites/default/files/doc/educacion/univ/latin-ii-junio_24.pdf,si
Lengua Castellana y Literatura,2021,Extraordinaria,Madrid,https://www.comunidad.madrid/sites/default/files/doc/educacion/univ/lengua-castell.-y-literatura-ii_prensa-julio_21.pdf,si
Lengua Castellana y Literatura,2021,Extraordinaria,Madrid,https://www.comunidad.madrid/sites/default/files/doc/educacion/univ/lengua-castellana-y-literatura-ii-6-de-julio.pdf,si
Lengua Castellana y Literatura,2021,Extraordinaria,Madrid,https://www.comunidad.madrid/sites/default/files/doc/educacion/univ/lengua-castellana-y-literatura-ii7-de-julio.pdf,si
Lengua Castellana y Literatura,2021,Extraordinaria,Madrid,https://www.comunidad.madrid/sites/default/files/doc/educacion/univ/lengua-cast-y-literat-ii-sept_2020.pdf,si
Lengua Castellana y Literatura,2021,Ordinaria,Madrid,https://www.comunidad.madrid/sites/default/files/doc/educacion/univ/lengua-castellana-y-literatura-7_junio_21.pdf,si
Lengua Castellana y Literatura,2021,Ordinaria,Madrid,https://www.comunidad.madrid/sites/default/files/doc/educacion/univ/lengua-castellana-y-literatura-8_junio_21.pdf,si
Lengua Castellana y Literatura,2023,Extraordinaria,Madrid,https://www.comunidad.madrid/sites/default/files/doc/educacion/univ/lengua-castellana-y-literatura-ii-jul23.pdf,si
Lengua Castellana y Literatura,2023,Extraordinaria,Madrid,https://www.comunidad.madrid/sites/default/files/doc/educacion/univ/lengua_julio_22.pdf,si
Lengua Castellana y Literatura,2023,Ordinaria,Madrid,https://www.comunidad.madrid/sites/default/files/doc/educacion/univ/lengua-castellana-y-literatura-ii-5-de-junio23.pdf,si
Lengua Castellana y Literatura,2023,Ordinaria,Madrid,https://www.comunidad.madrid/sites/default/files/doc/educacion/univ/lengua-castellana-y-literatura-ii-6-de-junio23.pdf,si
Lengua Castellana y Literatura,2023,Ordinaria,Madrid,https://www.comunidad.madrid/sites/default/files/doc/educacion/univ/lengua-castellana-y-liter.ii-6-de-junio_22.pdf,si
Lengua Castellana y Literatura,2023,Ordinaria,Madrid,https://www.comunidad.madrid/sites/default/files/doc/educacion/univ/lengua-castellana-y-liter.ii-7-de-junio_22.pdf,si
Lengua Castellana y Literatura,2024,Extraordinaria,Madrid,https://www.comunidad.madrid/sites/default/files/doc/educacion/univ/lengua-castellana-julio_24.pdf,si
Lengua Castellana y Literatura,2024,Ordinaria,Madrid,https://www.comunidad.madrid/sites/default/files/doc/educacion/univ/lengua-castellana-y-literatura-ii-3_junio_24.pdf,si
Lengua Castellana y Literatura,2024,Ordinaria,Madrid,https://www.comunidad.madrid/sites/default/files/doc/educacion/univ/lengua-castellana-y-literatura-ii-4_junio_24.pdf,si
Literatura Dramática,2024,Ordinaria,Madrid,https://www.comunidad.madrid/sites/default/files/doc/educacion/univ/literatura-dramatica-junio_24.pdf,si
Matemáticas II,2021,Extraordinaria,Madrid,https://www.comunidad.madrid/sites/default/files/doc/educacion/univ/matematicas-acs-ii-julio_21.pdf,si
Matemáticas II,2021,Extraordinaria,Madrid,https://www.comunidad.madrid/sites/default/files/doc/educacion/univ/matematicas-aplicadas-ccss-ii-julio2020.pdf,si
Matemáticas II,2021,Extraordinaria,Madrid,https://www.comunidad.madrid/sites/default/files/doc/educacion/univ/matematicas-acs-ii_sept_2020.pdf,si
Matemáticas II,2021,Extraordinaria,Madrid,https://www.comunidad.madrid/sites/default/files/doc/educacion/univ/matematicas-ii-julio_21.pdf,si
Matemáticas II,2021,Extraordinaria,Madrid,https://www.comunidad.madrid/sites/default/files/doc/educacion/univ/matematicas-ii-julio2020.pdf,si
Matemáticas II,2021,Extraordinaria,Madrid,https://www.comunidad.madrid/sites/default/files/doc/educacion/univ/matematicas-ii_sept_2020.pdf,si
Matemáticas II,2021,Ordinaria,Madrid,https://www.comunidad.madrid/sites/default/files/doc/educacion/univ/matematicas-acs-ii_-_junio_21.pdf,si
Matemáticas II,2021,Ordinaria,Madrid,https://www.comunidad.madrid/sites/default/files/doc/educacion/univ/matematicas-ii_-_junio_21.pdf,si
Matemáticas II,2023,Extraordinaria,Madrid,https://www.comunidad.madrid/sites/default/files/doc/educacion/univ/matematicas-acs-ii-jul23.pdf,si
Matemáticas II,2023,Extraordinaria,Madrid,https://www.comunidad.madrid/sites/default/files/doc/educacion/univ/matematicas-acs-ii_extra-julio-22.pdf,si
Matemáticas II,2023,Extraordinaria,Madrid,https://www.comunidad.madrid/sites/default/files/doc/educacion/univ/matematicas-ii-jul23.pdf,si
Matemáticas II,2023,Extraordinaria,Madrid,https://www.comunidad.madrid/sites/default/files/doc/educacion/univ/matematicas-ii_extra-julio-22.pdf,si
Matemáticas II,2023,Ordinaria,Madrid,https://www.comunidad.madrid/sites/default/files/doc/educacion/univ/matematicas-acs-ii-junio23.pdf,si
Matemáticas II,2023,Ordinaria,Madrid,https://www.comunidad.madrid/sites/default/files/doc/educacion/univ/matematicas-acs-ii-junio_22.pdf,si
Matemáticas II,2023,Ordinaria,Madrid,https://www.comunidad.madrid/sites/default/files/doc/educacion/univ/matematicas-ii-junio23.pdf,si
Matemáticas II,2023,Ordinaria,Madrid,https://www.comunidad.madrid/sites/default/files/doc/educacion/univ/matematicas-ii-junio_22.pdf,si
Matemáticas II,2024,Extraordinaria,Madrid,https://www.comunidad.madrid/sites/default/files/doc/educacion/univ/matematicas-ii-julio_24.pdf,si
Matemáticas II,2024,Extraordinaria,Madrid,https://www.comunidad.madrid/sites/default/files/doc/educacion/univ/matematicas-acs-julio_24.pdf,si
Matemáticas II,2024,Ordinaria,Madrid,https://www.comunidad.madrid/sites/default/files/doc/educacion/univ/matematicas-ii-junio_24.pdf,si
Matemáticas II,2024,Ordinaria,Madrid,https://www.comunidad.madrid/sites/default/files/doc/educacion/univ/matematicas-acs-junio_24.pdf,si
Movimientos Culturales y Artísticos,2024,Ordinaria,Madrid,https://www.comunidad.madrid/sites/default/files/doc/educacion/univ/movimiento-culturales-y-artisticos-junio_24.pdf,si
Portugués,2021,Extraordinaria,Madrid,https://www.comunidad.madrid/sites/default/files/doc/educacion/univ/portugues-lea-julio_21.pdf,si
Portugués,2021,Extraordinaria,Madrid,https://www.comunidad.madrid/sites/default/files/doc/educacion/univ/portugues-adicional-julio2020.pdf,si
Portugués,2021,Extraordinaria,Madrid,https://www.comunidad.madrid/sites/default/files/doc/educacion/univ/portugues_sept_2020.pdf,si
Portugués,2021,Ordinaria,Madrid,https://www.comunidad.madrid/sites/default/files/doc/educacion/univ/portugues_-_junio_21.pdf,si
Portugués,2023,Extraordinaria,Madrid,https://www.comunidad.madrid/sites/default/files/doc/educacion/univ/portugues-lea-jul23.pdf,si
Portugués,2023,Extraordinaria,Madrid,https://www.comunidad.madrid/sites/default/files/doc/educacion/univ/portugues-lea_extra-julio-22.pdf,si
Portugués,2023,Ordinaria,Madrid,https://www.comunidad.madrid/sites/default/files/doc/educacion/univ/portugues-junio23.pdf,si
Portugués,2023,Ordinaria,Madrid,https://www.comunidad.madrid/sites/default/files/doc/educacion/univ/portugues-lea-junio_22.pdf,si
Portugués,2024,Extraordinaria,Madrid,https://www.comunidad.madrid/sites/default/files/doc/educacion/univ/portugues-julio_24.pdf,si
Portugués,2024,Ordinaria,Madrid,https://www.comunidad.madrid/sites/default/files/doc/educacion/univ/portugues-lea-junio_24.pdf,si
Química,2021,Extraordinaria,Madrid,https://www.comunidad.madrid/sites/default/files/doc/educacion/univ/quimica-julio_21.pdf,si
Química,2021,Extraordinaria,Madrid,https://www.comunidad.madrid/sites/default/files/doc/educacion/univ/quimica-julio2020.pdf,si
Química,2021,Extraordinaria,Madrid,https://www.comunidad.madrid/sites/default/files/doc/educacion/univ/quimica_sept_2020.pdf,si
Química,2021,Ordinaria,Madrid,https://www.comunidad.madrid/sites/default/files/doc/educacion/univ/quimica_-_junio_21.pdf,si
Química,2023,Extraordinaria,Madrid,https://www.comunidad.madrid/sites/default/files/doc/educacion/univ/quimica-jul23.pdf,si
Química,2023,Extraordinaria,Madrid,https://www.comunidad.madrid/sites/default/files/doc/educacion/univ/quimica_extra-julio-22.pdf,si
Química,2023,Ordinaria,Madrid,https://www.comunidad.madrid/sites/default/files/doc/educacion/univ/quimica-junio23.pdf,si
Química,2023,Ordinaria,Madrid,https://www.comunidad.madrid/sites/default/files/doc/educacion/univ/quimica-junio_22.pdf,si
Química,2024,Extraordinaria,Madrid,https://www.comunidad.madrid/sites/default/files/doc/educacion/univ/quimica-julio_24.pdf,si
Química,2024,Ordinaria,Madrid,https://www.comunidad.madrid/sites/default/files/doc/educacion/univ/quimica-junio_24.pdf,si
Tecnología e Ingeniería II,2024,Extraordinaria,Madrid,https://www.comunidad.madrid/sites/default/files/doc/educacion/univ/tecnologia-e-ingenieria-ii-julio_24.pdf,si
Tecnología e Ingeniería II,2024,Ordinaria,Madrid,https://www.comunidad.madrid/sites/default/files/doc/educacion/univ/tecnologia-e-ingenieria-ii-junio_24.pdf,si
Técnicas de Expresión Gráfico-Plástica,2024,Extraordinaria,Madrid,https://www.comunidad.madrid/sites/default/files/doc/educacion/univ/tecnicas-de-expresion-gp-julio_24.pdf,si
Técnicas de Expresión Gráfico-Plástica,2024,Ordinaria,Madrid,https://www.comunidad.madrid/sites/default/files/doc/educacion/univ/tecnicas-de-expresion-g-p-junio_24.pdf,si
Lengua Castellana y Literatura,2015,Extraordinaria,Murcia,https://www.um.es/documents/877924/8680343/130+LENGUA+CASTELLANA+2015_sept_WEB.pdf/07d99cf4-b98c-47db-93f2-b75d8245e98e,si
Lengua Castellana y Literatura,2015,Ordinaria,Murcia,https://www.um.es/documents/877924/8680343/130+LENGUA+CASTELLANA+2015_jun+WEB.pdf/c479de27-a4d9-466d-8ebb-182749a11d08,si
Lengua Castellana y Literatura,2016,Extraordinaria,Murcia,https://www.um.es/documents/877924/8680343/130+LENGUA+CASTELLANA+2016_sep+WEB.pdf/3f5176e3-1c2a-46ee-8333-16b540574884,si
Lengua Castellana y Literatura,2016,Ordinaria,Murcia,https://www.um.es/documents/877924/8680343/130+LENGUA+CASTELLANA_jun2016+WEB.pdf/c087c304-1ee9-4a51-aab2-93ab238c2273,si
Lengua Castellana y Literatura,2017,Extraordinaria,Murcia,https://www.um.es/documents/877924/8680343/201+LENGUA+CASTELLANA+2017_sep+WEB.pdf/02156f97-3666-49fd-925b-db716fe67385,si
Lengua Castellana y Literatura,2017,Ordinaria,Murcia,https://www.um.es/documents/877924/8680343/201+LENGUA+CASTELLANA+2017_jun+WEB.pdf/878977cf-35b0-41e3-a09b-8f04551753ee,si
Lengua Castellana y Literatura,2018,Extraordinaria,Murcia,https://www.um.es/documents/877924/8680343/201+LENGUA+CASTELLANA+2018_sep+WEB.pdf/545e3273-7189-4646-b476-763af154ad2a,si
Lengua Castellana y Literatura,2018,Ordinaria,Murcia,https://www.um.es/documents/877924/8680343/201+LENGUA+CASTELLANA+2018_jun+WEB.pdf/704bd4e2-3d48-40c5-a780-25748b635cb7,si
Lengua Castellana y Literatura,2019,Extraordinaria,Murcia,https://www.um.es/documents/877924/8680343/201+LENGUA+CASTELLANA+EBAU2019+septiembre_Web.pdf/40759645-5bb0-4774-ad08-7a5a809413f2,si
Lengua Castellana y Literatura,2019,Ordinaria,Murcia,https://www.um.es/documents/877924/8680343/201+LENGUA+CASTELLANA+EBAU2019+junio+_web.pdf/2e7f9bd7-ebcb-48a0-bd5f-8381d2f651f8,si
Lengua Castellana y Literatura,2020,Extraordinaria,Murcia,https://www.um.es/documents/877924/8680343/201+EBAU2020-JULIO-+LENGUA+CATELLANA+Y+LITERATURA+Examen+y+criterios.pdf/e8c362e3-a90c-9581-d4a6-a479bea8ab55?t=1625655545038,si
Lengua Castellana y Literatura,2020,Extraordinaria,Murcia,https://www.um.es/documents/877924/8680343/201+LENGUA+EBAU2020+Septiembre+examen+y+criterios.pdf/39443e69-6811-402c-917f-464d1397d6f3,si
Lengua Castellana y Literatura,2020,Extraordinaria,Murcia,https://www.um.es/documents/877924/8680343/201-LENGUA+julio+2020.pdf/0347d1c6-96a8-49f3-bcf2-6ac5e5a6934f,si
Lengua Castellana y Literatura,2020,Ordinaria,Murcia,https://www.um.es/documents/877924/8680343/201+EBAU2020-JUNIO+LENGUA+CATELLANA+Y+LITERATURA+Examen+y+criterios.pdf/f6d268ed-3274-34db-92a3-f5bf8c3a9933?t=1623153450920,si
Lengua Castellana y Literatura,2022,Extraordinaria,Murcia,https://www.um.es/documents/1083928/30935649/EBAU2022+201-LENGUA+CASTELLANA+Y+LITERATURA+Examen+y+Criterios-julio.pdf/8ea31804-777f-a77e-20e5-ddab9dd43ead?t=1657216085908,si
Lengua Castellana y Literatura,2022,Ordinaria,Murcia,https://www.um.es/documents/1083928/30935649/EBAU2022+201-LENGUA+CASTELLANA+Y+LITERATURA+Examen+y+Criterios.pdf/4ac1eac8-6973-c5f6-1aee-79ba93294314?t=1655069298147,si
Lengua Castellana y Literatura,2023,Extraordinaria,Murcia,https://www.um.es/documents/1083928/30935649/201-LENGUA+CASTELLANA+Y+LITERATURA+II-julio+2023.pdf/ae82e849-84c8-6fb6-674a-b95d6ac969fd?t=1688715160031,si
Lengua Castellana y Literatura,2023,Ordinaria,Murcia,https://www.um.es/documents/1083928/30935649/201+LENGUA+CASTELLANA+Y+LITERATURA+EBAU2023+junio++Examen+y+Criterios.pdf/8af68df1-6bcd-c649-456e-adf67c19f910?t=1686604022343,si
Lengua Castellana y Literatura,2024,Extraordinaria,Murcia,https://www.um.es/documents/1083928/30935649/EBAI2024-JULIO+301+LENGUA+CASTELLANA+Y+LITERATURA.pdf/6f1249da-866c-2bd8-52d2-ee5e9015511e?t=1720601014398,si
Lengua Castellana y Literatura,2024,Ordinaria,Murcia,https://www.um.es/documents/1083928/30935649/EBAU2024-junio+301+LENGUA+CASTELLANA+Y+LITERATURA+Examen+y+criterios.pdf/2bbf27f7-9c14-2577-bcf4-92088b1784ef?t=1718172458363,si
Varios (ver ZIP),2015,Extraordinaria,Navarra,https://www2.unavarra.es/gesadj/Estudios/acceso_matricula/evau/ExamenesAnteriores/EvAU2015_Extraordinaria.zip,no
Varios (ver ZIP),2015,Ordinaria,Navarra,https://www2.unavarra.es/gesadj/Estudios/acceso_matricula/evau/ExamenesAnteriores/EvAU2015_Ordinaria.zip,no
Varios (ver ZIP),2016,Extraordinaria,Navarra,https://www2.unavarra.es/gesadj/Estudios/acceso_matricula/evau/ExamenesAnteriores/EvAU2016_Extraordinaria.zip,no
Varios (ver ZIP),2016,Ordinaria,Navarra,https://www2.unavarra.es/gesadj/Estudios/acceso_matricula/evau/ExamenesAnteriores/EvAU2016_Ordinaria.zip,no
Varios (ver ZIP),2017,Extraordinaria,Navarra,https://www2.unavarra.es/gesadj/Estudios/acceso_matricula/evau/ExamenesAnteriores/EvAU2017_Extraordinaria.zip,no
Varios (ver ZIP),2017,Ordinaria,Navarra,https://www2.unavarra.es/gesadj/Estudios/acceso_matricula/evau/ExamenesAnteriores/EvAU2017_Ordinaria.zip,no
Varios (ver ZIP),2018,Extraordinaria,Navarra,https://www2.unavarra.es/gesadj/Estudios/acceso_matricula/evau/ExamenesAnteriores/EvAU2018_Extraordinaria.zip,no
Varios (ver ZIP),2018,Ordinaria,Navarra,https://www2.unavarra.es/gesadj/Estudios/acceso_matricula/evau/ExamenesAnteriores/EvAU2018_Ordinaria.zip,no
Varios (ver ZIP),2019,Extraordinaria,Navarra,https://www2.unavarra.es/gesadj/Estudios/acceso_matricula/evau/ExamenesAnteriores/EvAU2019_Extraordinaria.zip,no
Varios (ver ZIP),2019,Ordinaria,Navarra,https://www2.unavarra.es/gesadj/Estudios/acceso_matricula/evau/ExamenesAnteriores/EvAU2019_Ordinaria.zip,no
Varios (ver ZIP),2020,Extraordinaria,Navarra,https://www2.unavarra.es/gesadj/Estudios/acceso_matricula/evau/ExamenesAnteriores/EvAU2020_Extraordinaria.zip,si
Varios (ver ZIP),2020,Ordinaria,Navarra,https://www2.unavarra.es/gesadj/Estudios/acceso_matricula/evau/ExamenesAnteriores/EvAU2020_Ordinaria.zip,si
Varios (ver ZIP),2021,Extraordinaria,Navarra,https://www2.unavarra.es/gesadj/Estudios/acceso_matricula/evau/ExamenesAnteriores/Evau2021_ExamExtraordinariaCast.zip,si
Varios (ver ZIP),2021,Ordinaria,Navarra,https://www2.unavarra.es/gesadj/Estudios/acceso_matricula/evau/ExamenesAnteriores/Evau2021_ExamOrdinariaCast.zip,si
Varios (ver ZIP),2022,Extraordinaria,Navarra,https://www2.unavarra.es/gesadj/Estudios/acceso_matricula/evau/ExamenesAnteriores/EvAU2022_Extraordinaria_cas.zip,si
Varios (ver ZIP),2022,Ordinaria,Navarra,https://www2.unavarra.es/gesadj/Estudios/acceso_matricula/evau/ExamenesAnteriores/EvAU2022_Ordinaria_cas.zip,si
Varios (ver ZIP),2023,Extraordinaria,Navarra,https://www2.unavarra.es/gesadj/Estudios/acceso_matricula/evau/ExamenesAnteriores/EvAU2023_Extrardinaria_cas.zip,si
Varios (ver ZIP),2023,Ordinaria,Navarra,https://www2.unavarra.es/gesadj/Estudios/acceso_matricula/evau/ExamenesAnteriores/EvAU2023_Ordinaria_cas.zip,si
Varios (ver ZIP),2024,Extraordinaria,Navarra,https://www2.unavarra.es/gesadj/Estudios/acceso_matricula/evau/ExamenesAnteriores/EvAU2024_Extraordinaria_cas.zip,si
Varios (ver ZIP),2024,Ordinaria,Navarra,https://www2.unavarra.es/gesadj/Estudios/acceso_matricula/evau/ExamenesAnteriores/EvAU2024_Ordinaria_cas.zip,si
Varios (ver ZIP),2025,Extraordinaria,Navarra,https://www2.unavarra.es/gesadj/Estudios/acceso_matricula/PAU/Examenes_Anteriores/PAU2025_Extraordinaria_cas.zip,si
Varios (ver ZIP),2025,Ordinaria,Navarra,https://www2.unavarra.es/gesadj/Estudios/acceso_matricula/PAU/Examenes_Anteriores/PAU2025_Ordinaria_cas.zip,si
Alemán,2015,Extraordinaria,País Vasco,https://www.ehu.eus/documents/38889400/40443477/Alem%C3%A1n.pdf/667f2676-9576-4c56-887a-0d7ac2fb1119?t=1436786706000,si
Alemán,2015,Ordinaria,País Vasco,https://www.ehu.eus/documents/38889400/39900236/Alem%C3%A1n.pdf/1cf9f757-16b9-4585-af88-e75cbd3f5bc2?t=1666686973694,si
Alemán,2016,Extraordinaria,País Vasco,https://www.ehu.eus/documents/38889400/39900243/Alem%C3%A1n+Extr.+2016.pdf/c5c87234-13db-4049-ac8c-e143e30df1eb?t=1666686701037,si
Alemán,2016,Ordinaria,País Vasco,https://www.ehu.eus/documents/38889400/39900243/Alem%C3%A1n.pdf/063fef02-4af2-4e73-b398-9ee26bd0fd68?t=1666686701371,si
Alemán,2017,Extraordinaria,País Vasco,https://www.ehu.eus/documents/38889400/40441124/Alem%C3%A1n.pdf/58e77d44-335a-4554-abf1-8c18d2ea4cd9?t=1499684613000,si
Alemán,2017,Ordinaria,País Vasco,https://www.ehu.eus/documents/38889400/40441108/Aleman.pdf/b6176742-5726-43e2-9061-ddb632d6f1f7?t=1497258102000,si
Alemán,2018,Extraordinaria,País Vasco,https://www.ehu.eus/documents/38889400/40440167/Aleman.pdf/6440f781-4471-63bc-dfd8-275e10e897ee?t=1531137324000,si
Alemán,2018,Ordinaria,País Vasco,https://www.ehu.eus/documents/38889400/40440048/Alem%C3%A1n.pdf/2afe635b-cd3b-613e-2aaa-52381fbf1be9?t=1531136954000,si
Alemán,2019,Extraordinaria,País Vasco,https://www.ehu.eus/documents/38889400/40439002/Aleman.pdf/03033d97-9bd4-5dd0-c755-4bed2a67fac6?t=1562584677000,si
Alemán,2019,Ordinaria,País Vasco,https://www.ehu.eus/documents/38889400/40438983/Aleman.pdf/17286296-02e0-b0e5-d763-7afd9575f8b8?t=1559913668000,si
Alemán,2020,Extraordinaria,País Vasco,https://www.ehu.eus/documents/38889400/40436789/Aleman.pdf/b8246c91-50e5-34d0-768e-022e0d3e55cf?t=1595919960829,si
Alemán,2020,Ordinaria,País Vasco,https://www.ehu.eus/documents/38889400/40436770/Aleman.pdf/42673882-93ee-37bb-23c9-be6e8340083d?t=1594884508416,si
Alemán,2021,Extraordinaria,País Vasco,https://www.ehu.eus/documents/38889400/40435015/Aleman_eus.pdf/ec4694de-17d0-361c-c901-69ebfac3e910?t=1630994991498,si
Alemán,2021,Ordinaria,País Vasco,https://www.ehu.eus/documents/38889400/40434996/Aleman_cas.pdf/80001f80-f60e-53e6-453a-0403ca92dc21?t=1623912824791,si
Alemán,2022,Extraordinaria,País Vasco,https://www.ehu.eus/documents/38889400/40419856/Alem%C3%A1n+castellano.pdf/04281ccd-3b19-0002-8d20-c72f7d856f9f?t=1663234076347,si
Alemán,2022,Ordinaria,País Vasco,https://www.ehu.eus/documents/38889400/40419837/Aleman_cas.pdf/56cc0ee2-1293-28c3-4ebf-b9921ab4f667?t=1655376465577,si
Alemán,2023,Extraordinaria,País Vasco,https://www.ehu.eus/documents/38889400/45489191/2023_Aleman+%28extraordinaria%29_bil.pdf/8ebc8076-5cca-ab5e-2706-158c25e24eb7?t=1695796279617,si
Alemán,2023,Ordinaria,País Vasco,https://www.ehu.eus/documents/38889400/45491533/Aleman.pdf/9fc8436f-8339-12b5-5bcc-87af19decabe?t=1687166549926,si
Artes Escénicas,2017,Extraordinaria,País Vasco,https://www.ehu.eus/documents/38889400/40441124/Artes+Esc%C3%A9nicas.pdf/fdeea803-4dad-4dfe-bb5a-6398f058cc97?t=1499684618000,si
Artes Escénicas,2017,Ordinaria,País Vasco,https://www.ehu.eus/documents/38889400/40441108/ArtesEscenicas.pdf/ff9d10e8-d71c-4ea4-9c97-0b0d130563f2?t=1497258108000,si
Artes Escénicas,2018,Extraordinaria,País Vasco,https://www.ehu.eus/documents/38889400/40440167/Artes+Esc%C3%A9nicas.pdf/786d0f17-d9df-eba2-a0c6-30ebd8d2ae81?t=1531137338000,si
Artes Escénicas,2018,Ordinaria,País Vasco,https://www.ehu.eus/documents/38889400/40440048/Artes+Esc%C3%A9nicas.pdf/90198ddd-9bcc-868a-4bd5-1faa4055abe8?t=1528711061000,si
Artes Escénicas,2019,Extraordinaria,País Vasco,https://www.ehu.eus/documents/38889400/40439002/Artes+Escenicas.pdf/4a9235c5-bdf3-0f7d-1026-553af7aa1bff?t=1562584677000,si
Artes Escénicas,2019,Ordinaria,País Vasco,https://www.ehu.eus/documents/38889400/40438983/Artes+Escenicas.pdf/d8eb8ceb-d3de-beea-15dd-ff5c447aa79b?t=1559911012000,si
Artes Escénicas,2020,Extraordinaria,País Vasco,https://www.ehu.eus/documents/38889400/40436789/Artes-Escenicas.pdf/229028a9-9d7b-ad9e-be00-e5aa89cd3540?t=1595919982101,si
Artes Escénicas,2020,Ordinaria,País Vasco,https://www.ehu.eus/documents/38889400/40436770/Artes+Escenicas.pdf/a9b0c9d5-fa34-dcdb-ea5b-998681f0fb3e?t=1594884508724,si
Artes Escénicas,2021,Extraordinaria,País Vasco,https://www.ehu.eus/documents/38889400/40435033/Artes+Escenicas_cas.pdf/2b0b1247-2495-045f-733e-27cdecda1f63?t=1630995029612,si
Artes Escénicas,2021,Ordinaria,País Vasco,https://www.ehu.eus/documents/38889400/40434996/Artes+Escenicas_cas.pdf/af103201-d805-19ef-02e1-abf911d67edf?t=1623912825080,si
Artes Escénicas,2022,Extraordinaria,País Vasco,https://www.ehu.eus/documents/38889400/40419856/Artes+esc%C3%A9nicas+castellano.pdf/0ffe7685-849e-85ae-b1f1-ce9b1203c826?t=1663234076678,si
Artes Escénicas,2022,Ordinaria,País Vasco,https://www.ehu.eus/documents/38889400/40419837/Artes+esc%C3%A9nicas_cas.pdf/ee2ea4fd-1d1b-02f1-afe9-39c66e820e45?t=1655376466090,si
Artes Escénicas,2023,Extraordinaria,País Vasco,https://www.ehu.eus/documents/38889400/45489191/2023_Artes+Escenicas+%28extraordinaria%29_bil.pdf/f88fc53d-9750-b9c2-794d-91ec4ed5e0a3?t=1695796279911,si
Artes Escénicas,2023,Ordinaria,País Vasco,https://www.ehu.eus/documents/38889400/45491533/Artes+Esc%C3%A9nicas.pdf/cae7072f-c4ac-0eb6-7609-959bcb31356f?t=1687166550204,si
Biología,2015,Extraordinaria,País Vasco,https://www.ehu.eus/documents/38889400/40443477/Biologia.pdf/f30342ca-6cf6-45c7-8415-99dfff93e68a?t=1436786722000,si
Biología,2015,Ordinaria,País Vasco,https://www.ehu.eus/documents/38889400/39900236/Biolog%C3%ADa.pdf/64cda009-9d44-47b8-9cb7-a651f28cba5b?t=1666686974301,si
Biología,2016,Extraordinaria,País Vasco,https://www.ehu.eus/documents/38889400/39900243/BiologiaExtr.+2016.pdf/58bf91c6-f92a-425c-9db3-d4e4601d0b3b?t=1666686701966,si
Biología,2016,Ordinaria,País Vasco,https://www.ehu.eus/documents/38889400/39900243/Biologia.pdf/439f60c3-124f-4938-8185-632241df8bf5?t=1666686702053,si
Biología,2017,Extraordinaria,País Vasco,https://www.ehu.eus/documents/38889400/40441124/Biologia.pdf/18637ebb-b47e-4f27-9b1a-ba175b20085f?t=1499684625000,si
Biología,2017,Ordinaria,País Vasco,https://www.ehu.eus/documents/38889400/40441108/Biologia.pdf/fbff8133-2913-41d1-bdd2-a893ee3cd214?t=1497258114000,si
Biología,2018,Extraordinaria,País Vasco,https://www.ehu.eus/documents/38889400/40440167/Biolog%C3%ADa.pdf/725731c9-8a68-dd87-028c-da478d0031ff?t=1531137329000,si
Biología,2018,Ordinaria,País Vasco,https://www.ehu.eus/documents/38889400/40440048/Biologia.pdf/b0a43971-4e67-c395-0353-4041048a6c16?t=1528711062000,si
Biología,2019,Extraordinaria,País Vasco,https://www.ehu.eus/documents/38889400/40439002/Biologia.pdf/e6efa61a-e799-4eea-0815-2f5206bae904?t=1562584678000,si
Biología,2019,Ordinaria,País Vasco,https://www.ehu.eus/documents/38889400/40438983/Biologia.pdf/df5712de-870b-b791-3e0c-5f5d56bf05ad?t=1559911013000,si
Biología,2020,Extraordinaria,País Vasco,https://www.ehu.eus/documents/38889400/40436789/Biologia.pdf/11d67194-84de-aad8-7af3-3c3372d26cad?t=1595942442597,si
Biología,2020,Ordinaria,País Vasco,https://www.ehu.eus/documents/38889400/40436770/Biologia.pdf/11caf529-6e48-28c5-a7f7-ce6b01e68012?t=1594884508946,si
Biología,2021,Extraordinaria,País Vasco,https://www.ehu.eus/documents/38889400/40435033/Biologia_cas.pdf/0818efae-a319-0bce-7066-6d9a88f52d04?t=1630995029887,si
Biología,2021,Ordinaria,País Vasco,https://www.ehu.eus/documents/38889400/40434996/Biologia_cas.pdf/3fbf195e-f91d-3886-40e8-6f3914c7784b?t=1623912825412,si
Biología,2022,Extraordinaria,País Vasco,https://www.ehu.eus/documents/38889400/40419856/Biolog%C3%ADa+castellanos.pdf/6cc7f60e-90bc-5d4c-e720-a2b7342723c6?t=1663234077090,si
Biología,2022,Ordinaria,País Vasco,https://www.ehu.eus/documents/38889400/40419837/Biologia_cas.pdf/0379d3d7-7d38-23b2-453f-cbc992a95858?t=1655376466427,si
Biología,2023,Extraordinaria,País Vasco,https://www.ehu.eus/documents/38889400/45489191/2023_Biologia+%28extraordinaria%29_bil.pdf/61b0e1f0-7392-12ec-16a7-a26791181841?t=1695796280210,si
Biología,2023,Ordinaria,País Vasco,https://www.ehu.eus/documents/38889400/45491533/Biologia.pdf/d231a0a7-a8c4-6b74-879d-a42d83bf4cd8?t=1687166550530,si
Ciencias de la Tierra,2015,Extraordinaria,País Vasco,https://www.ehu.eus/documents/38889400/40443477/CTMA.pdf/e863f924-e3c3-4d3e-91fc-5488778b1abc?t=1436786728000,si
Ciencias de la Tierra,2015,Ordinaria,País Vasco,https://www.ehu.eus/documents/38889400/39900236/Ciencias+de+la+Tierra+y+medioambientales.pdf/f7c1db24-2917-4cc5-9e05-8120f59bf45f?t=1666686974474,si
Ciencias de la Tierra,2016,Extraordinaria,País Vasco,https://www.ehu.eus/documents/38889400/39900243/Ciencias+de+la+tierra+y+medioambientalesExtr.+2016.pdf/4c75bdf0-2c50-4abe-ada3-9116ecfa288a?t=1666686702298,si
Ciencias de la Tierra,2016,Ordinaria,País Vasco,https://www.ehu.eus/documents/38889400/39900243/Ciencias+de+la+tierra+y+medioambientales.pdf/399b0a07-93b0-4682-8c22-047940b183c7?t=1666686702383,si
Cultura Audiovisual,2015,Extraordinaria,País Vasco,https://www.ehu.eus/documents/38889400/40443477/Cultura+audiovisual.pdf/826efb84-edae-46ec-a3eb-9df8be8e6cf6?t=1436786733000,si
Cultura Audiovisual,2015,Ordinaria,País Vasco,https://www.ehu.eus/documents/38889400/39900236/Cultura+adiovisual.pdf/58ebdd4b-9982-411b-aa95-19baa2b75b36?t=1666686974564,si
Cultura Audiovisual,2016,Extraordinaria,País Vasco,https://www.ehu.eus/documents/38889400/39900243/Cultura+audiovisualExtr.+2016.pdf/19f27702-349e-4539-a39a-9ccb4b5b9e74?t=1666686702680,si
Cultura Audiovisual,2016,Ordinaria,País Vasco,https://www.ehu.eus/documents/38889400/39900243/Cultura+audiovisual.pdf/18b85f1d-185c-4667-9086-286674c52339?t=1666686702759,si
Cultura Audiovisual,2017,Extraordinaria,País Vasco,https://www.ehu.eus/documents/38889400/40441124/Cultura+Audiovisual+II.pdf/ce1cfdd8-2aa9-4f9d-bc73-797ea7e3cf31?t=1499684631000,si
Cultura Audiovisual,2017,Ordinaria,País Vasco,https://www.ehu.eus/documents/38889400/40441108/CulturaAudiovisual.pdf/af4cbb14-f0ec-458c-9fb0-80f5cf2e9f64?t=1497258120000,si
Cultura Audiovisual,2018,Extraordinaria,País Vasco,https://www.ehu.eus/documents/38889400/40440167/Cultura+Audiovisual.pdf/fa914079-c7be-6ddc-6167-7109cb937c72?t=1531137330000,si
Cultura Audiovisual,2018,Ordinaria,País Vasco,https://www.ehu.eus/documents/38889400/40440048/Cultura+Audiovisual.pdf/7c197d51-d2f0-9946-b921-60c212b7296e?t=1528711063000,si
Cultura Audiovisual,2019,Extraordinaria,País Vasco,https://www.ehu.eus/documents/38889400/40439002/Cultura+Audiovisual+II.pdf/76c4727b-3474-81e2-823a-76e2d2bdcdfc?t=1562584678000,si
Cultura Audiovisual,2019,Ordinaria,País Vasco,https://www.ehu.eus/documents/38889400/40438983/Cultura+Audiovisual+II.pdf/016eb64c-2c04-033e-140e-b9e5a53c7242?t=1559911013000,si
Cultura Audiovisual,2020,Extraordinaria,País Vasco,https://www.ehu.eus/documents/38889400/40436789/Cultura-Audiovisual-II.pdf/8e7b3daf-0cb2-6ec0-b89e-6f6e1a1dd372?t=1595920477699,si
Cultura Audiovisual,2020,Ordinaria,País Vasco,https://www.ehu.eus/documents/38889400/40436770/Cultura+Audiovisual+II.pdf/aa4337e7-f0a5-6361-f4a8-b69cafb92560?t=1594884509260,si
Cultura Audiovisual,2021,Extraordinaria,País Vasco,https://www.ehu.eus/documents/38889400/40435033/Cultura+Audiovisual_cas.pdf/22f024ae-641e-c5e9-d166-e747a62d9c79?t=1630995030111,si
Cultura Audiovisual,2021,Ordinaria,País Vasco,https://www.ehu.eus/documents/38889400/40434996/Cultura+Audiovisual_cas.pdf/0c2db950-0b42-778c-902a-ba3b35d00ba3?t=1623912825663,si
Cultura Audiovisual,2022,Extraordinaria,País Vasco,https://www.ehu.eus/documents/38889400/40419856/Cultura+Audiovisual+castellano.pdf/a0310bc8-84aa-960f-640a-0872bccd9c05?t=1663234077476,si
Cultura Audiovisual,2022,Ordinaria,País Vasco,https://www.ehu.eus/documents/38889400/40419837/Cultura+audiovisual_cas.pdf/698001e5-8ba4-1082-6acd-34437de28ead?t=1655376466721,si
Cultura Audiovisual,2023,Extraordinaria,País Vasco,https://www.ehu.eus/documents/38889400/45489191/2023_Cultura+Audiovisual+%28extraordinaria%29_bil.pdf/326fb5ed-c886-4797-8946-52dd0871769f?t=1695796280647,si
Cultura Audiovisual,2023,Ordinaria,País Vasco,https://www.ehu.eus/documents/38889400/45491533/Cultura+audiovisual.pdf/1fd5e707-4b77-1126-d222-4e1953db0e79?t=1687166550918,si
Desconocida,2015,Extraordinaria,País Vasco,https://www.ehu.eus/documents/38889400/40443477/Analisis+musical.pdf/c017a120-4472-44dc-8ac7-3641963d8d8e?t=1436786715000,si
Desconocida,2015,Extraordinaria,País Vasco,https://www.ehu.eus/documents/38889400/40443477/Dibujo+artistico.pdf/5ac34270-59fc-448a-a434-cca9d27c054a?t=1436786739000,si
Desconocida,2015,Ordinaria,País Vasco,https://www.ehu.eus/documents/38889400/39900236/An%C3%A1lisis+musical.pdf/aa485b9a-41b0-4378-aa96-2b79bbae738c?t=1666686974065,si
Desconocida,2015,Ordinaria,País Vasco,https://www.ehu.eus/documents/38889400/39900236/Dibujo+art%C3%ADstico+II.pdf/f567edc8-1fb0-47e8-a533-1ffa66278c4c?t=1666686974641,si
Desconocida,2015,Ordinaria,País Vasco,https://www.ehu.eus/documents/38889400/39900236/Tecnolog%C3%ADa+industrial.pdf/691cf181-92d0-4154-bf61-5b3e4891796d?t=1666687005745,si
Desconocida,2016,Extraordinaria,País Vasco,https://www.ehu.eus/documents/38889400/39900243/An%C3%A1lisis+musical+IIExtr.+2016.pdf/d6c41694-316d-4bec-b041-55bf9d5fa282?t=1666686701633,si
Desconocida,2016,Extraordinaria,País Vasco,https://www.ehu.eus/documents/38889400/39900243/Dibujo+art%C3%ADstico+IIExtr.+2016.pdf/bf29c9f2-3ce5-4cce-acb1-42d30557048d?t=1666686720813,si
Desconocida,2016,Extraordinaria,País Vasco,https://www.ehu.eus/documents/38889400/39900243/Tecnolog%C3%ADa+industrial+IIExtr.+2016.pdf/5b9e6d4b-1316-45f1-a79a-7da87dc941a2?t=1666686786546,si
Desconocida,2016,Ordinaria,País Vasco,https://www.ehu.eus/documents/38889400/39900243/An%C3%A1lisis+musical+II.pdf/f2688cd9-8ea4-43c3-9d05-e800391bee79?t=1666686701709,si
Desconocida,2016,Ordinaria,País Vasco,https://www.ehu.eus/documents/38889400/39900243/Dibujo+art%C3%ADstico+II.pdf/55e60194-9e7b-4d72-b476-a9776749016f?t=1666686720908,si
Desconocida,2016,Ordinaria,País Vasco,https://www.ehu.eus/documents/38889400/39900243/Tecnolog%C3%ADa+industrial+II.pdf/b2829e2c-0dd8-448f-a632-a5237c427b79?t=1666686786635,si
Dibujo Técnico II,2015,Extraordinaria,País Vasco,https://www.ehu.eus/documents/38889400/40443477/Dibujo+tecnico.pdf/d0ab4427-155f-0c7a-1eb0-83bde1639804?t=1680100628381,si
Dibujo Técnico II,2015,Ordinaria,País Vasco,https://www.ehu.eus/documents/38889400/39900236/Dibujo+t%C3%A9cnico+II.pdf/dbb6067f-f90c-8219-65de-4849f9ab65fb?t=1680100549412,si
Dibujo Técnico II,2016,Extraordinaria,País Vasco,https://www.ehu.eus/documents/38889400/39900243/Dibujo+t%C3%A9cnico+II_extr_2016.pdf/b1f5c021-b83c-4fd4-9f0c-047c41d03c81?t=1666686721352,si
Dibujo Técnico II,2016,Ordinaria,País Vasco,https://www.ehu.eus/documents/38889400/39900243/Dibujo+t%C3%A9cnico+II_ord_2016.pdf/9422c0a2-32ab-41eb-a2de-f036cdd4bb3b?t=1666686721461,si
Dibujo Técnico II,2017,Extraordinaria,País Vasco,https://www.ehu.eus/documents/38889400/40441124/Dibujo+T%C3%A9cnico+extraord.+2017.pdf/d2e1bebc-bee5-4a39-b59d-62b890b94856?t=1504775183000,si
Dibujo Técnico II,2017,Ordinaria,País Vasco,https://www.ehu.eus/documents/38889400/40441108/Dibujo+T%C3%A9cnico+ord.+2017.pdf/40fd7144-f823-4fba-9a47-67ef499720ab?t=1504775083000,si
Dibujo Técnico II,2018,Extraordinaria,País Vasco,https://www.ehu.eus/documents/38889400/40440167/Dibujo+Tecnico.pdf/805679a8-a543-b689-fe22-912518860775?t=1553163846000,si
Dibujo Técnico II,2018,Ordinaria,País Vasco,https://www.ehu.eus/documents/38889400/40440048/Dibujo+T%C3%A9cnico+II.pdf/7b51a070-1b3d-e055-c4ca-a8deb05e1192?t=1529671159000,si
Dibujo Técnico II,2019,Extraordinaria,País Vasco,https://www.ehu.eus/documents/38889400/40439002/Dibujo+Tecnico+II.pdf/c08b727f-8d90-5056-9a7b-7d2466dc4019?t=1562584678000,si
Dibujo Técnico II,2019,Ordinaria,País Vasco,https://www.ehu.eus/documents/38889400/40438983/Dibujo+Tecnico+II.pdf/213c1596-18c4-3de1-0a0b-1391e5defe47?t=1559918582000,si
Dibujo Técnico II,2020,Extraordinaria,País Vasco,https://www.ehu.eus/documents/38889400/40436789/Dibujo+T%C3%A9cnico_CAS.pdf/9c588874-f810-89c7-c7f3-1c67ac7ecf07?t=1603452180424,si
Dibujo Técnico II,2020,Ordinaria,País Vasco,https://www.ehu.eus/documents/38889400/40436770/Dibujo+Tecnico+II.pdf/c3aeb29d-092c-30ad-2df1-45da1aefe932?t=1619160044391,si
Dibujo Técnico II,2021,Extraordinaria,País Vasco,https://www.ehu.eus/documents/38889400/40435033/Dibujo+Tecnico_cas.pdf/f62a2422-7957-9392-0f33-da2c4b7e2b93?t=1630995030312,si
Dibujo Técnico II,2021,Ordinaria,País Vasco,https://www.ehu.eus/documents/38889400/40434996/Dibujo+Tecnico_cas.pdf/8c14ab98-070a-9843-6a74-5a9263514a2a?t=1623912825924,si
Dibujo Técnico II,2022,Extraordinaria,País Vasco,https://www.ehu.eus/documents/38889400/40419856/Dibujo+t%C3%A9cnico+castellano.pdf/24804282-acf6-3f71-8bfd-d253d3dac20f?t=1680100936252,si
Dibujo Técnico II,2022,Ordinaria,País Vasco,https://www.ehu.eus/documents/38889400/40419837/Dibujo+T%C3%A9cnico_cas.pdf/3beda89a-4771-b959-4e7b-6d560de96546?t=1655465651896,si
Dibujo Técnico II,2023,Extraordinaria,País Vasco,https://www.ehu.eus/documents/38889400/45489191/2023_Dibujo+Tecnico+%28extraordinaria%29_bil.pdf/9b71b0c1-835a-82b6-e86a-863a74a0ab27?t=1695796281028,si
Disseny,2015,Extraordinaria,País Vasco,https://www.ehu.eus/documents/38889400/40443477/Dise%C3%B1o.pdf/291c8a6a-9eda-406c-85aa-cf38c5ed382f?t=1436786752000,si
Disseny,2015,Ordinaria,País Vasco,https://www.ehu.eus/documents/38889400/39900236/Dise%C3%B1o.pdf/fce10050-13c2-49ed-863d-4e0b0325affd?t=1666686974893,si
Disseny,2016,Extraordinaria,País Vasco,https://www.ehu.eus/documents/38889400/39900243/Dise%C3%B1oExtr.+2016.pdf/95d56d65-3f9c-4516-8a74-a4f066296cbf?t=1666686721679,si
Disseny,2016,Ordinaria,País Vasco,https://www.ehu.eus/documents/38889400/39900243/Dise%C3%B1o.pdf/bbb9a8d0-3fda-4e1c-88c2-4cc0e769d975?t=1666686721739,si
Disseny,2017,Extraordinaria,País Vasco,https://www.ehu.eus/documents/38889400/40441124/Dise%C3%B1o.pdf/72e54647-5cd5-4168-a617-c807418d3986?t=1499684643000,si
Disseny,2017,Ordinaria,País Vasco,https://www.ehu.eus/documents/38889400/40441108/Dise%C3%B1o.pdf/1b2f5c22-195e-4e49-80c4-cce83d9d8bd3?t=1496998344000,si
Disseny,2018,Extraordinaria,País Vasco,https://www.ehu.eus/documents/38889400/40440167/Dise%C3%B1o.pdf/9797aab4-79f9-220b-09f0-e0fae5db5b1a?t=1531137340000,si
Disseny,2018,Ordinaria,País Vasco,https://www.ehu.eus/documents/38889400/40440048/Dise%C3%B1o.pdf/1ce546b8-6e21-bc84-205a-cf29597f32d1?t=1528711064000,si
Disseny,2019,Extraordinaria,País Vasco,https://www.ehu.eus/documents/38889400/40439002/Dise%C3%B1o.pdf/78a834a0-3a7f-cf5d-3893-e0c8f4e37d4a?t=1562584679000,si
Disseny,2019,Ordinaria,País Vasco,https://www.ehu.eus/documents/38889400/40438983/Dise%C3%B1o.pdf/713bf65a-710c-94bf-4f8f-82a058cdcb80?t=1559911013000,si
Disseny,2020,Extraordinaria,País Vasco,https://www.ehu.eus/documents/38889400/40436789/Dise%C3%B1o.pdf/855db21d-e97a-8e76-eea2-d68c8be5b9ea?t=1595920499253,si
Disseny,2020,Ordinaria,País Vasco,https://www.ehu.eus/documents/38889400/40436770/Dise%C3%B1o.pdf/ab1354b4-9193-fc82-48a9-eff26df63d06?t=1594884509821,si
Disseny,2021,Extraordinaria,País Vasco,https://www.ehu.eus/documents/38889400/40435033/Dise%C3%B1o_cas.pdf/5f57d97b-126b-f661-4fed-26106a17a671?t=1630995030537,si
Disseny,2021,Ordinaria,País Vasco,https://www.ehu.eus/documents/38889400/40434996/Dise%C3%B1o_cas.pdf/366a0f03-5876-1f26-6c01-6bafcd15c4e7?t=1623912826307,si
Disseny,2022,Extraordinaria,País Vasco,https://www.ehu.eus/documents/38889400/40419856/Dise%C3%B1o+castellano.pdf/7395982f-7cc9-4d64-f012-441e54479a64?t=1663234078301,si
Disseny,2022,Ordinaria,País Vasco,https://www.ehu.eus/documents/38889400/40419837/Dise%C3%B1o_cas.pdf/0ee1bc06-c839-5bc5-9436-3b2f04afdb3a?t=1655376467264,si
Disseny,2023,Extraordinaria,País Vasco,https://www.ehu.eus/documents/38889400/45489191/2023_Dise%C3%B1o+%28extraordinaria%29_bil.pdf/a56785b6-e60b-bcd8-a64c-04fed9f52d09?t=1695796281453,si
Disseny,2023,Ordinaria,País Vasco,https://www.ehu.eus/documents/38889400/45491533/Dise%C3%B1o.pdf/cd96d873-c2fc-746c-2286-8d2a7c1fb686?t=1687166551668,si
Economía de la Empresa,2015,Extraordinaria,País Vasco,https://www.ehu.eus/documents/38889400/40443477/Economia+de+la+empresa.pdf/12090b6b-0fd5-4bce-afc8-e058e8b79eeb?t=1436786757000,si
Economía de la Empresa,2015,Ordinaria,País Vasco,https://www.ehu.eus/documents/38889400/39900236/Econom%C3%ADa+de+la+empresa.pdf/37839743-fd56-4cc8-afda-3ea9d333d1f3?t=1666686974961,si
Economía de la Empresa,2016,Ordinaria,País Vasco,https://www.ehu.eus/documents/38889400/39900243/Econom%C3%ADa+de+la+empresa.pdf/5b1fb427-e146-43a4-8331-f53b90b1bf9c?t=1666686721795,si
Economía de la Empresa,2017,Extraordinaria,País Vasco,https://www.ehu.eus/documents/38889400/40441124/Econom%C3%ADa+de+la+empresa.pdf/e7564bf8-3363-4c93-8d83-02256a4746d3?t=1499684649000,si
Economía de la Empresa,2017,Ordinaria,País Vasco,https://www.ehu.eus/documents/38889400/40441108/Economia.pdf/0d9ea2f1-83b3-4043-a47c-ca6f78cb68c0?t=1497258126000,si
Economía de la Empresa,2018,Extraordinaria,País Vasco,https://www.ehu.eus/documents/38889400/40440167/Economia.pdf/8a59b0b5-7f6d-a343-b463-32ff995a5c85?t=1531137331000,si
Economía de la Empresa,2018,Ordinaria,País Vasco,https://www.ehu.eus/documents/38889400/40440048/Economia.pdf/1e18a2ad-1712-0826-968d-74ea479a7b40?t=1528711065000,si
Economía de la Empresa,2019,Extraordinaria,País Vasco,https://www.ehu.eus/documents/38889400/40439002/Economia+de+la+Empresa.pdf/2d292a8a-8441-68cc-14d5-05da8b454e72?t=1562584679000,si
Economía de la Empresa,2019,Ordinaria,País Vasco,https://www.ehu.eus/documents/38889400/40438983/Economia+de+la+Empresa.pdf/208f9e38-06fd-b24a-2bd8-cde6d2bdd467?t=1559911014000,si
Economía de la Empresa,2020,Extraordinaria,País Vasco,https://www.ehu.eus/documents/38889400/40436789/Economia-de-la-Empresa.pdf/4df4de3d-7bcb-68f1-88b3-90536dd9a091?t=1596014019181,si
Economía de la Empresa,2020,Ordinaria,País Vasco,https://www.ehu.eus/documents/38889400/40436770/Economia-de-la-Empresa.pdf/a33de0bc-dfa2-4779-7503-bf0d97bef679?t=1596013922083,si
Economía de la Empresa,2021,Extraordinaria,País Vasco,https://www.ehu.eus/documents/38889400/40435033/Economia+de+la+empresa_cas+%281%29.pdf/d14f8674-a233-f909-e1ef-0916dcf31c20?t=1638186067858,si
Economía de la Empresa,2021,Ordinaria,País Vasco,https://www.ehu.eus/documents/38889400/40434996/Economia+de+la+empresa_cas.pdf/55a7fa1d-b2ce-673f-e8a0-17cf2c765ba3?t=1623912826516,si
Economía de la Empresa,2022,Extraordinaria,País Vasco,https://www.ehu.eus/documents/38889400/40419856/Economia+de+la+Empresa.pdf/1966edf1-5e1b-c585-052b-7323357f35f8?t=1664362889578,si
Economía de la Empresa,2022,Ordinaria,País Vasco,https://www.ehu.eus/documents/38889400/40419837/Economia+de+la+Empresa.pdf/dbfc7f73-4969-ce98-3816-00ea6fcb4e3e?t=1664362764274,si
Economía de la Empresa,2023,Extraordinaria,País Vasco,https://www.ehu.eus/documents/38889400/45489191/2023_Economia+de+la+empresa+%28extraordinaria%29_bil.pdf/fb0a392f-0ebf-f2a9-2f18-5e4b2a5aeabc?t=1695796281713,si
Economía de la Empresa,2023,Ordinaria,País Vasco,https://www.ehu.eus/documents/38889400/45491533/Economia+de+la+Empresa.pdf/35c6a73b-9ee5-f598-3ddb-ad7beba173dd?t=1687166552162,si
Electrotecnia,2015,Extraordinaria,País Vasco,https://www.ehu.eus/documents/38889400/40443477/Electrotecnica.pdf/9bfd4239-a76a-469d-9d81-daf5711f641e?t=1436786763000,si
Electrotecnia,2015,Ordinaria,País Vasco,https://www.ehu.eus/documents/38889400/39900236/Electrotecnia.pdf/be07d695-8556-40e7-a9d1-63b3af94caa7?t=1666686975043,si
Electrotecnia,2016,Extraordinaria,País Vasco,https://www.ehu.eus/documents/38889400/39900243/ElectrotecniaExtr.+2016.pdf/99cff228-5f78-4e82-bdee-b3828f730165?t=1666686722017,si
Electrotecnia,2016,Ordinaria,País Vasco,https://www.ehu.eus/documents/38889400/39900243/Electrotecnia.pdf/add65d36-53c2-4037-9147-b49a289bd2df?t=1666686722088,si
Francés,2015,Extraordinaria,País Vasco,https://www.ehu.eus/documents/38889400/40443477/Frances.pdf/08f7b0a5-5bb9-4f49-9440-9397ecfdadc1?t=1436786775000,si
Francés,2015,Ordinaria,País Vasco,https://www.ehu.eus/documents/38889400/39900236/Franc%C3%A9s.pdf/041568c2-49eb-413e-922d-5d36e14e196f?t=1666686989946,si
Francés,2016,Extraordinaria,País Vasco,https://www.ehu.eus/documents/38889400/39900243/Franc%C3%A9sExtr.+2016.pdf/1f936b94-5751-4d8a-973c-1bd283b00a6e?t=1666686735297,si
Francés,2016,Ordinaria,País Vasco,https://www.ehu.eus/documents/38889400/39900243/Franc%C3%A9s.pdf/d8bb233d-551a-469f-9d5e-405cbde480fe?t=1666686735357,si
Francés,2017,Extraordinaria,País Vasco,https://www.ehu.eus/documents/38889400/40441124/Franc%C3%A9s.pdf/c04324ef-afe6-42e8-8d42-edb95ff70e0c?t=1499684661000,si
Francés,2017,Ordinaria,País Vasco,https://www.ehu.eus/documents/38889400/40441108/Frances.pdf/d8862e98-ebaf-421f-a45d-65667dbd7969?t=1497258138000,si
Francés,2018,Extraordinaria,País Vasco,https://www.ehu.eus/documents/38889400/40440167/Frances.pdf/0a0f9f32-ba73-58ca-6426-5270f633ee51?t=1531137326000,si
Francés,2018,Ordinaria,País Vasco,https://www.ehu.eus/documents/38889400/40440048/Frances.pdf/09c00a53-d01c-504a-bba9-daf94cd31001?t=1528711067000,si
Francés,2019,Extraordinaria,País Vasco,https://www.ehu.eus/documents/38889400/40439002/Frances.pdf/a6d60e9f-ec58-f811-3fd0-e99e2088f8a0?t=1562584680000,si
Francés,2019,Ordinaria,País Vasco,https://www.ehu.eus/documents/38889400/40438983/Frances.pdf/13fbeb8a-8aaa-eb75-52eb-06589059c2cb?t=1559918582000,si
Francés,2020,Extraordinaria,País Vasco,https://www.ehu.eus/documents/38889400/40436789/Frances.pdf/dc17d211-a73f-847a-d450-6e26eb08a64e?t=1595920541708,si
Francés,2020,Ordinaria,País Vasco,https://www.ehu.eus/documents/38889400/40436770/Frances.pdf/d851c5c7-78ca-8be5-394b-c0ed78bb15bc?t=1594884503837,si
Francés,2021,Extraordinaria,País Vasco,https://www.ehu.eus/documents/38889400/40435033/Frances_cas.pdf/aa1cedb3-b646-0c08-08fa-00c5aacdc4f1?t=1630995031006,si
Francés,2021,Ordinaria,País Vasco,https://www.ehu.eus/documents/38889400/40434996/Frances_cas.pdf/9ebbda41-c635-dcd7-3335-12d77b00c766?t=1623912827073,si
Francés,2022,Extraordinaria,País Vasco,https://www.ehu.eus/documents/38889400/40419856/Franc%C3%A9s+castellano.pdf/ee0374fc-2e78-13be-6306-c95349d8128f?t=1663234079649,si
Francés,2022,Ordinaria,País Vasco,https://www.ehu.eus/documents/38889400/40419837/Franc%C3%A9s.pdf/ae17a650-2665-e13a-dcc4-54f373681784?t=1655376468148,si
Francés,2023,Extraordinaria,País Vasco,https://www.ehu.eus/documents/38889400/45489191/2023_Frances+%28extraordinaria%29_bil.pdf/0b42e5e6-518d-5b12-8e03-5011ccba7262?t=1695796282536,si
Francés,2023,Ordinaria,País Vasco,https://www.ehu.eus/documents/38889400/45491533/Franc%C3%A9s.pdf/b03aa2b2-13fc-c5d2-897f-249a9efbc10e?t=1687166552963,si
Fundamentos Artísticos,2017,Extraordinaria,País Vasco,https://www.ehu.eus/documents/38889400/40441124/Fundamentos+del+Arte+II.pdf/7719ab00-9bf5-4c83-8f53-0423e99ccf39?t=1499684667000,si
Fundamentos Artísticos,2017,Ordinaria,País Vasco,https://www.ehu.eus/documents/38889400/40441108/FundamentosDeArte.pdf/7621181a-305b-474a-8a7b-dfa350c70cef?t=1496998350000,si
Fundamentos Artísticos,2018,Extraordinaria,País Vasco,https://www.ehu.eus/documents/38889400/40440167/Fundamentos+del+Arte.pdf/a38c5d5d-74b1-5004-5990-13103b74fdf7?t=1531137332000,si
Fundamentos Artísticos,2018,Ordinaria,País Vasco,https://www.ehu.eus/documents/38889400/40440048/Fundamentos+del+Arte.pdf/29e1475c-4a36-228a-ca87-e5586babf0f2?t=1528711068000,si
Fundamentos Artísticos,2019,Extraordinaria,País Vasco,https://www.ehu.eus/documents/38889400/40439002/Fundamentos+del+Arte+II.pdf/1aeaf430-ce4e-05aa-4d29-2ddb23032c76?t=1562584680000,si
Fundamentos Artísticos,2019,Ordinaria,País Vasco,https://www.ehu.eus/documents/38889400/40438983/Fundamentos+del+Arte+II.pdf/41339cee-a90e-9a99-82aa-c05e70ed5404?t=1559911014000,si
Fundamentos Artísticos,2020,Extraordinaria,País Vasco,https://www.ehu.eus/documents/38889400/40436789/Fundamentos-del-Arte-II.pdf/3adb81d7-7bab-f364-c4a9-6594522e6316?t=1595920765516,si
Fundamentos Artísticos,2020,Ordinaria,País Vasco,https://www.ehu.eus/documents/38889400/40436770/Fundamentos+del+Arte+II.pdf/c7d8fc65-88f0-c6de-5f83-0ff9114a7ee2?t=1594884504195,si
Fundamentos Artísticos,2021,Extraordinaria,País Vasco,https://www.ehu.eus/documents/38889400/40435033/Fundamentos+del+Arte_cas.pdf/1f81dde4-f0e7-40fc-1036-b3e8dbe251a0?t=1630995031158,si
Fundamentos Artísticos,2021,Ordinaria,País Vasco,https://www.ehu.eus/documents/38889400/40434996/Fundamentos+del+Arte_cas.pdf/15d24a03-f94f-897b-d2b3-0f53531cf7f4?t=1623912827275,si
Fundamentos Artísticos,2022,Extraordinaria,País Vasco,https://www.ehu.eus/documents/38889400/40419856/Fundamentos+del+Arte+castellano.pdf/95f97ee3-4d7c-b770-4fbb-00c89b37722e?t=1663234079945,si
Fundamentos Artísticos,2022,Ordinaria,País Vasco,https://www.ehu.eus/documents/38889400/40419837/Fundamentos+de+Arte+II_cas.pdf/b63b6986-bdb1-ae4f-1398-675b15948065?t=1655376468369,si
Fundamentos Artísticos,2023,Extraordinaria,País Vasco,https://www.ehu.eus/documents/38889400/45489191/2023_Fundamentos+del+Arte+II+%28extraordinaria%29_bil.pdf/5a709686-98dd-d10e-03a7-086f1f1f83ae?t=1695796282883,si
Fundamentos Artísticos,2023,Ordinaria,País Vasco,https://www.ehu.eus/documents/38889400/45491533/Fundamentos+del+Arte+II.pdf/6f4f224a-d67e-4922-0e87-f092bc7e6127?t=1687166553200,si
Física,2015,Extraordinaria,País Vasco,https://www.ehu.eus/documents/38889400/40443477/Fisica.pdf/c56c95c1-6f55-4fea-8570-c19460c6cca9?t=1436786769000,si
Física,2015,Ordinaria,País Vasco,https://www.ehu.eus/documents/38889400/39900236/F%C3%ADsica.pdf/c273bb33-6b3d-4102-91c1-710a9bbe1f41?t=1666686989707,si
Física,2016,Extraordinaria,País Vasco,https://www.ehu.eus/documents/38889400/39900243/FisicaExtr.%2B2016.pdf/8c450637-99f1-4b43-a190-50e39dd936b7?t=1666686734913,si
Física,2016,Ordinaria,País Vasco,https://www.ehu.eus/documents/38889400/39900243/Fisica.pdf/33220364-e82d-4e75-8248-11cd8ee38d70?t=1666686735014,si
Física,2017,Extraordinaria,País Vasco,https://www.ehu.eus/documents/38889400/40441124/F%C3%ADsica.pdf/1b1436c8-f81e-4a5a-b927-e7ac5d066140?t=1499684655000,si
Física,2017,Ordinaria,País Vasco,https://www.ehu.eus/documents/38889400/40441108/Fisica.pdf/62f18e85-0674-47c8-89ba-dd71d9affe85?t=1497258132000,si
Física,2018,Extraordinaria,País Vasco,https://www.ehu.eus/documents/38889400/40440167/F%C3%ADsica.pdf/59e09075-c444-34ea-abd4-dbd958615d2c?t=1531137325000,si
Física,2018,Ordinaria,País Vasco,https://www.ehu.eus/documents/38889400/40440048/F%C3%ADsica.pdf/73148846-5494-3632-2abc-8e245f8a497c?t=1529487854000,si
Física,2019,Extraordinaria,País Vasco,https://www.ehu.eus/documents/38889400/40439002/Fisica.pdf/a723d5cf-b25e-0a7a-49e1-514ae1b8fa24?t=1562584679000,si
Física,2019,Ordinaria,País Vasco,https://www.ehu.eus/documents/38889400/40438983/Fisica.pdf/66c6a3ee-e5a7-65e8-873c-4fb1535a2400?t=1560165450000,si
Física,2020,Extraordinaria,País Vasco,https://www.ehu.eus/documents/38889400/40436789/Fisica.pdf/57d05ea8-e008-65d5-9b53-270f68afa5bb?t=1595920527890,si
Física,2020,Ordinaria,País Vasco,https://www.ehu.eus/documents/38889400/40436770/Fisica.pdf/3bbba2de-7203-dfa7-77f5-7bd348645760?t=1594884510275,si
Física,2021,Extraordinaria,País Vasco,https://www.ehu.eus/documents/38889400/40435033/Fisica_cas.pdf/fd78c36c-c2b9-baba-f594-2db491c0cb26?t=1630995030778,si
Física,2021,Ordinaria,País Vasco,https://www.ehu.eus/documents/38889400/40434996/Fisica_cas.pdf/45ba0e3a-5930-00a4-5cd2-07e24f8081a5?t=1623912826802,si
Física,2022,Extraordinaria,País Vasco,https://www.ehu.eus/documents/38889400/40419856/F%C3%ADsica+castellano.pdf/92afc879-041f-0dda-754a-f089ee362716?t=1663234079347,si
Física,2022,Ordinaria,País Vasco,https://www.ehu.eus/documents/38889400/40419837/F%C3%ADsica_cas.pdf/0ccecd2f-7727-b84d-831f-9c2b1fe1231b?t=1655376467909,si
Física,2023,Extraordinaria,País Vasco,https://www.ehu.eus/documents/38889400/45489191/2023_Fisica+%28extraordinaria%29_bil.pdf/2c1e0f2d-fd5a-4916-669b-bc7dd8df04b3?t=1695796282208,si
Física,2023,Ordinaria,País Vasco,https://www.ehu.eus/documents/38889400/45491533/F%C3%ADsica.pdf/3f3f8047-dd45-4fd8-257e-36eff393de9b?t=1687166552684,si
Geografía,2015,Extraordinaria,País Vasco,https://www.ehu.eus/documents/38889400/40443477/Geografia.pdf/0eb4df2e-9ccd-444f-821d-942df20702e4?t=1436786780000,si
Geografía,2015,Ordinaria,País Vasco,https://www.ehu.eus/documents/38889400/39900236/Geograf%C3%ADa.pdf/d1945612-8394-4f38-927b-8aa20e08754f?t=1666686990143,si
Geografía,2016,Extraordinaria,País Vasco,https://www.ehu.eus/documents/38889400/39900243/Geograf%C3%ADaExtr.+2016.pdf/bba99fff-d657-4d37-93ef-adb749ce11ca?t=1666686735550,si
Geografía,2016,Ordinaria,País Vasco,https://www.ehu.eus/documents/38889400/39900243/Geograf%C3%ADa.pdf/d9551a77-e49b-4adb-bdb3-e678875ab6e7?t=1666686735628,si
Geografía,2017,Extraordinaria,País Vasco,https://www.ehu.eus/documents/38889400/40441124/Geograf%C3%ADa.pdf/2d15b328-b77f-4c56-82b5-0be8e60d1513?t=1499684673000,si
Geografía,2017,Ordinaria,País Vasco,https://www.ehu.eus/documents/38889400/40441108/Geograf%C3%ADa.pdf/c8ab1736-fed7-47a5-83e1-e6d3f37e88cf?t=1496998358000,si
Geografía,2018,Extraordinaria,País Vasco,https://www.ehu.eus/documents/38889400/40440167/Geografia.pdf/1e5d3626-9f1a-c724-f46b-c56680f6eba3?t=1531137333000,si
Geografía,2018,Ordinaria,País Vasco,https://www.ehu.eus/documents/38889400/40440048/Geografia.pdf/42de02f2-8dcb-1c67-bb7f-bb691107214d?t=1528711068000,si
Geografía,2019,Extraordinaria,País Vasco,https://www.ehu.eus/documents/38889400/40439002/Geografia.pdf/92576450-726d-97fd-0d51-d8f88848ab9a?t=1562584680000,si
Geografía,2019,Ordinaria,País Vasco,https://www.ehu.eus/documents/38889400/40438983/Geografia.pdf/a428d452-18e1-e2fe-426a-36f70ae06544?t=1559911014000,si
Geografía,2020,Extraordinaria,País Vasco,https://www.ehu.eus/documents/38889400/40436789/Geografia.pdf/4d030ab6-6bd1-4dc3-f1e7-a6662229a946?t=1595920772783,si
Geografía,2020,Ordinaria,País Vasco,https://www.ehu.eus/documents/38889400/40436770/Geografia.pdf/f5697d89-3df7-6a14-8f76-98485373c700?t=1594884504546,si
Geografía,2021,Extraordinaria,País Vasco,https://www.ehu.eus/documents/38889400/40435033/Geografia_cas.pdf/d0abfe9d-55e7-5cf0-19bb-33d22ed60853?t=1630995031311,si
Geografía,2021,Ordinaria,País Vasco,https://www.ehu.eus/documents/38889400/40434996/Geografia_cas.pdf/f1b6bee8-d17d-feba-5ca2-553abf4c53b0?t=1623912827501,si
Geografía,2022,Extraordinaria,País Vasco,https://www.ehu.eus/documents/38889400/40419856/Geograf%C3%ADa+castellano.pdf/b108587e-4335-f0ec-20e0-eab57aafac09?t=1663234080248,si
Geografía,2022,Ordinaria,País Vasco,https://www.ehu.eus/documents/38889400/40419837/Geograf%C3%ADa_cas.pdf/54c1256b-368d-50a4-4441-35f5c2634fb2?t=1655376468628,si
Geografía,2023,Extraordinaria,País Vasco,https://www.ehu.eus/documents/38889400/45489191/2023_Geografia+%28extraordinaria%29_bil.pdf/6bc6e684-3b35-d1be-d937-fd423b87792b?t=1695796283197,si
Geografía,2023,Ordinaria,País Vasco,https://www.ehu.eus/documents/38889400/45491533/Geograf%C3%ADa.pdf/a77dc923-0c6b-b7a4-89ef-8ba14a645792?t=1687166553501,si
Geología y Ciencias Ambientales,2017,Extraordinaria,País Vasco,https://www.ehu.eus/documents/38889400/40441124/Geolog%C3%ADa_cast.pdf/76b40e37-4ca2-02a4-75f0-1699f0582966?t=1518007062000,si
Geología y Ciencias Ambientales,2017,Ordinaria,País Vasco,https://www.ehu.eus/documents/38889400/40441108/Geologia_gazt_2017.pdf/7dc1b9ed-65c8-0c57-e706-8ebb13ab3dfe?t=1515428243000,si
Geología y Ciencias Ambientales,2018,Extraordinaria,País Vasco,https://www.ehu.eus/documents/38889400/40440167/Geologia.pdf/26f304f4-2d49-7f23-cfd4-d0f7227a42ed?t=1531137334000,si
Geología y Ciencias Ambientales,2018,Ordinaria,País Vasco,https://www.ehu.eus/documents/38889400/40440048/Geologia.pdf/24853928-eb95-580d-781b-b74d2fb05a80?t=1528711070000,si
Geología y Ciencias Ambientales,2019,Extraordinaria,País Vasco,https://www.ehu.eus/documents/38889400/40439002/Geologia.pdf/b77b451f-5356-009e-f06f-4ebc26cad134?t=1562584680000,si
Geología y Ciencias Ambientales,2019,Ordinaria,País Vasco,https://www.ehu.eus/documents/38889400/40438983/Geologia.pdf/fd06daab-a5f3-3351-40ac-33ce06b37864?t=1559911014000,si
Geología y Ciencias Ambientales,2020,Extraordinaria,País Vasco,https://www.ehu.eus/documents/38889400/40436789/Geologia.pdf/96971bf1-2701-f73c-2313-e526d15daef2?t=1595920780580,si
Geología y Ciencias Ambientales,2020,Ordinaria,País Vasco,https://www.ehu.eus/documents/38889400/40436770/Geologia.pdf/2914cb98-a0ce-8473-ccc1-505e9aaff603?t=1594884504781,si
Geología y Ciencias Ambientales,2021,Extraordinaria,País Vasco,https://www.ehu.eus/documents/38889400/40435033/Geologia_cas.pdf/ad0623a2-c8a0-2a1c-3149-d77dfab47a45?t=1630995031599,si
Geología y Ciencias Ambientales,2021,Ordinaria,País Vasco,https://www.ehu.eus/documents/38889400/40434996/Geologia_cas.pdf/9746f44e-25b0-be59-8093-2ecfffc36673?t=1623912827705,si
Geología y Ciencias Ambientales,2022,Extraordinaria,País Vasco,https://www.ehu.eus/documents/38889400/40419856/Geolog%C3%ADa+castellano.pdf/a02801b5-0fe9-ad1e-52c3-fa3410c85782?t=1663234080581,si
Geología y Ciencias Ambientales,2022,Ordinaria,País Vasco,https://www.ehu.eus/documents/38889400/40419837/Geolog%C3%ADa_cas.pdf/7e8a6cd8-f5d3-704a-f0d4-983d2309b289?t=1655376468876,si
Geología y Ciencias Ambientales,2023,Extraordinaria,País Vasco,https://www.ehu.eus/documents/38889400/45489191/2023_Geologia+%28extraordinaria%29_bil.pdf/44889f6b-a72a-08f4-73c9-bf32ab2b7ad1?t=1695796283592,si
Geología y Ciencias Ambientales,2023,Ordinaria,País Vasco,https://www.ehu.eus/documents/38889400/45491533/Geologia.pdf/d73041d6-fdf5-b643-bfee-6fcb2440db2d?t=1687166553756,si
Griego II,2015,Extraordinaria,País Vasco,https://www.ehu.eus/documents/38889400/40443477/Griego.pdf/f7535a7e-9f7e-445b-b3a2-2f38e8ab6320?t=1436786786000,si
Griego II,2015,Ordinaria,País Vasco,https://www.ehu.eus/documents/38889400/39900236/Griego.pdf/7e518138-dcef-44f8-b6d7-4a2c0db773e7?t=1666686990423,si
Griego II,2016,Extraordinaria,País Vasco,https://www.ehu.eus/documents/38889400/39900243/Griego+IIExtr.+2016.pdf/86f5e9ae-6dfb-46ef-a9e9-7b6dcbfd1283?t=1666686735711,si
Griego II,2016,Ordinaria,País Vasco,https://www.ehu.eus/documents/38889400/39900243/Griego+II.pdf/3667fb43-bdee-4cd7-bdf6-650b933bd04c?t=1666686735768,si
Griego II,2017,Extraordinaria,País Vasco,https://www.ehu.eus/documents/38889400/40441124/Griego+II.pdf/b8bbffde-e4c3-40c7-9f12-f339b17e330e?t=1499684687000,si
Griego II,2017,Ordinaria,País Vasco,https://www.ehu.eus/documents/38889400/40441108/Griego.pdf/761a016e-1714-4ea6-83c3-459cbaeed9ea?t=1497258150000,si
Griego II,2018,Extraordinaria,País Vasco,https://www.ehu.eus/documents/38889400/40440167/Griego.pdf/0a0438b1-4752-9ab4-f33b-5bcc75f66a70?t=1531137335000,si
Griego II,2018,Ordinaria,País Vasco,https://www.ehu.eus/documents/38889400/40440048/Griego.pdf/a4761a11-36d2-e7e5-88af-c61c6b446976?t=1528711070000,si
Griego II,2019,Extraordinaria,País Vasco,https://www.ehu.eus/documents/38889400/40439002/Griego+II.pdf/c7ea0e56-7412-b187-3526-682e22d14520?t=1562584681000,si
Griego II,2019,Ordinaria,País Vasco,https://www.ehu.eus/documents/38889400/40438983/Griego+II.pdf/0a486939-a85b-68f1-a8b2-5b683cfd61a7?t=1559911015000,si
Griego II,2020,Extraordinaria,País Vasco,https://www.ehu.eus/documents/38889400/40436789/Griego-II.pdf/743b5f7c-e4aa-e504-53ec-1f704acaab1b?t=1595920788065,si
Griego II,2020,Ordinaria,País Vasco,https://www.ehu.eus/documents/38889400/40436770/Griego+II.pdf/9f028b71-dd92-3221-66af-df0bcd085868?t=1594884505031,si
Griego II,2021,Extraordinaria,País Vasco,https://www.ehu.eus/documents/38889400/40435033/Griego_cas.pdf/1b6b20d6-ba3a-1f70-51c5-e0d5f303ec01?t=1630995031836,si
Griego II,2021,Ordinaria,País Vasco,https://www.ehu.eus/documents/38889400/40434996/Griego_cas.pdf/4fd7ae50-92a5-7eed-9c1f-96f426a9e17a?t=1623912827900,si
Griego II,2022,Extraordinaria,País Vasco,https://www.ehu.eus/documents/38889400/40419856/Griego+castellano.pdf/bfe9b885-ce65-a58c-133f-7a4db941455a?t=1663234080844,si
Griego II,2022,Ordinaria,País Vasco,https://www.ehu.eus/documents/38889400/40419837/Griego_cas.pdf/97549a5c-7a53-25b5-d507-f8d6af6286d8?t=1655376469385,si
Griego II,2023,Extraordinaria,País Vasco,https://www.ehu.eus/documents/38889400/45489191/2023_Griego+II+%28extraordinaria%29_bil.pdf/63b7caca-161b-43a7-7420-bde548b7b369?t=1695796283911,si
Griego II,2023,Ordinaria,País Vasco,https://www.ehu.eus/documents/38889400/45491533/Griego.pdf/232e21c9-4862-4d80-89af-a761d8bf2d0a?t=1687166554064,si
Historia de España,2015,Extraordinaria,País Vasco,https://www.ehu.eus/documents/38889400/40443477/Historia+de+Espa%C3%B1a.pdf/952e748c-34e2-42a7-b960-39c999e3b88e?t=1436787414000,si
Historia de España,2015,Extraordinaria,País Vasco,https://www.ehu.eus/documents/38889400/40443477/Historia+de+la+filosofia.pdf/c7d22fe7-c92f-4c93-9af7-2c7f89499c29?t=1436787421000,si
Historia de España,2015,Extraordinaria,País Vasco,https://www.ehu.eus/documents/38889400/40443477/H%C2%AA+musica.pdf/02383657-15b2-475f-9556-134fea4d5f3c?t=1436787406000,si
Historia de España,2015,Extraordinaria,País Vasco,https://www.ehu.eus/documents/38889400/40443477/Historia+del+arte.pdf/c62e934f-6e31-40f2-9ef0-fb1d00d5ddf4?t=1436787427000,si
Historia de España,2015,Ordinaria,País Vasco,https://www.ehu.eus/documents/38889400/39900236/Historia+de+Espa%C3%B1a.pdf/fcc01291-d834-469a-8b0e-6dcb11d53136?t=1666686990544,si
Historia de España,2015,Ordinaria,País Vasco,https://www.ehu.eus/documents/38889400/39900236/Historia+de+la+filosof%C3%ADa.pdf/945ab248-1dd6-47f7-8c9d-182c148d4130?t=1666686990606,si
Historia de España,2015,Ordinaria,País Vasco,https://www.ehu.eus/documents/38889400/39900236/Historia+de+la+m%C3%BAsica.pdf/dc6a0f30-5a59-4787-9e47-305c97486602?t=1666686990670,si
Historia de España,2015,Ordinaria,País Vasco,https://www.ehu.eus/documents/38889400/39900236/Historia+del+arte.pdf/44948f03-427a-4c62-a129-a8a53d5cffc9?t=1666686990754,si
Historia de España,2016,Extraordinaria,País Vasco,https://www.ehu.eus/documents/38889400/39900243/Historia+de+Espa%C3%B1aExtr.+2016.pdf/089dd9a6-c344-4a74-8358-0e6d5390234f?t=1666686736141,si
Historia de España,2016,Extraordinaria,País Vasco,https://www.ehu.eus/documents/38889400/39900243/Historia+de+la+filosof%C3%ADaExtr.+2016.pdf/c9025a95-e8de-436d-b90a-d0c6a85c1b74?t=1666686750508,si
Historia de España,2016,Extraordinaria,País Vasco,https://www.ehu.eus/documents/38889400/39900243/H%C2%AA+musicaExtr.+2016.pdf/18ccba48-3b3a-4ad1-86e9-263f8aa6161b?t=1666686735943,si
Historia de España,2016,Extraordinaria,País Vasco,https://www.ehu.eus/documents/38889400/39900243/Historia+del+arteExtr.+2016.pdf/df8a2220-9bc8-4713-948b-4c8c6ff58401?t=1666686750899,si
Historia de España,2016,Ordinaria,País Vasco,https://www.ehu.eus/documents/38889400/39900243/Historia+de+Espa%C3%B1a.pdf/1e5fd3fd-d2bd-40d9-8e6c-5f928e2fa2db?t=1666686736201,si
Historia de España,2016,Ordinaria,País Vasco,https://www.ehu.eus/documents/38889400/39900243/Historia+de+la+filosof%C3%ADa.pdf/d992f112-f2b0-4471-afe9-2f8f9ffaeaf1?t=1666686750576,si
Historia de España,2016,Ordinaria,País Vasco,https://www.ehu.eus/documents/38889400/39900243/Historia_musica.pdf/bc065d9c-2ad2-42f6-b505-2079bc69c6fb?t=1666686751092,si
Historia de España,2016,Ordinaria,País Vasco,https://www.ehu.eus/documents/38889400/39900243/Historia+del+arte.pdf/1c477aa0-210f-4ab5-bfe0-04bcd48f965e?t=1666686750964,si
Historia de España,2017,Extraordinaria,País Vasco,https://www.ehu.eus/documents/38889400/40441124/Historia+de+Espa%C3%B1a.pdf/779c9aaa-e117-45c6-9fea-06fe07fc2fe9?t=1499684693000,si
Historia de España,2017,Extraordinaria,País Vasco,https://www.ehu.eus/documents/38889400/40441124/Historia+de+la+filosof%C3%ADa.pdf/c7bdcfc9-c766-41cc-b04d-0ebb570f1113?t=1499684699000,si
Historia de España,2017,Extraordinaria,País Vasco,https://www.ehu.eus/documents/38889400/40441124/Historia+del+arte.pdf/bf187c36-bd2d-4dba-ae58-38c133cdfa1e?t=1499684705000,si
Historia de España,2017,Ordinaria,País Vasco,https://www.ehu.eus/documents/38889400/40441108/Historia+de+Espa%C3%B1a.pdf/a633bd9f-073d-4e5e-8997-cc873745b8d3?t=1496998364000,si
Historia de España,2017,Ordinaria,País Vasco,https://www.ehu.eus/documents/38889400/40441108/Historiadela+Filosofia.pdf/93f561e5-0304-425f-a717-bed7a2ba9354?t=1497258155000,si
Historia de España,2017,Ordinaria,País Vasco,https://www.ehu.eus/documents/38889400/40441108/HistoriadelArte.pdf/d3238d98-6d4b-4446-a768-1b0f4b9e9562?t=1497258161000,si
Historia de España,2018,Extraordinaria,País Vasco,https://www.ehu.eus/documents/38889400/40440167/Historia+de+Espa%C3%B1a+.pdf/3b737854-f0c2-0443-4b02-9bb80ccf5819?t=1531137341000,si
Historia de España,2018,Extraordinaria,País Vasco,https://www.ehu.eus/documents/38889400/40440167/Historia+de+la+Filosofia.pdf/6830e25b-4832-cd50-fc82-466760b4616a?t=1531137327000,si
Historia de España,2018,Extraordinaria,País Vasco,https://www.ehu.eus/documents/38889400/40440167/Historia+del+Arte.pdf/411cd553-9418-89e9-3182-02faf81dd991?t=1531137336000,si
Historia de España,2018,Ordinaria,País Vasco,https://www.ehu.eus/documents/38889400/40440048/Historia+de+Espa%C3%B1a.pdf/d7a5acb5-32c1-da96-be82-8d150b0b7589?t=1528711071000,si
Historia de España,2018,Ordinaria,País Vasco,https://www.ehu.eus/documents/38889400/40440048/Historiadela+Filosofia.pdf/3c874d40-b7b5-83f8-b02d-fcd71927da43?t=1528711073000,si
Historia de España,2018,Ordinaria,País Vasco,https://www.ehu.eus/documents/38889400/40440048/Historia_del_Arte.pdf/7d3bd4dc-244c-9b41-5a6c-dad76e00082d?t=1528711072000,si
Historia de España,2019,Extraordinaria,País Vasco,https://www.ehu.eus/documents/38889400/40439002/Historia+de+Espa%C3%B1a.pdf/cdbaa67a-5f98-b38e-c187-faa5ee673c65?t=1562584681000,si
Historia de España,2019,Extraordinaria,País Vasco,https://www.ehu.eus/documents/38889400/40439002/Historia+de+la+Filosofia.pdf/126c2864-31db-00c5-2a89-32c48ace1bbb?t=1562584681000,si
Historia de España,2019,Extraordinaria,País Vasco,https://www.ehu.eus/documents/38889400/40439002/Historia+del+Arte.pdf/d48ddcd7-42a1-d80c-7b48-2aea8293a26d?t=1562584682000,si
Historia de España,2019,Ordinaria,País Vasco,https://www.ehu.eus/documents/38889400/40438983/Historia+de+Espa%C3%B1a.pdf/62c7adf4-e8f4-6f38-0ae0-802c66ccbe51?t=1559911015000,si
Historia de España,2019,Ordinaria,País Vasco,https://www.ehu.eus/documents/38889400/40438983/Historia+de+la+Filosofia.pdf/329ce036-e90c-8caf-1947-9596e53d5b7a?t=1559919140000,si
Historia de España,2019,Ordinaria,País Vasco,https://www.ehu.eus/documents/38889400/40438983/Historia+del+Arte.pdf/602646d0-9bcd-17a2-71bd-eebcc01c8cd7?t=1560157069000,si
Historia de España,2020,Extraordinaria,País Vasco,https://www.ehu.eus/documents/38889400/40436789/Historia-de-Espa%C3%B1a.pdf/fccfa9e9-cb09-aee5-5956-f8b8a2dffd02?t=1595920798067,si
Historia de España,2020,Extraordinaria,País Vasco,https://www.ehu.eus/documents/38889400/40436789/Historia-de-la-Filosofia.pdf/7872a797-b16e-4cd4-851f-256439724d9d?t=1595920800153,si
Historia de España,2020,Extraordinaria,País Vasco,https://www.ehu.eus/documents/38889400/40436789/Historia-del-Arte.pdf/221cc439-5d42-0f28-3326-9070a0d5ac7e?t=1595920809165,si
Historia de España,2020,Ordinaria,País Vasco,https://www.ehu.eus/documents/38889400/40436770/Historia+de+Espa%C3%B1a.pdf/f8728695-e517-3a3c-0534-4db9c9d51226?t=1594884505245,si
Historia de España,2020,Ordinaria,País Vasco,https://www.ehu.eus/documents/38889400/40436770/Historia+de+la+Filosofia.pdf/f109d40b-1faa-3a0e-2d05-451ab5fe2320?t=1594884505465,si
Historia de España,2020,Ordinaria,País Vasco,https://www.ehu.eus/documents/38889400/40436770/Historia+del+Arte.pdf/60bb5d65-6f63-d866-78f5-e26911da4b2b?t=1594884505771,si
Historia de España,2021,Extraordinaria,País Vasco,https://www.ehu.eus/documents/38889400/40435033/Historia+de+Espa%C3%B1a_cas.pdf/e0b18ecc-a2f8-c347-1769-4c4de943baa0?t=1630995032023,si
Historia de España,2021,Extraordinaria,País Vasco,https://www.ehu.eus/documents/38889400/40435033/Historia+de+la+filosofia_cas.pdf/396c12f0-0f8a-5320-8152-ea2371befd44?t=1630995032236,si
Historia de España,2021,Extraordinaria,País Vasco,https://www.ehu.eus/documents/38889400/40435033/Historia+del+Arte_cas.pdf/09996fdb-3fc6-9428-fb4c-1e93ef6007ff?t=1630995032424,si
Historia de España,2021,Ordinaria,País Vasco,https://www.ehu.eus/documents/38889400/40434996/Historia+de+Espa%C3%B1a_cas.pdf/f729c9ff-1e35-a07e-7ca3-87ed86eaeebc?t=1623912828075,si
Historia de España,2021,Ordinaria,País Vasco,https://www.ehu.eus/documents/38889400/40434996/Historia+de+la+filosofia_cas.pdf/6f198071-786d-cf84-ee84-75bc7c967d0d?t=1623912828291,si
Historia de España,2021,Ordinaria,País Vasco,https://www.ehu.eus/documents/38889400/40434996/Historia+del+Arte_cas.pdf/3d16b9a5-a372-2639-38c8-5ec90e9c9ca1?t=1623912828485,si
Historia de España,2022,Extraordinaria,País Vasco,https://www.ehu.eus/documents/38889400/40419856/Historia+de+Espa%C3%B1a+castellano.pdf/a3bebfff-f838-a438-f1f0-cc40116bde9b?t=1663234081128,si
Historia de España,2022,Extraordinaria,País Vasco,https://www.ehu.eus/documents/38889400/40419856/Historia+de+la+Filosofia+castellano.pdf/2776c02b-f3c7-5873-8d69-49b1875eccec?t=1663234081380,si
Historia de España,2022,Extraordinaria,País Vasco,https://www.ehu.eus/documents/38889400/40419856/Historia+del+Arte+castellano.pdf/a64b2117-690a-3da4-b716-e1e973583f45?t=1663234081712,si
Historia de España,2022,Ordinaria,País Vasco,https://www.ehu.eus/documents/38889400/40419837/Historia+de+Espa%C3%B1a_cas.pdf/3b6c8567-6f1e-1496-80d7-37d85e1ad704?t=1655376469638,si
Historia de España,2022,Ordinaria,País Vasco,https://www.ehu.eus/documents/38889400/40419837/Historia+de+la+Filosof%C3%ADa_cas.pdf/fbcbdbb5-1825-7e56-b44c-5375e1a2cb81?t=1668602113853,si
Historia de España,2022,Ordinaria,País Vasco,https://www.ehu.eus/documents/38889400/40419837/Historia+del+Arte_cas.pdf/7bb86f8d-71fe-7722-9cfb-794430d38686?t=1655376470081,si
Historia de España,2023,Extraordinaria,País Vasco,https://www.ehu.eus/documents/38889400/45489191/2023_Historia+de+Espa%C3%B1a+%28extraordinaria%29_bil.pdf/b76fc59f-daee-35e6-60af-3c458794ea4d?t=1695796284176,si
Historia de España,2023,Extraordinaria,País Vasco,https://www.ehu.eus/documents/38889400/45489191/2023_Historia+de+la+Filosofia+%28extraordinaria%29_bil.pdf/ee5bacee-3b9f-eacb-4843-b3dfd66f9620?t=1695796284402,si
Historia de España,2023,Extraordinaria,País Vasco,https://www.ehu.eus/documents/38889400/45489191/2023_Historia+del+Arte+%28extraordinaria%29_bil.pdf/16e03d8a-041d-7f9a-36f3-11ace08b4aca?t=1695796284714,si
Historia de España,2023,Ordinaria,País Vasco,https://www.ehu.eus/documents/38889400/45491533/Historia+de+Espa%C3%B1a.pdf/bd0779de-4b23-84fe-edb3-ffd747b064fa?t=1687166554293,si
Historia de España,2023,Ordinaria,País Vasco,https://www.ehu.eus/documents/38889400/45491533/Historia+de+la+Filosofia.pdf/bf000be9-c881-a689-bd39-a6e9911a1b78?t=1687166554492,si
Historia de España,2023,Ordinaria,País Vasco,https://www.ehu.eus/documents/38889400/45491533/Historia+del+Arte.pdf/7e130b5d-bc99-93d9-e2e2-2b0f35a82ae6?t=1687166554763,si
Inglés,2015,Extraordinaria,País Vasco,https://www.ehu.eus/documents/38889400/40443477/Ingles.pdf/035024cf-d858-46d6-9d44-6f1a1251d48e?t=1436787432000,si
Inglés,2015,Ordinaria,País Vasco,https://www.ehu.eus/documents/38889400/39900236/Ingl%C3%A9s.pdf/6e6798b9-691a-4b70-b091-bca5324e37e0?t=1666686991418,si
Inglés,2016,Extraordinaria,País Vasco,https://www.ehu.eus/documents/38889400/39900243/Ingl%C3%A9sExtr.+2016.pdf/d02b42fd-b39e-44bd-bf5b-ba46637869a2?t=1666686751356,si
Inglés,2016,Ordinaria,País Vasco,https://www.ehu.eus/documents/38889400/39900243/Ingl%C3%A9s.pdf/d947adb9-b522-43bb-bbc2-523ee339afa5?t=1666686751424,si
Inglés,2017,Extraordinaria,País Vasco,https://www.ehu.eus/documents/38889400/40441124/Ingl%C3%A9s.pdf/6a2dd2a4-dcf0-4a09-b542-b5c98fe591f3?t=1499684711000,si
Inglés,2017,Ordinaria,País Vasco,https://www.ehu.eus/documents/38889400/40441108/Ingles.pdf/2353e790-621e-4a78-aeac-c61d3d435b8a?t=1497258167000,si
Inglés,2018,Extraordinaria,País Vasco,https://www.ehu.eus/documents/38889400/40440167/Ingles.pdf/a4fdfdcf-ecdb-a2db-02bf-6ec3702ebbb9?t=1531137328000,si
Inglés,2018,Ordinaria,País Vasco,https://www.ehu.eus/documents/38889400/40440048/Ingles.pdf/0370fc6d-46a9-beff-f1c7-47016ee2fd8b?t=1528711074000,si
Inglés,2019,Extraordinaria,País Vasco,https://www.ehu.eus/documents/38889400/40439002/Ingl%C3%A9s.pdf/76be6aae-184e-41a8-9854-c28c847077bd?t=1562584682000,si
Inglés,2019,Ordinaria,País Vasco,https://www.ehu.eus/documents/38889400/40438983/Ingles.pdf/b29d911a-d36e-c6de-6864-66220d502020?t=1559918582000,si
Inglés,2020,Extraordinaria,País Vasco,https://www.ehu.eus/documents/38889400/40436789/Ingles.pdf/60fda947-aac0-81d9-762f-5a800665eaec?t=1595920813591,si
Inglés,2020,Ordinaria,País Vasco,https://www.ehu.eus/documents/38889400/40436770/Ingles.pdf/3bdf4719-0a83-9397-01e4-a9e76d55d7af?t=1594884506083,si
Inglés,2021,Extraordinaria,País Vasco,https://www.ehu.eus/documents/38889400/40435033/Ingles_cas.pdf/ec97af39-2acb-77fc-b64b-8ddce93e0fd1?t=1631011030876,si
Inglés,2021,Ordinaria,País Vasco,https://www.ehu.eus/documents/38889400/40434996/Ingles_cas.pdf/60ff9fbe-d301-ed02-78d0-78f30a417948?t=1623912828695,si
Inglés,2022,Extraordinaria,País Vasco,https://www.ehu.eus/documents/38889400/40419856/Ingl%C3%A9s+castellano.pdf/8ceb626f-8034-2b4a-558a-30a95b1a9a11?t=1663234081930,si
Inglés,2022,Ordinaria,País Vasco,https://www.ehu.eus/documents/38889400/40419837/Ingl%C3%A9s_cas.pdf/8402a44b-0f93-54f5-42a2-a646b68612d5?t=1655376470308,si
Inglés,2023,Extraordinaria,País Vasco,https://www.ehu.eus/documents/38889400/45489191/2023_Ingles+%28extraordinaria%29_bil.pdf/9e70a88f-608b-c92f-a03f-6065177706e7?t=1695796285555,si
Inglés,2023,Ordinaria,País Vasco,https://www.ehu.eus/documents/38889400/45491533/Ingl%C3%A9s.pdf/aacdee4e-3eb8-71d3-3797-3e681fb0d93f?t=1687166555197,si
Italiano,2015,Extraordinaria,País Vasco,https://www.ehu.eus/documents/38889400/40443477/Italiano.pdf/e5dac5a4-61a5-4089-ac89-238993d4d993?t=1436787438000,si
Italiano,2015,Ordinaria,País Vasco,https://www.ehu.eus/documents/38889400/39900236/Italiano.pdf/3dffc5c5-2354-4e02-9699-bc6d7003be92?t=1666686991501,si
Italiano,2016,Extraordinaria,País Vasco,https://www.ehu.eus/documents/38889400/39900243/ItalianoExtr.+2016.pdf/73e322c1-fda1-467d-96cd-8c6b311af5ce?t=1666686751640,si
Italiano,2016,Ordinaria,País Vasco,https://www.ehu.eus/documents/38889400/39900243/Italiano.pdf/f8048a8b-cd65-4f65-ac14-559530e32cc9?t=1666686751722,si
Latín II,2015,Extraordinaria,País Vasco,https://www.ehu.eus/documents/38889400/40443477/Latin+II.pdf/4aea7b38-7ba3-4a46-adb2-c4cf7c469f00?t=1436787444000,si
Latín II,2015,Ordinaria,País Vasco,https://www.ehu.eus/documents/38889400/39900236/Lat%C3%ADn+II.pdf/65165c02-ee46-44f9-b93e-804273f18f19?t=1666687004383,si
Latín II,2016,Extraordinaria,País Vasco,https://www.ehu.eus/documents/38889400/39900243/Lat%C3%ADn+IIExtr.+2016.pdf/9638659b-c6bd-4043-8322-a65c53a3c4f2?t=1666686765853,si
Latín II,2016,Ordinaria,País Vasco,https://www.ehu.eus/documents/38889400/39900243/Lat%C3%ADn+II.pdf/2515d9db-75ad-487c-9a99-65b000970dd0?t=1666686765932,si
Latín II,2017,Extraordinaria,País Vasco,https://www.ehu.eus/documents/38889400/40441124/Latina+II.pdf/3d51f4e0-491a-41bf-877a-1763cf585d2d?t=1499684717000,si
Latín II,2017,Ordinaria,País Vasco,https://www.ehu.eus/documents/38889400/40441108/Latin.pdf/16be1108-a8d3-4b8d-ad31-3e19d46c22c8?t=1496998370000,si
Latín II,2018,Extraordinaria,País Vasco,https://www.ehu.eus/documents/38889400/40440167/Latin.pdf/d33869f5-4f7d-f83b-ebdb-daedc6da5bfd?t=1531137341000,si
Latín II,2018,Ordinaria,País Vasco,https://www.ehu.eus/documents/38889400/40440048/Latin.pdf/75633ba2-afca-4621-3661-3d5c3097a9fb?t=1528711075000,si
Latín II,2019,Extraordinaria,País Vasco,https://www.ehu.eus/documents/38889400/40439002/Latin+II.pdf/541b1b13-50c5-a961-b733-94403c10bc58?t=1562584683000,si
Latín II,2019,Ordinaria,País Vasco,https://www.ehu.eus/documents/38889400/40438983/Latin+II.pdf/7343febb-587f-7141-592c-b7c06763783e?t=1559911015000,si
Latín II,2020,Extraordinaria,País Vasco,https://www.ehu.eus/documents/38889400/40436789/Latin-II.pdf/360ca6bd-62ce-f7ff-dd4f-6b7bb5753896?t=1595920821260,si
Latín II,2020,Ordinaria,País Vasco,https://www.ehu.eus/documents/38889400/40436770/Latin+II.pdf/f84406e6-90c2-8f77-3352-986fb192bc2a?t=1594884506330,si
Latín II,2021,Extraordinaria,País Vasco,https://www.ehu.eus/documents/38889400/40435033/Latin_cas.pdf/137a13f0-9c8f-190c-cfae-3fae48882e31?t=1631011031188,si
Latín II,2021,Ordinaria,País Vasco,https://www.ehu.eus/documents/38889400/40434996/Latin_cas.pdf/2c610d63-b66d-004c-49c4-091b610a11e4?t=1623912828987,si
Latín II,2022,Extraordinaria,País Vasco,https://www.ehu.eus/documents/38889400/40419856/Lat%C3%ADn+castellano.pdf/4b51115f-9c74-fb26-2409-890da9521e0a?t=1663234082244,si
Latín II,2022,Ordinaria,País Vasco,https://www.ehu.eus/documents/38889400/40419837/Lat%C3%ADn+II_cas.pdf/963748d9-c9b0-5804-21e1-d4c7dd82929c?t=1655376470576,si
Latín II,2023,Extraordinaria,País Vasco,https://www.ehu.eus/documents/38889400/45489191/2023_Latin+II+%28extraordinaria%29_bil.pdf/7a1adca2-489f-751d-7425-c02d2be6f678?t=1695796285914,si
Latín II,2023,Ordinaria,País Vasco,https://www.ehu.eus/documents/38889400/45491533/Lat%C3%ADn.pdf/b1296e69-be26-6fa0-d7f1-93aba1a550d7?t=1687166555437,si
Lengua Castellana y Literatura,2015,Extraordinaria,País Vasco,https://www.ehu.eus/documents/38889400/40443477/Lengua+castellana+y+literatura.pdf/539c7b84-0950-4321-93ae-7bd4e2fbb0ba?t=1436787449000,si
Lengua Castellana y Literatura,2015,Extraordinaria,País Vasco,https://www.ehu.eus/documents/38889400/40443477/Lengua+vasca+y+literatura.pdf/05e8a4e9-ddcd-4489-a957-fc641b4d215c?t=1436787455000,si
Lengua Castellana y Literatura,2015,Ordinaria,País Vasco,https://www.ehu.eus/documents/38889400/39900236/Lengua+castellana+y+literatura.pdf/a258cf68-a6b4-4234-b9fb-80a44435561a?t=1666687004506,si
Lengua Castellana y Literatura,2015,Ordinaria,País Vasco,https://www.ehu.eus/documents/38889400/39900236/Lengua+vasca+y+literatura.pdf/72e7d98f-3de7-47a1-9072-0bc69512b77d?t=1666687004569,si
Lengua Castellana y Literatura,2016,Extraordinaria,País Vasco,https://www.ehu.eus/documents/38889400/39900243/Lengua+castellana+y+literaturaExtr.+2016.pdf/a70e4bc8-472b-4837-9fc5-9ceca3fa7373?t=1666686766194,si
Lengua Castellana y Literatura,2016,Extraordinaria,País Vasco,https://www.ehu.eus/documents/38889400/39900243/Lengua+vasca+y+literaturaExtr.+2016.pdf/432d62e0-3110-4b94-9f7b-12273bedb4b9?t=1666686766539,si
Lengua Castellana y Literatura,2016,Ordinaria,País Vasco,https://www.ehu.eus/documents/38889400/39900243/Lengua+castellana+y+literatura.pdf/5e849a64-2ecc-4c0d-9c9d-f3b6ddbae675?t=1666686766277,si
Lengua Castellana y Literatura,2016,Ordinaria,País Vasco,https://www.ehu.eus/documents/38889400/39900243/Lengua+vasca+y+literatura.pdf/77b5f003-fa24-4ee9-a5ab-b3a2c3967b7b?t=1666686766633,si
Lengua Castellana y Literatura,2017,Extraordinaria,País Vasco,https://www.ehu.eus/documents/38889400/40441124/Lengua+castellana+y+literatura.pdf/329de579-b671-4fa7-8a9e-80694929fe8f?t=1499684722000,si
Lengua Castellana y Literatura,2017,Extraordinaria,País Vasco,https://www.ehu.eus/documents/38889400/40441124/Lengua+vasca+y+literatura.pdf/4cc3b069-0bc8-4bff-9fbe-22a383775b79?t=1499684729000,si
Lengua Castellana y Literatura,2017,Ordinaria,País Vasco,https://www.ehu.eus/documents/38889400/40441108/LenguaCastellana.pdf/e5eeeaae-e14a-4909-9cdf-6e20dd2cc18b?t=1504792458000,si
Lengua Castellana y Literatura,2017,Ordinaria,País Vasco,https://www.ehu.eus/documents/38889400/40441108/LenguaVasca_Literatura.pdf/73803017-ee0e-483c-a9d1-0f6b2b5da7ac?t=1496998381000,si
Lengua Castellana y Literatura,2018,Extraordinaria,País Vasco,https://www.ehu.eus/documents/38889400/40440167/Lengua+Castellana+y+Literatura-8r19HNyV.pdf/39c19753-e2b7-fcd8-7198-d33cbbf9ac01?t=1549445932000,si
Lengua Castellana y Literatura,2018,Extraordinaria,País Vasco,https://www.ehu.eus/documents/38889400/40440167/Lengua+Vasca+y+Literatura.pdf/71c19ffa-9679-47a8-2ffc-0b77919fe3d6?t=1531491199000,si
Lengua Castellana y Literatura,2018,Ordinaria,País Vasco,https://www.ehu.eus/documents/38889400/40440048/Lengua+Castellana+y+Literatura.pdf/e002bfc5-290b-9120-0d4a-f51b105a9f34?t=1528711076000,si
Lengua Castellana y Literatura,2018,Ordinaria,País Vasco,https://www.ehu.eus/documents/38889400/40440048/Lengua+Vasca+y+Literatura.pdf/082008e3-e64c-8b17-0845-eb46795712e8?t=1528711077000,si
Lengua Castellana y Literatura,2019,Extraordinaria,País Vasco,https://www.ehu.eus/documents/38889400/40439002/Lengua+Castellana+y+Literatura+II.pdf/bd30c97e-2a6a-7bf8-30dc-a1453de7ec91?t=1562584683000,si
Lengua Castellana y Literatura,2019,Extraordinaria,País Vasco,https://www.ehu.eus/documents/38889400/40439002/Lengua+Vasca+y+Literatura+II.pdf/cbffb467-6164-f1f2-0113-f243d13e4d9f?t=1562584684000,si
Lengua Castellana y Literatura,2019,Ordinaria,País Vasco,https://www.ehu.eus/documents/38889400/40438983/Lengua+Castellana+y+Literatura+II.pdf/e102291d-317f-f7ba-3692-73fcecdc980c?t=1560167638000,si
Lengua Castellana y Literatura,2019,Ordinaria,País Vasco,https://www.ehu.eus/documents/38889400/40438983/Lengua+Vasca+y+Literatura+II.pdf/80fa8226-3d76-6321-b1d1-e7fbbde1c2da?t=1559911016000,si
Lengua Castellana y Literatura,2020,Extraordinaria,País Vasco,https://www.ehu.eus/documents/38889400/40436789/Lengua-Castellana.pdf/9abe4144-76ff-fb1a-369c-5404be6332c4?t=1595920827071,si
Lengua Castellana y Literatura,2020,Extraordinaria,País Vasco,https://www.ehu.eus/documents/38889400/40436789/Lengua-Vasca-y-Literatura-II.pdf/e676f1dd-0baa-d726-f524-a903539d01d1?t=1595920834184,si
Lengua Castellana y Literatura,2020,Ordinaria,País Vasco,https://www.ehu.eus/documents/38889400/40436770/Lengua+Castellana.pdf/7dc3a9c0-ab75-474e-2978-edd32beafa73?t=1594884506582,si
Lengua Castellana y Literatura,2020,Ordinaria,País Vasco,https://www.ehu.eus/documents/38889400/40436770/Lengua+Vasca+y+Literatura+II.pdf/22a1f8f4-b9a9-2734-5da3-eed84a565e54?t=1594884507065,si
Lengua Castellana y Literatura,2021,Extraordinaria,País Vasco,https://www.ehu.eus/documents/38889400/40435033/Lengua+Castellana_cas.pdf/c52099c9-0071-6560-9820-8f3ec34ce58d?t=1631011031389,si
Lengua Castellana y Literatura,2021,Extraordinaria,País Vasco,https://www.ehu.eus/documents/38889400/40435033/Lengua+Vasca+y+Literatura_cas.pdf/3535912b-443d-a41f-c605-8461629a4b07?t=1631011031728,si
Lengua Castellana y Literatura,2021,Ordinaria,País Vasco,https://www.ehu.eus/documents/38889400/40434996/Lengua+Castellana_cas.pdf/2c5cd9cd-5ed9-b856-2e26-6e4369cc8a1c?t=1623912829141,si
Lengua Castellana y Literatura,2021,Ordinaria,País Vasco,https://www.ehu.eus/documents/38889400/40434996/Lengua+Vasca+y+Literatura_cas.pdf/5db7b832-30e6-7197-5ed1-e263011e0ca2?t=1623912829425,si
Lengua Castellana y Literatura,2022,Extraordinaria,País Vasco,https://www.ehu.eus/documents/38889400/40419856/Lengua+castellana+castellano.pdf/486fd02c-3a94-1a83-91a7-36f7677da68c?t=1663234082461,si
Lengua Castellana y Literatura,2022,Extraordinaria,País Vasco,https://www.ehu.eus/documents/38889400/40419856/Lengua+y+Literatura+Vasca+castellano.pdf/a5e4cfaf-1b10-f300-e0b2-7e31bcd0eeff?t=1663234082743,si
Lengua Castellana y Literatura,2022,Ordinaria,País Vasco,https://www.ehu.eus/documents/38889400/40419837/Lengua+Castellana+y+Literatura+II_cas.pdf/7b516861-4479-b3c4-b557-bb5c7977a0c5?t=1655376470749,si
Lengua Castellana y Literatura,2022,Ordinaria,País Vasco,https://www.ehu.eus/documents/38889400/40419837/Lengua+Vasca+y+Literatura+II_cas.pdf/60a0e407-d5e7-847d-7baa-6eccdaf46161?t=1655465664358,si
Lengua Castellana y Literatura,2023,Extraordinaria,País Vasco,https://www.ehu.eus/documents/38889400/45489191/2023_Lengua+Castellana+y+Literatura+%28extraordinaria%29_bil.pdf/0bcc6bac-4366-3403-9e4d-c375ce875053?t=1695796286182,si
Lengua Castellana y Literatura,2023,Extraordinaria,País Vasco,https://www.ehu.eus/documents/38889400/45489191/2023_Lengua+Vasca+y+Literatura+%28extraordinaria%29_bil.pdf/f80293a6-86a5-7a36-6aaf-ef2560149b04?t=1695796286529,si
Lengua Castellana y Literatura,2023,Ordinaria,País Vasco,https://www.ehu.eus/documents/38889400/45491533/Lengua+castellana+y+literatura+II.pdf/323279f1-610c-61de-d29c-a42b516f6558?t=1687166555667,si
Lengua Castellana y Literatura,2023,Ordinaria,País Vasco,https://www.ehu.eus/documents/38889400/45491533/Lengua+Vasca+y+Literatura.pdf/58b2204e-c8d5-3f5e-3593-3bb185756fe1?t=1687166555922,si
Literatura Dramática,2015,Extraordinaria,País Vasco,https://www.ehu.eus/documents/38889400/40443477/Literatura+universal.pdf/0fedc180-1b2a-4a75-bf84-2a93f10f11b1?t=1436787463000,si
Literatura Dramática,2015,Ordinaria,País Vasco,https://www.ehu.eus/documents/38889400/39900236/Literatura+universal.pdf/56daa1d7-d4a2-4c77-b382-a4f9168656a6?t=1666687004741,si
Literatura Dramática,2016,Extraordinaria,País Vasco,https://www.ehu.eus/documents/38889400/39900243/Literatura+universalExtr.+2016.pdf/cf6975ba-9908-4409-8394-1557a2304d45?t=1666686766791,si
Literatura Dramática,2016,Ordinaria,País Vasco,https://www.ehu.eus/documents/38889400/39900243/Literatura+universal.pdf/674ecb63-8f70-4e27-9475-81cd1ede329b?t=1666686766868,si
Matemáticas II,2015,Extraordinaria,País Vasco,https://www.ehu.eus/documents/38889400/40443477/Matematicas.pdf/e0b905a7-5cb8-4d02-bf8c-cab2ddbde150?t=1436787475000,si
Matemáticas II,2015,Extraordinaria,País Vasco,https://www.ehu.eus/documents/38889400/40443477/Matematicas+aplicadas+CCSS.pdf/9f405938-5867-434f-ac47-4ad448d04d40?t=1436787469000,si
Matemáticas II,2015,Ordinaria,País Vasco,https://www.ehu.eus/documents/38889400/39900236/Matem%C3%A1ticas+II.pdf/58f113ab-0657-469c-ab19-1c99da7ae933?t=1666687005169,si
Matemáticas II,2015,Ordinaria,País Vasco,https://www.ehu.eus/documents/38889400/39900236/Matem%C3%A1ticas+aplicadas+a+las+CCSS+II.pdf/b151ed4a-20a5-4d8c-847e-3dd7d1e8c054?t=1666687005061,si
Matemáticas II,2016,Extraordinaria,País Vasco,https://www.ehu.eus/documents/38889400/39900243/Matem%C3%A1ticas+IIExtr.+2016.pdf/1e39928f-e2ff-4c67-b983-7ae5973d5c35?t=1666686785582,si
Matemáticas II,2016,Extraordinaria,País Vasco,https://www.ehu.eus/documents/38889400/39900243/Matem%C3%A1ticas+aplicadas+a+las+Ciencias+Sociales+IIExtr.+2016.pdf/53538d3e-64f8-4096-a87b-215bbd76bbf6?t=1666686767238,si
Matemáticas II,2016,Ordinaria,País Vasco,https://www.ehu.eus/documents/38889400/39900243/Matem%C3%A1ticas+II.pdf/09927060-c394-4954-b296-d4a23352d246?t=1666686767806,si
Matemáticas II,2016,Ordinaria,País Vasco,https://www.ehu.eus/documents/38889400/39900243/Matem%C3%A1ticas+aplicadas+a+las+Ciencias+Sociales+II.pdf/97def7ff-7c01-4d37-8a7e-c5c6301d5257?t=1666686767346,si
Matemáticas II,2017,Extraordinaria,País Vasco,https://www.ehu.eus/documents/38889400/40441124/Matem%C3%A1ticas+II.pdf/952ad979-21e9-425b-8f1c-9c6d674160d1?t=1499684744000,si
Matemáticas II,2017,Extraordinaria,País Vasco,https://www.ehu.eus/documents/38889400/40441124/Matem%C3%A1ticas+aplicadas+a+las+Ciencias+Sociales+II.pdf/444c55b3-7cee-42a2-b6dc-9522879ed9fc?t=1499684738000,si
Matemáticas II,2017,Ordinaria,País Vasco,https://www.ehu.eus/documents/38889400/40441108/Matematicas.pdf/868c85ad-7446-43cc-aacd-3f7a775a9feb?t=1497270132000,si
Matemáticas II,2017,Ordinaria,País Vasco,https://www.ehu.eus/documents/38889400/40441108/MatematicasAplicadasCienciasSociales.pdf/e18265af-8396-4854-a7ee-eb77842051e5?t=1504792465000,si
Matemáticas II,2018,Extraordinaria,País Vasco,https://www.ehu.eus/documents/38889400/40440167/Matem%C3%A1ticas.pdf/8b23b62b-2ea2-49ae-165a-a4ba0835b847?t=1531137337000,si
Matemáticas II,2018,Extraordinaria,País Vasco,https://www.ehu.eus/documents/38889400/40440167/Matematicas_CCSS.pdf/8c58e37f-af00-1a13-54b5-6c1f839bcbb5?t=1531137343000,si
Matemáticas II,2018,Ordinaria,País Vasco,https://www.ehu.eus/documents/38889400/40440048/Matematicas.pdf/fa365962-4255-8b4a-ccc5-d005fea31b3a?t=1528711078000,si
Matemáticas II,2018,Ordinaria,País Vasco,https://www.ehu.eus/documents/38889400/40440048/Matematicas_CCSS.pdf/ad437949-759b-4ee5-13f1-1a21b2a2d99a?t=1551442214000,si
Matemáticas II,2019,Extraordinaria,País Vasco,https://www.ehu.eus/documents/38889400/40439002/Matem%C3%A1ticas+II.pdf/fd8a7a20-aa2c-b0a0-8d40-411bde0f7bff?t=1562584685000,si
Matemáticas II,2019,Extraordinaria,País Vasco,https://www.ehu.eus/documents/38889400/40439002/Matematicas+Aplicadas+a+las+Ciencias+Sociales+II.pdf/a6be680c-b731-6fe3-c265-e7a04fdb2f47?t=1562584684000,si
Matemáticas II,2019,Ordinaria,País Vasco,https://www.ehu.eus/documents/38889400/40438983/Matem%C3%A1ticas+II.pdf/ec747553-6990-19c6-2912-695c0bb7f6e7?t=1560165450000,si
Matemáticas II,2019,Ordinaria,País Vasco,https://www.ehu.eus/documents/38889400/40438983/Matematicas+Aplicadas+a+las+Ciencias+Sociales+II.pdf/d076e7c3-70ae-6298-7cb5-3c3a331b309d?t=1559911016000,si
Matemáticas II,2020,Extraordinaria,País Vasco,https://www.ehu.eus/documents/38889400/40436789/Matematicas-II.pdf/4f5f7091-5bcc-77d9-a90e-0e31557198d8?t=1595920853022,si
Matemáticas II,2020,Extraordinaria,País Vasco,https://www.ehu.eus/documents/38889400/40436789/Matematicas-Aplicadas-a-las-Ciencias-Sociales-II.pdf/455e1b6f-ae72-3f5a-8da6-101fa90367fc?t=1595920841211,si
Matemáticas II,2020,Ordinaria,País Vasco,https://www.ehu.eus/documents/38889400/40436770/Matematicas+II.pdf/d8115058-620a-b6be-e513-566d16a11995?t=1594884507693,si
Matemáticas II,2020,Ordinaria,País Vasco,https://www.ehu.eus/documents/38889400/40436770/Matematicas+Aplicadas+a+las+Ciencias+Sociales+II.pdf/482e39ff-8d39-d604-af3e-7ab57273eb42?t=1594884507314,si
Matemáticas II,2021,Extraordinaria,País Vasco,https://www.ehu.eus/documents/38889400/40435033/Matematicas_cas.pdf/c2d15476-3320-dc77-6623-74c23cf5ec4c?t=1631011032427,si
Matemáticas II,2021,Extraordinaria,País Vasco,https://www.ehu.eus/documents/38889400/40435033/Matematicas+CCSS_cas.pdf/cb543421-1656-4b92-6c2d-08f61d1abf90?t=1631011032060,si
Matemáticas II,2021,Ordinaria,País Vasco,https://www.ehu.eus/documents/38889400/40434996/Matematicas_cas.pdf/d447a041-e917-1b65-9cc9-504952d1a8b1?t=1623912830095,si
Matemáticas II,2021,Ordinaria,País Vasco,https://www.ehu.eus/documents/38889400/40434996/Matematicas+CCSS_cas.pdf/727a9276-f35e-f6c7-e79b-969d9d7c9700?t=1623912829728,si
Matemáticas II,2022,Extraordinaria,País Vasco,https://www.ehu.eus/documents/38889400/40419856/Matem%C3%A1icas+II+castellano.pdf/fbc806e1-262e-f4a0-ab3a-3771152faf85?t=1663234083080,si
Matemáticas II,2022,Extraordinaria,País Vasco,https://www.ehu.eus/documents/38889400/40419856/Matem%C3%A1ticas+CCSS+castellano.pdf/10b044a2-3f39-350c-7d62-ba3b1cb0e110?t=1663234083409,si
Matemáticas II,2022,Ordinaria,País Vasco,https://www.ehu.eus/documents/38889400/40419837/Matem%C3%A1ticas+II_cas.pdf/9ea0eaa7-6630-5f38-94df-b5109f399d51?t=1655465664715,si
Matemáticas II,2022,Ordinaria,País Vasco,https://www.ehu.eus/documents/38889400/40419837/Matem%C3%A1ticas+aplicadas+a+las+CCSS+II_cas.pdf/12e1ed44-b9ad-6f19-48fc-d02d332f74be?t=1655376471045,si
Matemáticas II,2023,Extraordinaria,País Vasco,https://www.ehu.eus/documents/38889400/45489191/2023_Matematicas+%28extraordinaria%29_bil.pdf/81a67ca9-d8c1-fd0c-bb40-148fd6631350?t=1695796286964,si
Matemáticas II,2023,Extraordinaria,País Vasco,https://www.ehu.eus/documents/38889400/45489191/2023_Matematicas+CCSS+%28extraordinaria%29_bil.pdf/adcbba5b-7d02-0457-6d85-4afc4439abf3?t=1695796287320,si
Matemáticas II,2023,Ordinaria,País Vasco,https://www.ehu.eus/documents/38889400/45491533/Matematicas.pdf/b8829cca-e115-d07a-afc5-33010dc5f9f9?t=1687166556738,si
Matemáticas II,2023,Ordinaria,País Vasco,https://www.ehu.eus/documents/38889400/45491533/Matem%C3%A1ticas+aplicadas+a++las+CCSS+II_26_7.pdf/d1b30145-5485-2085-3919-3ea75fdb3ae0?t=1694509445314,si
Portugués,2015,Extraordinaria,País Vasco,https://www.ehu.eus/documents/38889400/40443477/Portugues+ord.+2015.pdf/70d6e46a-82f6-49b3-8b90-d5b23ec5adc7?t=1437649439000,si
Portugués,2015,Ordinaria,País Vasco,https://www.ehu.eus/documents/38889400/39900236/Portugu%C3%A9s+cast.+2015.pdf/5a37744f-6c2f-4bdb-b9e0-c0635dcd046f?t=1666687005493,si
Portugués,2016,Extraordinaria,País Vasco,https://www.ehu.eus/documents/38889400/39900243/Portugu%C3%A9sExtr.+2016.pdf/6eb08582-86d5-4777-8332-ade9b6955699?t=1666686785978,si
Portugués,2016,Ordinaria,País Vasco,https://www.ehu.eus/documents/38889400/39900243/Portugu%C3%A9s.pdf/ed0d4d3c-a513-4301-8967-620369a9de1c?t=1666686786046,si
Química,2015,Extraordinaria,País Vasco,https://www.ehu.eus/documents/38889400/40443477/Quimica.pdf/93e70d95-f23f-4612-9b23-ec78b3e63309?t=1436787488000,si
Química,2015,Ordinaria,País Vasco,https://www.ehu.eus/documents/38889400/39900236/Qu%C3%ADmica.pdf/6a0c7c63-bfed-49af-9e33-b1ce1525012b?t=1666687005624,si
Química,2016,Extraordinaria,País Vasco,https://www.ehu.eus/documents/38889400/39900243/Qu%C3%ADmicaExtr.+2016.pdf/61e8bffc-8005-49fe-8eb5-b9e06e5ba5dc?t=1666686786324,si
Química,2016,Ordinaria,País Vasco,https://www.ehu.eus/documents/38889400/39900243/Qu%C3%ADmica.pdf/6dfc32b6-bc30-46c4-a543-44cdd33fbbac?t=1666686786427,si
Química,2017,Extraordinaria,País Vasco,https://www.ehu.eus/documents/38889400/40441124/Qu%C3%ADmica.pdf/e92ed5cc-06e0-429f-9b49-2ed9d1fe6845?t=1499684751000,si
Química,2017,Ordinaria,País Vasco,https://www.ehu.eus/documents/38889400/40441108/Quimica.pdf/bce4377c-58b4-4e35-b7ae-32ee948574ce?t=1496998399000,si
Química,2018,Extraordinaria,País Vasco,https://www.ehu.eus/documents/38889400/40440167/Qu%C3%ADmica.pdf/6e36a4c7-af7e-e5ec-3466-85f52fa8107b?t=1531137344000,si
Química,2018,Ordinaria,País Vasco,https://www.ehu.eus/documents/38889400/40440048/Qu%C3%ADmica.pdf/038d6526-bb04-3805-a686-e1adcacdc980?t=1528804968000,si
Química,2019,Extraordinaria,País Vasco,https://www.ehu.eus/documents/38889400/40439002/Quimica.pdf/f1d8f960-0cdd-32f0-2f6d-ab08daf68ee3?t=1562584685000,si
Química,2019,Ordinaria,País Vasco,https://www.ehu.eus/documents/38889400/40438983/Quimica.pdf/e1994864-398e-614b-5f98-852c22835202?t=1561105326000,si
Química,2020,Extraordinaria,País Vasco,https://www.ehu.eus/documents/38889400/40436789/Quimica.pdf/00a274b4-4a47-0964-f67a-92a821b37886?t=1595920866648,si
Química,2020,Ordinaria,País Vasco,https://www.ehu.eus/documents/38889400/40436770/Quimica.pdf/dfd6082d-461e-66c7-ceac-a793089b7a4f?t=1594884508146,si
Química,2021,Extraordinaria,País Vasco,https://www.ehu.eus/documents/38889400/40435033/Quimica_cas.pdf/08fb5117-cda7-246d-2e51-c796a9a79485?t=1631011032683,si
Química,2021,Ordinaria,País Vasco,https://www.ehu.eus/documents/38889400/40434996/Quimica_cas.pdf/ce18e51e-66a6-0f5c-dc6a-be06dc448802?t=1623912830348,si
Química,2022,Extraordinaria,País Vasco,https://www.ehu.eus/documents/38889400/40419856/Quimica+castellano.pdf/84cbc855-d223-0064-6837-24499e21c0f7?t=1663234083870,si
Química,2022,Ordinaria,País Vasco,https://www.ehu.eus/documents/38889400/40419837/Qu%C3%ADmica_cas.pdf/3569a42e-a446-6acb-c995-ba5a25bd10c0?t=1655465664987,si
Química,2023,Extraordinaria,País Vasco,https://www.ehu.eus/documents/38889400/45489191/2023_Quimica+%28extraordinaria%29_bil.pdf/9b574b8a-e69b-475b-1d64-f491911644db?t=1695796287925,si
Química,2023,Ordinaria,País Vasco,https://www.ehu.eus/documents/38889400/45491533/Qu%C3%ADmica.pdf/66150d1a-d3fd-365c-af3f-8f1746cd2a5a?t=1687166556981,si
Tecnología e Ingeniería II,2015,Extraordinaria,País Vasco,https://www.ehu.eus/documents/38889400/40443477/Tecnologia+industrial.pdf/33a4b4a8-a84d-4597-a737-9d7f73d96382?t=1436787495000,si
