carrera,titulacion,universidad,provincia,modalidad,nota_corte,tipo_centro,duracion,precio_primer_curso,nota_corte_num
Medicina,Grado en Medicina,Universidad de Sevilla,Sevilla,Presencial,"13,450",Universidad Pública,"6,0 años",757 €,13.45
Medicina,Grado en Medicina,Universidad de Granada,Granada,Presencial,"13,416",Universidad Pública,"6,0 años",757 €,13.416
Medicina,Grado en Medicina,Universidad de Málaga,Málaga,Presencial,"13,353",Universidad Pública,"6,0 años",757 €,13.353
Medicina,Grado en Medicina,Universidad de Córdoba,Córdoba,Presencial,"13,353",Universidad Pública,"6,0 años",757 €,13.353
Medicina,Grado en Medicina,Universidad de Cádiz,Cádiz,Presencial,"13,291",Universidad Pública,"6,0 años",757 €,13.291
Medicina,Grado en Medicina,Universidad de Almería,Almería,Presencial,"13,280",Universidad Pública,"6,0 años",757 €,13.28
Medicina,Grado en Medicina,Universidad de Alicante,Alicante,Presencial,"13,278",Universidad Pública,"6,0 años",1.080 €,13.278
Medicina,Grado en Medicina,Universidad de Jaén,Jaén,Presencial,"13,270",Universidad Pública,"6,0 años",757 €,13.27
Medicina,Grado en Medicina,Universidad Complutense de Madrid,Madrid,Presencial,"13,265",Universidad Pública,"6,0 años",1.241 €,13.265
Medicina,Grado en Medicina,Universidad Miguel Hernández de Elche,Alicante,Presencial,"13,264",Universidad Pública,"6,0 años",1.080 €,13.264
Medicina,Grado en Medicina,Universidad de Huelva,Huelva,Presencial,"13,244",Universidad Pública,"6,0 años",757 €,13.244
Medicina,Grado en Medicina,Universidad de Murcia,Murcia,Presencial,"13,227",Universidad Pública,"6,0 años",1.007 €,13.227
Medicina,Grado en Medicina,Universitat Jaume I,Castellón,Presencial,"13,178",Universidad Pública,"6,0 años",1.080 €,13.178
Medicina,Grado en Medicina,Universidad Autónoma de Madrid,Madrid,Presencial,"13,148",Universidad Pública,"6,0 años",1.241 €,13.148
Medicina,Grado en Medicina,Universidad de Castilla - La Mancha,Ciudad Real,Presencial,"13,110",Universidad Pública,"6,0 años",1.132 €,13.11
Medicina,Grado en Medicina,Universidad de Alcalá,Madrid,Presencial,"13,102",Universidad Pública,"6,0 años",1.241 €,13.102
Medicina,Grado en Medicina,Universidad Rey Juan Carlos,Madrid,Presencial,"13,082",Universidad Pública,"6,0 años",1.241 €,13.082
Medicina,Grado en Medicina,Universidad de Cantabria,Cantabria,Presencial,"13,066",Universidad Pública,"6,0 años",934 €,13.066
Medicina,Grado en Medicina,Universidad de Salamanca,Salamanca,Presencial,"13,025",Universidad Pública,"6,0 años",1.107 €,13.025
Medicina,Grado en Medicina,Universidad de Castilla - La Mancha,Albacete,Presencial,"12,978",Universidad Pública,"6,0 años",1.132 €,12.978
Medicina,Grado en Medicina,Universidad de Extremadura,Badajoz,Presencial,"12,961",Universidad Pública,"6,0 años",1.064 €,12.961
Medicina,Grado en Medicina,Universitat de València,Valencia,Presencial,"12,953",Universidad Pública,"6,0 años",1.080 €,12.953
Medicina,Grado en Medicina,Universidad de Oviedo,Asturias,Presencial,"12,890",Universidad Pública,"6,0 años",942 €,12.89
Medicina,Grado en Medicina,Universidad de Valladolid,Valladolid,Presencial,"12,888",Universidad Pública,"6,0 años",1.107 €,12.888
Medicina,Grado en Medicina,Universidad Pública de Navarra,Navarra,Presencial,"12,842",Universidad Pública,"6,0 años",1.283 €,12.842
Medicina,Grado en Medicina,Universidad de La Laguna,Tenerife,Presencial,"12,833",Universidad Pública,"6,0 años",875 €,12.833
Medicina,Grado en Medicina,Centro Universitario de la Defensa de Madrid,Madrid,Presencial,"12,757",Centro Adscrito Público,"6,0 años",0 €,12.757
Medicina,Grado en Medicina,Universidad de Zaragoza,Zaragoza,Presencial,"12,738",Universidad Pública,"6,0 años",1.201 €,12.738
Medicina,Grado en Medicina,Universidad del País Vasco,Vizcaya,Presencial,"12,674",Universidad Pública,"6,0 años",1.135 €,12.674
Medicina,Grado en Medicina,Universitat Pompeu Fabra,Barcelona,Presencial,"12,656",Universidad Pública,"6,0 años",1.108 €,12.656
Medicina,Grado en Medicina,Universitat de Barcelona,Barcelona,Presencial,"12,650",Universidad Pública,"6,0 años",1.108 €,12.65
Medicina,Grado en Medicina,Universitat de Barcelona,Barcelona,Presencial,"12,646",Universidad Pública,"6,0 años",1.108 €,12.646
Medicina,Grado en Medicina,Universidad de Zaragoza,Huesca,Presencial,"12,639",Universidad Pública,"6,0 años",1.201 €,12.639
Medicina,Grado en Medicina,Universitat de les Illes Balears,Baleares,Presencial,"12,612",Universidad Pública,"6,0 años",1.205 €,12.612
Medicina,Grado en Medicina,Universidade de Santiago de Compostela,A Coruña,Presencial,"12,612",Universidad Pública,"6,0 años",836 €,12.612
Medicina,Grado en Medicina,Universidad de Las Palmas de Gran Canaria,Las Palmas,Presencial,"12,576",Universidad Pública,"6,0 años",875 €,12.576
Medicina,Grado en Medicina,Universitat Autònoma de Barcelona,Barcelona,Presencial,"12,511",Universidad Pública,"6,0 años",1.108 €,12.511
Medicina,Grado en Medicina,Universitat de Girona,Girona,Presencial,"12,486",Universidad Pública,"6,0 años",1.061 €,12.486
Medicina,Grado en Medicina,Universitat Rovira i Virgili,Tarragona,Presencial,"12,438",Universidad Pública,"6,0 años",1.108 €,12.438
Medicina,Grado en Medicina,Universitat de Lleida,LLeida,Presencial,"12,431",Universidad Pública,"6,0 años",1.108 €,12.431
Medicina,Grado en Medicina (Euskera),Universidad del País Vasco,Vizcaya,Presencial,"12,328",Universidad Pública,"6,0 años",1.135 €,12.328
Medicina,Grado en Medicina,Universitat de Vic - Universitat Central de Catalunya,Barcelona,Presencial,"11,388",Universidad Privada,"6,0 años",13.801 €,11.388
Derecho,Doble Grado en Relaciones Internacionales + Derecho,Universidad Pablo de Olavide,Sevilla,Presencial,"13,554",Universidad Pública,"6,0 años",no disponible,13.554
Derecho,Doble Grado en Derecho + Relaciones Internacionales,Universidad Rey Juan Carlos,Madrid,Presencial,"13,428",Universidad Pública,"5,0 años",1.531 €,13.428
Derecho,Doble Grado en Estudios Internacionales + Derecho,Universidad Carlos III de Madrid,Madrid,Presencial,"13,425",Universidad Pública,"5,0 años",no disponible,13.425
Derecho,Doble Grado en Derecho + Administración de Empresas,Universidad Carlos III de Madrid,Madrid,Presencial,"13,036",Universidad Pública,"6,0 años",no disponible,13.036
Derecho,Doble Grado en Derecho + Relaciones Internacionales (DERRI),Universidad de Alicante,Alicante,Presencial,"12,981",Universidad Pública,"5,0 años",no disponible,12.981
Derecho,Doble Grado en Criminología + Derecho,Universidad Rey Juan Carlos,Madrid,Presencial,"12,852",Universidad Pública,"5,0 años",1.408 €,12.852
Derecho,Doble Grado en Derecho + Economía,Universidad Carlos III de Madrid,Madrid,Presencial,"12,739",Universidad Pública,"6,0 años",no disponible,12.739
Derecho,Doble Grado en Criminología + Derecho,Universidad de Salamanca,Salamanca,Presencial,"12,610",Universidad Pública,"6,0 años",916 €,12.61
Derecho,Doble Grado en Derecho +  Administración y Dirección de Empresas,Universidad de Zaragoza,Zaragoza,Presencial,"12,425",Universidad Pública,"5,0 años",1.519 €,12.425
Derecho,Doble Grado en Derecho + Economía,Universidad de Sevilla,Sevilla,Presencial,"12,422",Universidad Pública,"5,0 años",1.136 €,12.422
Derecho,Doble Grado en Derecho + Administración y Dirección de Empresas/Economía,Universitat Pompeu Fabra,Barcelona,Presencial,"12,224",Universidad Pública,"5,0 años",1.698 €,12.224
Derecho,Programa de Estudios Simultáneos en Administración y Dirección de Empresas + Derecho,Universidad de Murcia,Murcia,Presencial,"12,216",Universidad Pública,"5,0 años",1.013 €,12.216
Derecho,Doble Grado en Economía + Derecho,Universidad Rey Juan Carlos,Madrid,Presencial,"12,190",Universidad Pública,"5,0 años",1.258 €,12.19
Derecho,Doble Grado en Economía + Derecho,Universidad Rey Juan Carlos,Madrid,Presencial,"12,086",Universidad Pública,"5,0 años",1.454 €,12.086
Derecho,Doble Grado en Derecho + Periodismo,Universidad Rey Juan Carlos,Madrid,Presencial,"12,075",Universidad Pública,"5,0 años",1.535 €,12.075
Derecho,Grado en Derecho,Universidad Carlos III de Madrid,Madrid,Presencial,"11,975",Universidad Pública,"4,0 años",1.015 €,11.975
Derecho,Doble Grado en Administración y Dirección de Empresas + Derecho,Universitat de València,Valencia,Presencial,"11,897",Universidad Pública,"5,0 años",no disponible,11.897
Derecho,Doble Grado en Derecho + Administración y Dirección de Empresas,Universidad Pablo de Olavide,Sevilla,Presencial,"11,858",Universidad Pública,,no disponible,11.858
Derecho,Doble Grado en Derecho + Administración de Empresas,Universidad Carlos III de Madrid,Madrid,Presencial,"11,837",Universidad Pública,"6,0 años",no disponible,11.837
Derecho,Doble Grado en Derecho + Ciencias Políticas,Universidad Carlos III de Madrid,Madrid,Presencial,"11,800",Universidad Pública,"6,0 años",no disponible,11.8
Derecho,Doble Grado en Derecho + Relaciones Internacionales,Universitat Autònoma de Barcelona,Barcelona,Presencial,"11,740",Universidad Pública,"5,0 años",1.274 €,11.74
Derecho,Doble Grado en Administración y Dirección de Empresas + Derecho,Universitat Jaume I,Castellón,Presencial,"11,712",Universidad Pública,"6,0 años",767 €,11.712
Derecho,Doble Grado en Economía + Derecho,Universidad Rey Juan Carlos,Madrid,Presencial,"11,700",Universidad Pública,"5,0 años",no disponible,11.7
Derecho,Doble Grado en Derecho + Economía,Universitat de València,Valencia,Presencial,"11,686",Universidad Pública,"5,0 años",no disponible,11.686
Derecho,Doble Grado en Administración y Dirección de Empresas + Derecho,Universidad del País Vasco,Vizcaya,Presencial,"11,624",Universidad Pública,"6,0 años",905 €,11.624
Derecho,Grado en Derecho (Mención en Derecho de los Negocios Internacionales),Universidad Autónoma de Madrid,Madrid,Presencial,"11,582",Universidad Pública,"4,0 años",no disponible,11.582
Derecho,Doble Grado en Administración y Dirección de Empresas + Derecho,Universidad de Málaga,Málaga,Presencial,"11,572",Universidad Pública,"6,0 años",757 €,11.572
Derecho,Doble Grado en Derecho + Administración y Dirección de Empresas,Universidad Autónoma de Madrid,Madrid,Presencial,"11,475",Universidad Pública,"6,0 años",no disponible,11.475
Derecho,Doble Grado en Administración y Dirección de Empresas + Derecho,Universidad de Salamanca,Salamanca,Presencial,"11,467",Universidad Pública,"6,0 años",916 €,11.467
Derecho,Doble Grado en Derecho + Ciencias Políticas y de la Administración Pública,Universitat de València,Valencia,Presencial,"11,454",Universidad Pública,"5,0 años",no disponible,11.454
Derecho,Doble Grado en Derecho + Criminología (DECRIM),Universidad de Alicante,Alicante,Presencial,"11,378",Universidad Pública,"5,0 años",no disponible,11.378
Derecho,Doble Grado en Criminología y Políticas Públicas de Prevención + Derecho,Universitat Pompeu Fabra,Barcelona,Presencial,"11,362",Universidad Pública,"5,0 años",1.097 €,11.362
Derecho,Doble Grado en Derecho + Criminología,Universitat de València,Valencia,Presencial,"11,336",Universidad Pública,"5,0 años",no disponible,11.336
Derecho,Doble Grado en Administración y Dirección de Empresas + Derecho,Universidad Pública de Navarra,Navarra,Presencial,"11,329",Universidad Pública,"6,0 años",1.382 €,11.329
Derecho,Doble Grado en Administración y Dirección de Empresas + Derecho,Universidad del País Vasco,Guipúzcoa,Presencial,"11,318",Universidad Pública,"6,0 años",905 €,11.318
Derecho,Doble Grado en Administración y Dirección de Empresas + Derecho (itinerario internacional) *,Universidad Pública de Navarra,Navarra,Presencial,"11,307",Universidad Pública,"5,0 años",1.268 €,11.307
Derecho,Doble Grado en Criminología + Derecho,Universidad de Oviedo,Asturias,Presencial,"11,305",Universidad Pública,"4,0 años",993 €,11.305
Derecho,Doble Grado en Derecho + Ciencia Política y Administración Pública,Universidad de Salamanca,Salamanca,Presencial,"11,293",Universidad Pública,"6,0 años",916 €,11.293
Derecho,Doble Grado en Derecho + Estudios Internacionales,Universidad de Castilla - La Mancha,Toledo,Presencial,"11,244",Universidad Pública,"6,0 años",1.132 €,11.244
Derecho,Grado en Derecho,Universidad Carlos III de Madrid,Madrid,Presencial,"11,237",Universidad Pública,"4,0 años",1.015 €,11.237
Derecho,Doble Grado en Administración y Dirección de Empresas + Derecho,Universitat de Barcelona,Barcelona,Presencial,"11,186",Universidad Pública,"5,0 años",1.451 €,11.186
Derecho,Doble Grado en Administración y Dirección de Empresas + Derecho,Universidad de Granada,Granada,Presencial,"11,177",Universidad Pública,"4,0 años",no disponible,11.177
Derecho,Doble Grado en Administración y Dirección de Empresas + Derecho,Universidad de Almería,Almería,Presencial,"11,159",Universidad Pública,"4,0 años",850 €,11.159
Derecho,Grado en Derecho (Mención en Derecho Digital y de las Tecnologías),Universidad Autónoma de Madrid,Madrid,Presencial,"11,128",Universidad Pública,"4,0 años",no disponible,11.128
Derecho,Doble Grado en Derecho + Criminología,Universidad Pablo de Olavide,Sevilla,Presencial,"11,112",Universidad Pública,"5,0 años",no disponible,11.112
Derecho,Doble Grado en Derecho + Administración y Dirección  de Empresas,Universidad de Cantabria,Cantabria,Presencial,"11,108",Universidad Pública,"5,0 años",802 €,11.108
Derecho,Grado en Derecho,Universitat Pompeu Fabra,Barcelona,Presencial,"11,064",Universidad Pública,"4,0 años",1.061 €,11.064
Derecho,Grado en Derecho,Universidad del País Vasco,Vizcaya,Presencial,"11,034",Universidad Pública,"4,0 años",805 €,11.034
Derecho,Simultaneidad de Grados en Administración y Dirección de Empresas (ADE) + Derecho,Universidade da Coruña,A Coruña,Presencial,"11,014",Universidad Pública,"6,0 años",no disponible,11.014
Derecho,Doble Grado en Derecho + Administración y Dirección de Empresas,Universidad de Alcalá,Madrid,Presencial,"11,011",Universidad Pública,"5,0 años",no disponible,11.011
Ade Administracion Y Direccion De Empresas,Doble Grado en Estudios Internacionales + Administración de Empresas,Universidad Carlos III de Madrid,Madrid,Presencial,"13,363",Universidad Pública,"5,0 años",no disponible,13.363
Ade Administracion Y Direccion De Empresas,Doble grado en Matemáticas + Administración y Dirección de Empresas,Universitat Politècnica de València,Valencia,Presencial,"13,303",Universidad Pública,"5,0 años",no disponible,13.303
Ade Administracion Y Direccion De Empresas,Doble Grado en Derecho + Administración de Empresas,Universidad Carlos III de Madrid,Madrid,Presencial,"13,036",Universidad Pública,"6,0 años",no disponible,13.036
Ade Administracion Y Direccion De Empresas,Grado en Empresa y Tecnología,Universidad Carlos III de Madrid,Madrid,Presencial,"12,710",Universidad Pública,"4,0 años",1.015 €,12.71
Ade Administracion Y Direccion De Empresas,Doble Grado en Administración y Dirección de Empresas + Marketing,Universidad Rey Juan Carlos,Madrid,Presencial,"12,486",Universidad Pública,"5,0 años",1.258 €,12.486
Ade Administracion Y Direccion De Empresas,Grado en Estudios Internacionales de Economía y Empresa (International Business Economics),Universitat Pompeu Fabra,Barcelona,Presencial,"12,470",Universidad Pública,"4,0 años",1.061 €,12.47
Ade Administracion Y Direccion De Empresas,Grado en Negocios Internacionales (International Business),Universitat de València,Valencia,Presencial,"12,467",Universidad Pública,"4,0 años",767 €,12.467
Ade Administracion Y Direccion De Empresas,Doble Grado en Derecho +  Administración y Dirección de Empresas,Universidad de Zaragoza,Zaragoza,Presencial,"12,425",Universidad Pública,"5,0 años",1.519 €,12.425
Ade Administracion Y Direccion De Empresas,Doble Grado en Ingeniería Informática + Administración y Dirección de Empresas (ADE),Universidad Carlos III de Madrid,Madrid,Presencial,"12,397",Universidad Pública,"6,0 años",1.720 €,12.397
Ade Administracion Y Direccion De Empresas,Doble Grado en Negocios + Economía (Double Bachelor's Degree in Business and Economics),Universidad del País Vasco,Vizcaya,Presencial,"12,375",Universidad Pública,"5,0 años",823 €,12.375
Ade Administracion Y Direccion De Empresas,Doble Grado en Administración y Dirección  de Empresas + Economía,Universidad de Cantabria,Cantabria,Presencial,"12,345",Universidad Pública,"5,0 años",701 €,12.345
Ade Administracion Y Direccion De Empresas,Programa de Estudios Simultáneos en Administración y Dirección de Empresas + Derecho,Universidad de Murcia,Murcia,Presencial,"12,216",Universidad Pública,"5,0 años",1.013 €,12.216
Ade Administracion Y Direccion De Empresas,Doble Grado en Ingeniería Informática + Administración y Dirección de Empresas,Universidad de Granada,Granada,Presencial,"12,156",Universidad Pública,"5,0 años",no disponible,12.156
Ade Administracion Y Direccion De Empresas,Doble Grado en Administración y Dirección de Empresas + Ingeniería Informática,Universitat Politècnica de València,Valencia,Presencial,"12,149",Universidad Pública,"5,0 años",no disponible,12.149
Ade Administracion Y Direccion De Empresas,Grado en Administración de Empresas,Universidad Carlos III de Madrid,Madrid,Presencial,"12,066",Universidad Pública,"4,0 años",1.015 €,12.066
Ade Administracion Y Direccion De Empresas,Doble Grado en Economía Financiera y Actuarial + Administración y Dirección de Empresas,Universidad Rey Juan Carlos,Madrid,Presencial,"11,986",Universidad Pública,"5,0 años",1.484 €,11.986
Ade Administracion Y Direccion De Empresas,Grado en Análisis de Datos de la Empresa (Business Analytics),Universidad Autónoma de Madrid,Madrid,Presencial,"11,910",Universidad Pública,"4,0 años",1.166 €,11.91
Ade Administracion Y Direccion De Empresas,Doble Grado en Administración y Dirección de Empresas + Derecho,Universitat de València,Valencia,Presencial,"11,897",Universidad Pública,"5,0 años",no disponible,11.897
Ade Administracion Y Direccion De Empresas,Doble Grado en Derecho + Administración y Dirección de Empresas,Universidad Pablo de Olavide,Sevilla,Presencial,"11,858",Universidad Pública,,no disponible,11.858
Ade Administracion Y Direccion De Empresas,Doble Grado en Derecho + Administración de Empresas,Universidad Carlos III de Madrid,Madrid,Presencial,"11,837",Universidad Pública,"6,0 años",no disponible,11.837
Ade Administracion Y Direccion De Empresas,Doble Grado en Ingeniería Informática + Administración y Dirección de Empresas,Universidad Politécnica de Madrid,Madrid,Presencial,"11,809",Universidad Pública,"5,0 años",no disponible,11.809
Ade Administracion Y Direccion De Empresas,Doble Grado en Ingeniería Informática + Administración de Empresas,Universidad Carlos III de Madrid,Madrid,Presencial,"11,797",Universidad Pública,"6,0 años",no disponible,11.797
Ade Administracion Y Direccion De Empresas,Doble Grado en Administración y Dirección de Empresas + Matemáticas,Universitat de Barcelona,Barcelona,Presencial,"11,763",Universidad Pública,"5,0 años",1.458 €,11.763
Ade Administracion Y Direccion De Empresas,Grado en Análisis de Datos para la Empresa,Universidad Carlos III de Madrid,Madrid,Presencial,"11,733",Universidad Pública,"4,0 años",1.015 €,11.733
Ade Administracion Y Direccion De Empresas,Doble Grado en Administración y Dirección de Empresas + Economía Internacional,Universidad Pública de Navarra,Navarra,Presencial,"11,722",Universidad Pública,"5,0 años",1.268 €,11.722
Ade Administracion Y Direccion De Empresas,Grado en Administración y Dirección de Empresas,Universitat Jaume I,Castellón,Presencial,"11,712",Universidad Pública,"4,0 años",767 €,11.712
Ade Administracion Y Direccion De Empresas,Doble Grado en Administración y Dirección de Empresas + Derecho,Universitat Jaume I,Castellón,Presencial,"11,712",Universidad Pública,"6,0 años",767 €,11.712
Ade Administracion Y Direccion De Empresas,Doble Grado en Ingeniería Informática + Administración y Dirección de Empresas,Universidad Complutense de Madrid,Madrid,Presencial,"11,689",Universidad Pública,"5,0 años",no disponible,11.689
Ade Administracion Y Direccion De Empresas,Grado en Empresa Internacional,Universitat de Barcelona,Barcelona,Presencial,"11,662",Universidad Pública,"3,0 años",1.061 €,11.662
Ade Administracion Y Direccion De Empresas,Doble Grado en Ciencia de Datos + Administración y Dirección de Empresas,Universidad Pública de Navarra,Navarra,Presencial,"11,643",Universidad Pública,"6,0 años",1.382 €,11.643
Ade Administracion Y Direccion De Empresas,Doble Grado en Publicidad y Relaciones Públicas + Administración y Dirección de Empresas,Universidad Rey Juan Carlos,Madrid,Presencial,"11,636",Universidad Pública,"5,0 años",1.391 €,11.636
Ade Administracion Y Direccion De Empresas,Doble Grado en Administración y Dirección de Empresas + Derecho,Universidad del País Vasco,Vizcaya,Presencial,"11,624",Universidad Pública,"6,0 años",905 €,11.624
Ade Administracion Y Direccion De Empresas,Grado en Administración y Dirección de Empresas,Universitat Politècnica de València,Valencia,Presencial,"11,588",Universidad Pública,"4,0 años",767 €,11.588
Ade Administracion Y Direccion De Empresas,Doble Grado en Ingeniería Informática + Administración y Dirección de Empresas,Universidad Rey Juan Carlos,Madrid,Presencial,"11,575",Universidad Pública,"5,0 años",1.778 €,11.575
Ade Administracion Y Direccion De Empresas,Doble Grado en Administración y Dirección de Empresas + Derecho,Universidad de Málaga,Málaga,Presencial,"11,572",Universidad Pública,"6,0 años",757 €,11.572
Ade Administracion Y Direccion De Empresas,Doble Grado en Finanzas y Contabilidad + Administración y Dirección de Empresas,Universidad de Málaga,Málaga,Presencial,"11,544",Universidad Pública,"5,0 años",757 €,11.544
Ade Administracion Y Direccion De Empresas,Doble Grado en Administración y Dirección de Empresas (ADE) + Finanzas y Contabilidad,Universidad de Sevilla,Sevilla,Presencial,"11,516",Universidad Pública,"5,0 años",1.060 €,11.516
Ade Administracion Y Direccion De Empresas,Grado en Ciencias Empresariales - Management,Universitat Pompeu Fabra,Barcelona,Presencial,"11,490",Universidad Pública,"4,0 años",1.061 €,11.49
Ade Administracion Y Direccion De Empresas,Doble Grado en Derecho + Administración y Dirección de Empresas,Universidad Autónoma de Madrid,Madrid,Presencial,"11,475",Universidad Pública,"6,0 años",no disponible,11.475
Ade Administracion Y Direccion De Empresas,Doble Grado en Administración y Dirección de Empresas + Derecho,Universidad de Salamanca,Salamanca,Presencial,"11,467",Universidad Pública,"6,0 años",916 €,11.467
Ade Administracion Y Direccion De Empresas,Doble Grado en Economía Financiera y Actuarial + Administración y Dirección de Empresas,Universidad Rey Juan Carlos,Madrid,Presencial,"11,461",Universidad Pública,"5,0 años",no disponible,11.461
Ade Administracion Y Direccion De Empresas,Grado en Administración de Empresas,Universidad Carlos III de Madrid,Madrid,Presencial,"11,450",Universidad Pública,"4,0 años",1.015 €,11.45
Ade Administracion Y Direccion De Empresas,Doble Grado en Ingeniería Informática + Administración y Dirección de Empresas (ADE),Universidad de Alcalá,Madrid,Presencial,"11,427",Universidad Pública,"5,0 años",no disponible,11.427
Ade Administracion Y Direccion De Empresas,Grado en Administración y Dirección de Empresas (Programa Internacional),Universidad Pública de Navarra,Navarra,Presencial,"11,386",Universidad Pública,"4,0 años",906 €,11.386
Ade Administracion Y Direccion De Empresas,Doble Grado en Administración y Dirección de Empresas + Derecho,Universidad Pública de Navarra,Navarra,Presencial,"11,329",Universidad Pública,"6,0 años",1.382 €,11.329
Ade Administracion Y Direccion De Empresas,Doble Grado en Administración y Dirección de Empresas + Derecho,Universidad del País Vasco,Guipúzcoa,Presencial,"11,318",Universidad Pública,"6,0 años",905 €,11.318
Ade Administracion Y Direccion De Empresas,Doble Grado en Administración y Dirección de Empresas + Derecho (itinerario internacional) *,Universidad Pública de Navarra,Navarra,Presencial,"11,307",Universidad Pública,"5,0 años",1.268 €,11.307
Ade Administracion Y Direccion De Empresas,Doble Grado en Administración y Dirección de Empresas + Estudios Internacionales,Universidad de Castilla - La Mancha,Toledo,Presencial,"11,264",Universidad Pública,"6,0 años",1.132 €,11.264
Ade Administracion Y Direccion De Empresas,Doble Grado en Administración y Dirección de Empresas (ADE) + Ingeniería Informática,Universitat de Lleida,LLeida,Presencial,"11,263",Universidad Pública,"5,0 años",1.316 €,11.263
Ade Administracion Y Direccion De Empresas,Grado en Administración y Dirección de Empresas,Universitat Pompeu Fabra,Barcelona,Presencial,"11,250",Universidad Pública,"4,0 años",1.061 €,11.25
Ingenieria Informatica,Doble grado en Matemáticas + Ingeniería Informática,Universitat Politècnica de València,Valencia,Presencial,"13,620",Universidad Pública,"5,0 años",no disponible,13.62
Ingenieria Informatica,Doble Grado en Ingeniería Informática - Tecnología Informática + Matemáticas,Universidad de Sevilla,Sevilla,Presencial,"13,595",Universidad Pública,"4,0 años",909 €,13.595
Ingenieria Informatica,Doble Grado en Ingeniería Informática + Matemáticas,Universidad Complutense de Madrid,Madrid,Presencial,"13,525",Universidad Pública,"5,0 años",no disponible,13.525
Ingenieria Informatica,Doble Grado en Ingeniería Informática + Matemáticas,Universidad de Málaga,Málaga,Presencial,"13,490",Universidad Pública,"5,0 años",757 €,13.49
Ingenieria Informatica,Doble Grado en Ingeniería Informática del Software + Matemáticas,Universidad de Oviedo,Asturias,Presencial,"13,402",Universidad Pública,"6,0 años",771 €,13.402
Ingenieria Informatica,Doble Grado en Ingeniería Informática en Tecnologías de la Información + Ciencia e Ingeniería de Datos,Universidad de Oviedo,Asturias,Presencial,"13,336",Universidad Pública,"5,0 años",771 €,13.336
Ingenieria Informatica,Doble Grado en Ingeniería Informática + Matemáticas,Universidad de Granada,Granada,Presencial,"13,325",Universidad Pública,"5,0 años",no disponible,13.325
Ingenieria Informatica,Doble Grado en Ingeniería Informática + Matemáticas,Universidad Autónoma de Madrid,Madrid,Presencial,"13,239",Universidad Pública,"5,0 años",no disponible,13.239
Ingenieria Informatica,Doble Grado en Ingeniería Informática + Matemáticas,Universidade de Santiago de Compostela,A Coruña,Presencial,"13,188",Universidad Pública,,900 €,13.188
Ingenieria Informatica,Doble Grado en Ingeniería Informática + Matemáticas,Universidad Rey Juan Carlos,Madrid,Presencial,"13,148",Universidad Pública,"4,0 años",1.530 €,13.148
Ingenieria Informatica,Doble Grado en Matemáticas + Ingeniería Informática,Universidad de Cádiz,Cádiz,Presencial,"13,109",Universidad Pública,"5,0 años",no disponible,13.109
Ingenieria Informatica,Programa de Estudios Simultáneos en Matemáticas + Ingeniería Informática,Universidad de Murcia,Murcia,Presencial,"12,996",Universidad Pública,"5,0 años",1.013 €,12.996
Ingenieria Informatica,Doble Grado en Ingeniería del Software + Matemáticas,Universidad Rey Juan Carlos,Madrid,Presencial,"12,800",Universidad Pública,"4,0 años",1.530 €,12.8
Ingenieria Informatica,Programa de Estudios Conjunto de Grado en Matemáticas y Grado en Ingeniería Informática de Servicios y Aplicaciones,Universidad de Valladolid,Valladolid,Presencial,"12,799",Universidad Pública,"5,0 años",916 €,12.799
Ingenieria Informatica,Doble Grado en Ingeniería Informática + Matemáticas,Universitat de Barcelona,Barcelona,Presencial,"12,664",Universidad Pública,"5,0 años",1.181 €,12.664
Ingenieria Informatica,Doble Grado en Matemáticas + Ingeniería Informática,Universidad de Zaragoza,Zaragoza,Presencial,"12,660",Universidad Pública,"5,0 años",1.430 €,12.66
Ingenieria Informatica,Grado en Ingeniería Informática - Ingeniería del Software (Grupo en inglés),Universidad de Sevilla,Sevilla,Presencial,"12,566",Universidad Pública,"4,0 años",757 €,12.566
Ingenieria Informatica,Doble Grado en Ingeniería Informática + Administración y Dirección de Empresas (ADE),Universidad Carlos III de Madrid,Madrid,Presencial,"12,397",Universidad Pública,"6,0 años",1.720 €,12.397
Ingenieria Informatica,Programa de Estudios Conjunto de Grado en Estadística y Grado en Ingeniería Informática,Universidad de Valladolid,Valladolid,Presencial,"12,260",Universidad Pública,"5,0 años",no disponible,12.26
Ingenieria Informatica,Doble Grado en Matemáticas + Ingeniería Informática,Universitat de les Illes Balears,Baleares,Presencial,"12,220",Universidad Pública,"6,0 años",no disponible,12.22
Ingenieria Informatica,Doble Grado en Ingeniería Informática + Administración y Dirección de Empresas,Universidad de Granada,Granada,Presencial,"12,156",Universidad Pública,"5,0 años",no disponible,12.156
Ingenieria Informatica,Doble Grado en Administración y Dirección de Empresas + Ingeniería Informática,Universitat Politècnica de València,Valencia,Presencial,"12,149",Universidad Pública,"5,0 años",no disponible,12.149
Ingenieria Informatica,Grado en Ingeniería Informática + Máster en Ingeniería Informática,Universidad Carlos III de Madrid,Madrid,Presencial,"11,839",Universidad Pública,"4,0 años",no disponible,11.839
Ingenieria Informatica,Grado en Ingeniería Informática + Máster Universitario en Ingeniería Informática (Programa de Ingeniero/a en Informática),Universitat Politècnica de Catalunya,Barcelona,Presencial,"11,838",Universidad Pública,"6,0 años",no disponible,11.838
Ingenieria Informatica,Doble Grado en Ingeniería Informática + Administración y Dirección de Empresas,Universidad Politécnica de Madrid,Madrid,Presencial,"11,809",Universidad Pública,"5,0 años",no disponible,11.809
Ingenieria Informatica,Doble Grado en Ingeniería Informática + Administración de Empresas,Universidad Carlos III de Madrid,Madrid,Presencial,"11,797",Universidad Pública,"6,0 años",no disponible,11.797
Ingenieria Informatica,Grado en Matemáticas e Informática,Universidad Politécnica de Madrid,Madrid,Presencial,"11,714",Universidad Pública,"4,0 años",1.015 €,11.714
Ingenieria Informatica,Doble Grado en Estadística + Ingeniería Informática,Universidad de Salamanca,Salamanca,Presencial,"11,698",Universidad Pública,"5,0 años",1.141 €,11.698
Ingenieria Informatica,Doble Grado en Ingeniería Informática + Administración y Dirección de Empresas,Universidad Complutense de Madrid,Madrid,Presencial,"11,689",Universidad Pública,"5,0 años",no disponible,11.689
Ingenieria Informatica,Grado en Ingeniería del Software + Máster Universitario en Ingeniería del Software (Programa de Ingeniero/a del Software),Universidad Politécnica de Madrid,Madrid,Presencial,"11,675",Universidad Pública,"4,0 años",1.166 €,11.675
Ingenieria Informatica,Grado en Ingeniería Informática + Máster Universitario en Ingeniería Informática (Programa de Ingeniero/a en Informática),Universidad Politécnica de Madrid,Madrid,Presencial,"11,675",Universidad Pública,"4,0 años",1.166 €,11.675
Ingenieria Informatica,Programa Académico en Ingeniería Informática,Universidad Autónoma de Madrid,Madrid,Presencial,"11,650",Universidad Pública,"4,0 años",no disponible,11.65
Ingenieria Informatica,PARS en Ingeniería Informática (Grado en Ingeniería Informática + Máster Universitario en Ingeniería Informática),Universitat Politècnica de València,Valencia,Presencial,"11,604",Universidad Pública,"5,0 años",1.040 €,11.604
Ingenieria Informatica,Doble Grado en Matemáticas + Ingeniería Informática,Universitat de València,Valencia,Presencial,"11,576",Universidad Pública,"5,0 años",no disponible,11.576
Ingenieria Informatica,Doble Grado en Ingeniería Informática + Administración y Dirección de Empresas,Universidad Rey Juan Carlos,Madrid,Presencial,"11,575",Universidad Pública,"5,0 años",1.778 €,11.575
Ingenieria Informatica,Grado en Ingeniería del Software,Universidad de Málaga,Málaga,Presencial,"11,508",Universidad Pública,"4,0 años",757 €,11.508
Ingenieria Informatica,Grado en Ingeniería de la Salud (Interuniversitario UMA-US),Universidad de Sevilla,Sevilla,Presencial,"11,460",Universidad Pública,"4,0 años",757 €,11.46
Ingenieria Informatica,Doble Grado en Criminología + Ingeniería Informática,Universidad Rey Juan Carlos,Madrid,Presencial,"11,450",Universidad Pública,"6,0 años",1.611 €,11.45
Ingenieria Informatica,Doble Grado en Ingeniería Informática + Administración y Dirección de Empresas (ADE),Universidad de Alcalá,Madrid,Presencial,"11,427",Universidad Pública,"5,0 años",no disponible,11.427
Ingenieria Informatica,Grado en Ingeniería Informática - Ingeniería del Software,Universidad de Sevilla,Sevilla,Presencial,"11,409",Universidad Pública,"4,0 años",757 €,11.409
Ingenieria Informatica,Grado en Ingeniería Informática,Universidade de Santiago de Compostela,A Coruña,Presencial,"11,398",Universidad Pública,"4,0 años",836 €,11.398
Ingenieria Informatica,Doble Grado en Ingeniería Informática + Ingeniería del Software,Universidad Rey Juan Carlos,Madrid,Presencial,"11,386",Universidad Pública,"4,0 años",1.385 €,11.386
Ingenieria Informatica,Doble Grado en Administración y Dirección de Empresas (ADE) + Ingeniería Informática,Universitat de Lleida,LLeida,Presencial,"11,263",Universidad Pública,"5,0 años",1.316 €,11.263
Ingenieria Informatica,Doble Grado en Administración y Dirección de Empresas + Ingeniería Informática,Universidad de Salamanca,Salamanca,Presencial,"11,249",Universidad Pública,"6,0 años",1.141 €,11.249
Ingenieria Informatica,Grado en Inteligencia Artificial,Universidade de Santiago de Compostela,A Coruña,Presencial,"11,184",Universidad Pública,"4,0 años",836 €,11.184
Ingenieria Informatica,Grado en Inteligencia Artificial (Interuniversitario UDC-USC-UDV),Universidade da Coruña,A Coruña,Presencial,"11,022",Universidad Pública,"4,0 años",836 €,11.022
Ingenieria Informatica,Grado en Ingeniería Informática,Universidad Carlos III de Madrid,Madrid,Presencial,"10,980",Universidad Pública,"4,0 años",1.166 €,10.98
Ingenieria Informatica,Grado en Ingeniería Informática,Universidad Complutense de Madrid,Madrid,Presencial,"10,914",Universidad Pública,"4,0 años",1.166 €,10.914
Ingenieria Informatica,Grado en Ingeniería Informática,Universidad de Alcalá,Madrid,Presencial,"10,886",Universidad Pública,"4,0 años",1.166 €,10.886
Ingenieria Informatica,Programa de Estudios Conjunto de Grado en Matemáticas y Grado en Ingeniería Informática de Servicios y Aplicaciones,Universidad de Valladolid,Segovia,Presencial,"10,881",Universidad Pública,"5,0 años",992 €,10.881
Psicologia,Doble Grado en Criminología + Psicología,Universidad Rey Juan Carlos,Madrid,Presencial,"12,855",Universidad Pública,"5,0 años",1.749 €,12.855
Psicologia,Doble Grado en Psicología + Logopedia,Universidad de Málaga,Málaga,Presencial,"12,061",Universidad Pública,"4,0 años",no disponible,12.061
Psicologia,Grado en Psicología,Universidad de Sevilla,Sevilla,Presencial,"11,829",Universidad Pública,"4,0 años",757 €,11.829
Psicologia,Grado en Psicología,Universidad de Extremadura,Badajoz,Presencial,"11,650",Universidad Pública,"4,0 años",709 €,11.65
Psicologia,Grado en Psicología,Universidad de Oviedo,Asturias,Presencial,"11,641",Universidad Pública,"4,0 años",942 €,11.641
Psicologia,Grado en Psicología,Universidad de Córdoba,Córdoba,Presencial,"11,636",Universidad Pública,"4,0 años",757 €,11.636
Psicologia,Grado en Psicología,Universidad de Cádiz,Cádiz,Presencial,"11,519",Universidad Pública,"4,0 años",757 €,11.519
Psicologia,Grado en Psicología,Universidad de Granada,Granada,Presencial,"11,396",Universidad Pública,"4,0 años",757 €,11.396
Psicologia,Grado en Psicología,Universidad de Málaga,Málaga,Presencial,"11,056",Universidad Pública,"4,0 años",757 €,11.056
Psicologia,Grado en Psicología,Universidade de Santiago de Compostela,A Coruña,Presencial,"11,024",Universidad Pública,"4,0 años",836 €,11.024
Psicologia,Grado en Psicología,Universidad Miguel Hernández de Elche,Alicante,Presencial,"10,854",Universidad Pública,"4,0 años",842 €,10.854
Psicologia,Grado en Psicología,Universidad de Salamanca,Salamanca,Presencial,"10,770",Universidad Pública,"4,0 años",734 €,10.77
Psicologia,Grado en Psicología,Universidad de Castilla - La Mancha,Albacete,Presencial,"10,750",Universidad Pública,"4,0 años",1.132 €,10.75
Psicologia,Grado en Psicología,Universidad Autónoma de Madrid,Madrid,Presencial,"10,739",Universidad Pública,"4,0 años",1.015 €,10.739
Psicologia,Grado en Psicología,Universidad Rey Juan Carlos,Madrid,Presencial,"10,610",Universidad Pública,"4,0 años",1.015 €,10.61
Psicologia,Doble Grado en Psicología + Logopedia,Universidad Complutense de Madrid,Madrid,Presencial,"10,602",Universidad Pública,"5,0 años",no disponible,10.602
Psicologia,Grado en Psicología,Universidad Pública de Navarra,Navarra,Presencial,"10,595",Universidad Pública,"4,0 años",1.283 €,10.595
Psicologia,Grado en Psicología,Universidad del País Vasco,Guipúzcoa,Presencial,"10,402",Universidad Pública,"4,0 años",1.097 €,10.402
Psicologia,Grado en Psicología,Universitat Jaume I,Castellón,Presencial,"10,292",Universidad Pública,"4,0 años",842 €,10.292
Psicologia,Grado en Psicología,Universidad Complutense de Madrid,Madrid,Presencial,"10,289",Universidad Pública,"4,0 años",1.015 €,10.289
Psicologia,Grado en Psicología,Universidad de Huelva,Huelva,Presencial,"10,132",Universidad Pública,"4,0 años",757 €,10.132
Psicologia,Grado en Psicología,Universidad de Burgos,Burgos,Presencial,"10,118",Universidad Pública,"4,0 años",935 €,10.118
Psicologia,Grado en Psicología,Universidad de Murcia,Murcia,Presencial,"10,072",Universidad Pública,"4,0 años",1.007 €,10.072
Psicologia,Grado en Psicología,Universidad de Almería,Almería,Presencial,"10,071",Universidad Pública,"4,0 años",757 €,10.071
Psicologia,Grado en Psicología,Universitat de València,Valencia,Presencial,"10,026",Universidad Pública,"4,0 años",842 €,10.026
Psicologia,Grado en Psicología,Universidad de Jaén,Jaén,Presencial,"10,021",Universidad Pública,"4,0 años",757 €,10.021
Psicologia,Grado en Psicología,Universitat de Barcelona,Barcelona,Presencial,"9,929",Universidad Pública,"4,0 años",1.108 €,9.929
Psicologia,Grado en Psicología,Universitat Autònoma de Barcelona,Barcelona,Presencial,"9,887",Universidad Pública,"4,0 años",1.108 €,9.887
Psicologia,Grado en Psicología,Centro Universitario Cardenal Cisneros,Madrid,Presencial,"9,814",Centro Adscrito Privado,"4,0 años",3.900 €,9.814
Psicologia,Grado en Psicología,Universitat de Girona,Girona,Presencial,"9,682",Universidad Pública,"4,0 años",1.061 €,9.682
Psicologia,Grado en Psicología,Universidad de La Laguna,Tenerife,Presencial,"9,555",Universidad Pública,"4,0 años",875 €,9.555
Psicologia,Grado en Psicología,Universitat de Lleida,LLeida,Presencial,"9,554",Universidad Pública,"4,0 años",1.108 €,9.554
Psicologia,Grado en Psicología,Universitat Rovira i Virgili,Tarragona,Presencial,"9,520",Universidad Pública,"4,0 años",1.108 €,9.52
Psicologia,Grado en Psicología,Universidad de Zaragoza,Teruel,Presencial,"9,250",Universidad Pública,"4,0 años",931 €,9.25
Psicologia,Grado en Psicología,Universitat de les Illes Balears,Baleares,Presencial,"9,196",Universidad Pública,"4,0 años",1.071 €,9.196
Psicologia,Grado en Psicología,Universidad de Burgos,Burgos,Presencial,"8,558",Universidad Pública,"4,0 años",935 €,8.558
Psicologia,Grado en Psicología,Universitat de Vic - Universitat Central de Catalunya,Barcelona,Presencial,"6,796",Universidad Privada,"4,0 años",6.058 €,6.796
Psicologia,Grado en Psicología,Centro de Enseñanza Superior Cardenal Cisneros,Madrid,Presencial,"5,000",Centro Adscrito Privado,"4,0 años",6.750 €,5.0
Psicologia,Grado en Psicología,Universidad Nacional de Educación a Distancia,Madrid,A distancia,"5,000",Universidad Pública,"4,0 años",957 €,5.0
Enfermeria,Grado en Enfermería,Universidad de Sevilla,Sevilla,Presencial,"12,710",Universidad Pública,"4,0 años",757 €,12.71
Enfermeria,Grado en Enfermería,Centro Universitario de Enfermería San Juan de Dios,Sevilla,Presencial,"12,710",Centro Adscrito Privado,"4,0 años",4.057 €,12.71
Enfermeria,Grado en Enfermería,Universidad de Granada,Granada,Presencial,"12,642",Universidad Pública,"4,0 años",757 €,12.642
Enfermeria,Grado en Enfermería,Universidad de Córdoba,Córdoba,Presencial,"12,600",Universidad Pública,"4,0 años",757 €,12.6
Enfermeria,Grado en Enfermería,Universidad de Málaga,Málaga,Presencial,"12,502",Universidad Pública,"4,0 años",757 €,12.502
Enfermeria,Grado en Enfermería,Universidad de Cádiz,Cádiz,Presencial,"12,376",Universidad Pública,"4,0 años",757 €,12.376
Enfermeria,Grado en Enfermería,Universidad de Jaén,Jaén,Presencial,"12,370",Universidad Pública,"4,0 años",757 €,12.37
Enfermeria,Grado en Enfermería,Centro Universitario de Enfermería de Cruz Roja,Sevilla,Presencial,"12,344",Centro Adscrito Público,"4,0 años",3.757 €,12.344
Enfermeria,Grado en Enfermería,Universidad de Cádiz,Cádiz,Presencial,"12,303",Universidad Pública,"4,0 años",757 €,12.303
Enfermeria,Grado en Enfermería,Universidad de Alicante,Alicante,Presencial,"12,290",Universidad Pública,"4,0 años",1.080 €,12.29
Enfermeria,Grado en Enfermería,Universidad de Oviedo,Asturias,Presencial,"12,240",Universidad Pública,"4,0 años",942 €,12.24
Enfermeria,Grado en Enfermería,Universidad de Almería,Almería,Presencial,"12,234",Universidad Pública,"4,0 años",757 €,12.234
Enfermeria,Grado en Enfermería,Universidad de Cantabria,Cantabria,Presencial,"12,214",Universidad Pública,"4,0 años",934 €,12.214
Enfermeria,Grado en Enfermería,Universidad de Murcia,Murcia,Presencial,"12,164",Universidad Pública,"4,0 años",1.007 €,12.164
Enfermeria,Grado en Enfermería,Escuela de Enfermería Nuestra Señora de Candelaria,Tenerife,Presencial,"12,146",Centro Adscrito Público,"4,0 años",875 €,12.146
Enfermeria,Grado en Enfermería,Universidad de Huelva,Huelva,Presencial,"12,140",Universidad Pública,"4,0 años",757 €,12.14
Enfermeria,Grado en Enfermería,Universidad de La Laguna,Tenerife,Presencial,"12,117",Universidad Pública,"4,0 años",875 €,12.117
Enfermeria,Grado en Enfermería,Universitat Jaume I,Castellón,Presencial,"12,110",Universidad Pública,"4,0 años",1.080 €,12.11
Enfermeria,Grado en Enfermería,Facultad de Enfermería de Gijón,Asturias,Presencial,"12,024",Centro Adscrito Público,"4,0 años",942 €,12.024
Enfermeria,Grado en Enfermería,Universidad de Salamanca,Salamanca,Presencial,"11,991",Universidad Pública,"4,0 años",1.014 €,11.991
Enfermeria,Grado en Enfermería,Universidad de Las Palmas de Gran Canaria,Las Palmas,Presencial,"11,980",Universidad Pública,"4,0 años",875 €,11.98
Enfermeria,Grado en Enfermería,Universidad de Cádiz,Cádiz,Presencial,"11,930",Universidad Pública,"4,0 años",757 €,11.93
Enfermeria,Grado en Enfermería,Universidad del País Vasco,Vizcaya,Presencial,"11,884",Universidad Pública,"4,0 años",1.135 €,11.884
Enfermeria,Grado en Enfermería,Universidad Rey Juan Carlos,Madrid,Presencial,"11,850",Universidad Pública,"4,0 años",1.241 €,11.85
Enfermeria,Grado en Enfermería,Escuela Universitaria de Osuna,Sevilla,Presencial,"11,837",Centro Adscrito Privado,"4,0 años",4.657 €,11.837
Enfermeria,Grado en Enfermería,Universidad Autónoma de Madrid,Madrid,Presencial,"11,831",Universidad Pública,"4,0 años",1.241 €,11.831
Enfermeria,Grado en Enfermería,Centro Universitario de Enfermería Virgen de la Paz,Málaga,Presencial,"11,799",Centro Adscrito Privado,"4,0 años",1.918 €,11.799
Enfermeria,Grado en Enfermería,Universidad Complutense de Madrid,Madrid,Presencial,"11,774",Universidad Pública,"4,0 años",1.241 €,11.774
Enfermeria,Grado en Enfermería,Universidad de Alcalá,Madrid,Presencial,"11,760",Universidad Pública,"4,0 años",1.241 €,11.76
Enfermeria,Grado en Enfermería,Universidad de Murcia,Murcia,Presencial,"11,750",Universidad Pública,"4,0 años",1.007 €,11.75
Enfermeria,Grado en Enfermería,Universidad de Zaragoza,Zaragoza,Presencial,"11,741",Universidad Pública,"4,0 años",1.201 €,11.741
Enfermeria,Grado en Enfermería,Universidad de Extremadura,Badajoz,Presencial,"11,740",Universidad Pública,"4,0 años",1.064 €,11.74
Enfermeria,Grado en Enfermería,Universidade de Santiago de Compostela,A Coruña,Presencial,"11,732",Universidad Pública,"4,0 años",836 €,11.732
Enfermeria,Grado en Enfermería,Universitat de Barcelona,Barcelona,Presencial,"11,720",Universidad Pública,"4,0 años",1.108 €,11.72
Enfermeria,Grado en Enfermería (La Palma),Universidad de La Laguna,Tenerife,Presencial,"11,686",Universidad Pública,"4,0 años",875 €,11.686
Enfermeria,Grado en Enfermería,Universidad Pública de Navarra,Navarra,Presencial,"11,683",Universidad Pública,"4,0 años",1.283 €,11.683
Enfermeria,Grado en Enfermería,Universidad de Murcia,Murcia,Presencial,"11,634",Universidad Pública,"4,0 años",1.007 €,11.634
Enfermeria,Grado en Enfermería,Universidad de Alcalá,Guadalajara,Presencial,"11,614",Universidad Pública,"4,0 años",1.241 €,11.614
Enfermeria,Grado en Enfermería,Universitat de València,Valencia,Presencial,"11,596",Universidad Pública,"4,0 años",1.080 €,11.596
Enfermeria,Grado en Enfermería,E.U. de Enfermería de Vitoria-Gasteiz,Álava,Presencial,"11,590",Centro Adscrito Público,"4,0 años",1.135 €,11.59
Enfermeria,Grado en Enfermería,Universidad de León,León,Presencial,"11,564",Universidad Pública,"4,0 años",1.014 €,11.564
Enfermeria,Grado en Enfermería,Universidad de Valladolid,Valladolid,Presencial,"11,560",Universidad Pública,"4,0 años",1.014 €,11.56
Enfermeria,Grado en Enfermería,Universidad del País Vasco,Guipúzcoa,Presencial,"11,546",Universidad Pública,"4,0 años",1.135 €,11.546
Enfermeria,Grado en Enfermería,Universidad de Castilla - La Mancha,Albacete,Presencial,"11,534",Universidad Pública,"4,0 años",1.132 €,11.534
Enfermeria,Grado en Enfermería,CUE Salus Infirmorum,Cádiz,Presencial,"11,500",Centro Adscrito Privado,"4,0 años",4.815 €,11.5
Enfermeria,Grado en Enfermería,Universidad de Castilla - La Mancha,Ciudad Real,Presencial,"11,460",Universidad Pública,"4,0 años",1.132 €,11.46
Enfermeria,Grado en Enfermería,E.U. de Enfermería de Huesca,Huesca,Presencial,"11,386",Centro Adscrito Público,"4,0 años",1.606 €,11.386
Enfermeria,Grado en Enfermería,Universidad de Extremadura,Cáceres,Presencial,"11,350",Universidad Pública,"4,0 años",1.064 €,11.35
Enfermeria,Grado en Enfermería,Universidad de Extremadura,Badajoz,Presencial,"11,330",Universidad Pública,"4,0 años",1.064 €,11.33
Enfermeria,Grado en Enfermería,Universidad de Granada,Melilla,Presencial,"11,320",Universidad Pública,"4,0 años",757 €,11.32
Arquitectura,Grado en Fundamentos de la Arquitectura + Máster Universitario en Arquitectura (Programa de Arquitecto/a),Universidad Politécnica de Madrid,Madrid,Presencial,"12,900",Universidad Pública,"4,0 años",no disponible,12.9
Arquitectura,Grado en Fundamentos de la Arquitectura,Universidad Politécnica de Madrid,Madrid,Presencial,"11,336",Universidad Pública,"5,0 años",1.166 €,11.336
Arquitectura,PARS en Arquitectura (Grado en Arquitectura + Máster Universitario en Arquitectura),Universitat Politècnica de València,Valencia,Presencial,"11,040",Universidad Pública,"5,0 años",1.040 €,11.04
Arquitectura,Grado en Fundamentos de la Arquitectura,Universitat Politècnica de València,Valencia,Presencial,"10,648",Universidad Pública,"5,0 años",1.040 €,10.648
Arquitectura,Grado en Fundamentos de la Arquitectura,Universidad Rey Juan Carlos,Madrid,Presencial,"10,553",Universidad Pública,"5,0 años",1.166 €,10.553
Arquitectura,Grado en Arquitectura Naval,Universidad Politécnica de Madrid,Madrid,Presencial,"10,550",Universidad Pública,"4,0 años",1.166 €,10.55
Arquitectura,Grado en Arquitectura,Universidad de Málaga,Málaga,Presencial,"10,542",Universidad Pública,"5,0 años",757 €,10.542
Arquitectura,Grado en Estudios en Arquitectura,Universidad de Zaragoza,Zaragoza,Presencial,"10,362",Universidad Pública,"5,0 años",1.201 €,10.362
Arquitectura,Grado en Fundamentos de la Arquitectura,Universidad de Alicante,Alicante,Presencial,"10,013",Universidad Pública,"5,0 años",1.040 €,10.013
Arquitectura,Grado en Estudios de Arquitectura,Universitat Politècnica de Catalunya,Barcelona,Presencial,"9,844",Universidad Pública,"5,0 años",1.108 €,9.844
Arquitectura,Doble Grado en Ingeniería Civil + Arquitectura Técnica,Universidad del País Vasco,Guipúzcoa,Presencial,"9,600",Universidad Pública,"5,0 años",1.097 €,9.6
Arquitectura,Grado en Fundamentos de Arquitectura,Universidad de Sevilla,Sevilla,Presencial,"9,530",Universidad Pública,"5,0 años",757 €,9.53
Arquitectura,Grado en Estudios de Arquitectura,Universitat de Girona,Girona,Presencial,"9,490",Universidad Pública,"5,0 años",1.108 €,9.49
Arquitectura,Grado en Estudios de Arquitectura,Universitat Politècnica de Catalunya,Barcelona,Presencial,"9,486",Universidad Pública,"5,0 años",1.108 €,9.486
Arquitectura,Grado en Estudios de Arquitectura,Universidad de Granada,Granada,Presencial,"9,450",Universidad Pública,"6,0 años",757 €,9.45
Arquitectura,PARS en Edificación (Grado en Arquitectura Técnica + Máster Universitario en Edificación),Universitat Politècnica de València,Valencia,Presencial,"9,234",Universidad Pública,"5,0 años",1.040 €,9.234
Arquitectura,Grado en Fundamentos de la Arquitectura,Universidad de Valladolid,Valladolid,Presencial,"8,970",Universidad Pública,"5,0 años",1.107 €,8.97
Arquitectura,Grado en Fundamentos de Arquitectura,Universidad Politécnica de Cartagena,Murcia,Presencial,"8,935",Universidad Pública,"5,0 años",1.007 €,8.935
Arquitectura,Grado en Fundamentos de Arquitectura,Universidad del País Vasco,Guipúzcoa,Presencial,"8,854",Universidad Pública,"4,0 años",1.097 €,8.854
Arquitectura,Grado en Arquitectura,Universidad de Castilla - La Mancha,Toledo,Presencial,"8,790",Universidad Pública,"5,0 años",1.132 €,8.79
Arquitectura,Grado en Estudios de Arquitectura,Universitat Rovira i Virgili,Tarragona,Presencial,"8,614",Universidad Pública,"5,0 años",1.108 €,8.614
Arquitectura,Grado en Arquitectura Técnica y Edificación,Universidad de Alcalá,Guadalajara,Presencial,"8,464",Universidad Pública,"4,0 años",1.166 €,8.464
Arquitectura,Grado en Arquitectura Naval e Ingeniería de Sistemas Marinos,Universidad Politécnica de Cartagena,Murcia,Presencial,"8,388",Universidad Pública,"4,0 años",1.007 €,8.388
Arquitectura,Grado en Estudios de Arquitectura,Universidade da Coruña,A Coruña,Presencial,"7,757",Universidad Pública,"5,0 años",836 €,7.757
Arquitectura,Grado en Arquitectura Técnica y Edificación,Universitat de Lleida,LLeida,Presencial,"7,666",Universidad Pública,"4,0 años",1.108 €,7.666
Arquitectura,Grado en Arquitectura Técnica y Edificación,Universitat de Girona,Girona,Presencial,"7,551",Universidad Pública,"4,0 años",1.108 €,7.551
Arquitectura,Grado en Arquitectura Técnica,Universidad del País Vasco,Guipúzcoa,Presencial,"6,534",Universidad Pública,"4,0 años",1.097 €,6.534
Arquitectura,Grado en Arquitectura,Universidad de Las Palmas de Gran Canaria,Las Palmas,Presencial,"5,000",Universidad Pública,"5,0 años",875 €,5.0
Arquitectura,Grado en Arquitectura Técnica,Universidad de Burgos,Burgos,Presencial,"5,000",Universidad Pública,"4,0 años",1.014 €,5.0
Arquitectura,Grado en Arquitectura Técnica,Universidade da Coruña,A Coruña,Presencial,"5,000",Universidad Pública,"4,0 años",836 €,5.0
Arquitectura,Doble Grado en Ingeniería Civil + Arquitectura Técnica,Universidad de Burgos,Burgos,Presencial,"5,000",Universidad Pública,"5,0 años",1.369 €,5.0
Arquitectura,Grado en Arquitectura técnica,Universidad de La Laguna,Tenerife,Presencial,"5,000",Universidad Pública,"4,0 años",875 €,5.0
Farmacia,Doble Grado en Biotecnología + Farmacia,Universidad de Salamanca,Salamanca,Presencial,"13,395",Universidad Pública,"6,0 años",1.141 €,13.395
Farmacia,Doble Grado en Farmacia + Nutrición Humana y Dietética,Universidad de Granada,Granada,Presencial,"13,224",Universidad Pública,"5,0 años",no disponible,13.224
Farmacia,Doble Grado en Farmacia + Nutrición Humana y Dietética,Universidad Complutense de Madrid,Madrid,Presencial,"12,588",Universidad Pública,"6,0 años",no disponible,12.588
Farmacia,Doble Grado en Farmacia + Óptica y Optometría,Universidad de Sevilla,Sevilla,Presencial,"12,490",Universidad Pública,"6,0 años",833 €,12.49
Farmacia,Grado en Farmacia,Universidad Rey Juan Carlos,Madrid,Presencial,"12,000",Universidad Pública,"5,0 años",1.241 €,12.0
Farmacia,Grado en Farmacia,Universidad de Sevilla,Sevilla,Presencial,"11,787",Universidad Pública,"5,0 años",757 €,11.787
Farmacia,Grado en Farmacia,Universidad Complutense de Madrid,Madrid,Presencial,"11,784",Universidad Pública,"5,0 años",1.241 €,11.784
Farmacia,Grado en Farmacia,Universidad de Alcalá,Madrid,Presencial,"11,610",Universidad Pública,"5,0 años",1.241 €,11.61
Farmacia,Doble Grado en Farmacia + Nutrición Humana y Dietética,Universitat de València,Valencia,Presencial,"11,559",Universidad Pública,"5,0 años",no disponible,11.559
Farmacia,Grado en Farmacia,Universidad de Murcia,Murcia,Presencial,"11,556",Universidad Pública,"5,0 años",1.007 €,11.556
Farmacia,Grado en Farmacia,Universidad Miguel Hernández de Elche,Alicante,Presencial,"11,530",Universidad Pública,"5,0 años",1.080 €,11.53
Farmacia,Doble Grado en Farmacia + Óptica y Optometría,Universidade de Santiago de Compostela,A Coruña,Presencial,"11,317",Universidad Pública,,1.003 €,11.317
Farmacia,Grado en Farmacia,Universidad de Granada,Granada,Presencial,"11,082",Universidad Pública,"5,0 años",757 €,11.082
Farmacia,Doble Grado en Farmacia + Nutrición Humana y Dietética,Universitat de Barcelona,Barcelona,Presencial,"11,042",Universidad Pública,"6,0 años",1.218 €,11.042
Farmacia,Doble Grado en Farmacia + Gestión de Pequeñas y Medianas Empresas (PYMES),Universidad de Salamanca,Salamanca,Presencial,"11,029",Universidad Pública,"6,0 años",1.369 €,11.029
Farmacia,Grado en Farmacia,Universitat de Barcelona,Barcelona,Presencial,"10,956",Universidad Pública,"5,0 años",1.108 €,10.956
Farmacia,Grado en Farmacia,Universitat de València,Valencia,Presencial,"10,811",Universidad Pública,"5,0 años",1.080 €,10.811
Farmacia,Grado en Farmacia,Universidad del País Vasco,Álava,Presencial,"10,765",Universidad Pública,"5,0 años",1.135 €,10.765
Farmacia,Grado en Farmacia,Universidad de Salamanca,Salamanca,Presencial,"10,706",Universidad Pública,"5,0 años",1.014 €,10.706
Farmacia,Grado en Farmacia,Universidade de Santiago de Compostela,A Coruña,Presencial,"10,566",Universidad Pública,"5,0 años",836 €,10.566
Farmacia,Doble Grado en Farmacia + Nutrición Humana y Dietética,Universidad del País Vasco,Álava,Presencial,"10,503",Universidad Pública,"6,0 años",1.330 €,10.503
Farmacia,Grado en Farmacia,Universidad de La Laguna,Tenerife,Presencial,"10,216",Universidad Pública,"5,0 años",875 €,10.216
Farmacia,Grado en Farmacia,Universidad de Castilla - La Mancha,Albacete,Presencial,"10,086",Universidad Pública,"5,0 años",1.132 €,10.086
Farmacia,Grado en Farmacia,Universitat de les Illes Balears,Baleares,Presencial,"9,880",Universidad Pública,"4,0 años",1.071 €,9.88
Biologia,Grado en Bioquímica y Biología Molecular,Universidad del País Vasco,Vizcaya,Presencial,"12,639",Universidad Pública,"4,0 años",1.131 €,12.639
Biologia,Grado en Biología Sanitaria,Universidad de Alcalá,Madrid,Presencial,"12,500",Universidad Pública,"4,0 años",1.241 €,12.5
Biologia,Grado en Bioquímica y Biología Molecular,Universitat Jaume I,Castellón,Presencial,"12,318",Universidad Pública,"4,0 años",1.040 €,12.318
Biologia,Grado en Biología,Universidad del País Vasco,Vizcaya,Presencial,"11,318",Universidad Pública,"4,0 años",1.131 €,11.318
Biologia,Doble Grado en Biología + Biotecnología,Universitat de Girona,Girona,Presencial,"11,190",Universidad Pública,"5,0 años",1.108 €,11.19
Biologia,Grado en Microbiología,Universitat Autònoma de Barcelona,Barcelona,Presencial,"11,018",Universidad Pública,"4,0 años",1.108 €,11.018
Biologia,Grado en Biología,Universitat de Barcelona,Barcelona,Presencial,"11,012",Universidad Pública,"4,0 años",1.108 €,11.012
Biologia,Grado en Biología,Universidad de Alcalá,Madrid,Presencial,"10,925",Universidad Pública,"4,0 años",1.241 €,10.925
Biologia,Grado en Biología,Universidad de Sevilla,Sevilla,Presencial,"10,822",Universidad Pública,"4,0 años",757 €,10.822
Biologia,Grado en Biología,Universitat Autònoma de Barcelona,Barcelona,Presencial,"10,749",Universidad Pública,"4,0 años",1.108 €,10.749
Biologia,Grado en Biología Ambiental,Universitat Autònoma de Barcelona,Barcelona,Presencial,"10,744",Universidad Pública,"4,0 años",1.108 €,10.744
Biologia,Grado en Biología,Universidad de Oviedo,Asturias,Presencial,"10,734",Universidad Pública,"4,0 años",738 €,10.734
Biologia,Grado en Biología,Universidad de Alicante,Alicante,Presencial,"10,720",Universidad Pública,"4,0 años",1.040 €,10.72
Biologia,Simultaneidad de Grados en Biología + Química,Universidade da Coruña,A Coruña,Presencial,"10,576",Universidad Pública,"5,0 años",no disponible,10.576
Biologia,Grado en Biología,Universitat de València,Valencia,Presencial,"10,478",Universidad Pública,"4,0 años",1.040 €,10.478
Biologia,Grado en Biología,Universidad Complutense de Madrid,Madrid,Presencial,"10,339",Universidad Pública,"4,0 años",1.241 €,10.339
Biologia,Grado en Biología,Universidad de La Laguna,Tenerife,Presencial,"10,294",Universidad Pública,"4,0 años",875 €,10.294
Biologia,Doble Grado en Química + Biología,Universidade de Santiago de Compostela,A Coruña,Presencial,"10,182",Universidad Pública,"6,0 años",1.000 €,10.182
Biologia,Grado en Biología,Universidad Rey Juan Carlos,Madrid,Presencial,"10,028",Universidad Pública,"4,0 años",1.241 €,10.028
Biologia,Grado en Biología,Universidad Autónoma de Madrid,Madrid,Presencial,"9,943",Universidad Pública,"4,0 años",1.241 €,9.943
Biologia,Grado en Biología,Universidad de Granada,Granada,Presencial,"9,905",Universidad Pública,"4,0 años",757 €,9.905
Biologia,Grado en Biología,Universidad de Málaga,Málaga,Presencial,"9,750",Universidad Pública,"4,0 años",757 €,9.75
Biologia,Grado en Biología,Universidade da Coruña,A Coruña,Presencial,"9,576",Universidad Pública,"4,0 años",836 €,9.576
Biologia,Grado en Biología,Universidad de León,León,Presencial,"9,467",Universidad Pública,"4,0 años",1.014 €,9.467
Biologia,Grado en Biología,Universidad de Murcia,Murcia,Presencial,"9,422",Universidad Pública,"4,0 años",1.007 €,9.422
Biologia,Grado en Biología,Universitat de Girona,Girona,Presencial,"9,320",Universidad Pública,"4,0 años",1.108 €,9.32
Biologia,Grado en Biología,Universidade de Vigo,Pontevedra,Presencial,"9,292",Universidad Pública,"4,0 años",836 €,9.292
Biologia,Grado en Biología,Universidad de Salamanca,Salamanca,Presencial,"9,228",Universidad Pública,"4,0 años",1.014 €,9.228
Biologia,Doble Grado en Biología + Ciencias Ambientales,Universitat de Girona,Girona,Presencial,"9,200",Universidad Pública,"5,0 años",1.108 €,9.2
Biologia,Grado en Biología,Universidade de Santiago de Compostela,A Coruña,Presencial,"9,150",Universidad Pública,"4,0 años",836 €,9.15
Biologia,Grado en Biología,Universidad de Córdoba,Córdoba,Presencial,"8,530",Universidad Pública,"4,0 años",757 €,8.53
Biologia,Grado en Biología,Universitat de les Illes Balears,Baleares,Presencial,"8,410",Universidad Pública,"4,0 años",1.071 €,8.41
Biologia,Grado en Biología,Universidad de Jaén,Jaén,Presencial,"8,350",Universidad Pública,"4,0 años",757 €,8.35
Biologia,Grado en Biología,Universidad de Extremadura,Badajoz,Presencial,"5,399",Universidad Pública,"4,0 años",902 €,5.399
Biologia,Grado en Biología,Universitat de Vic - Universitat Central de Catalunya,Barcelona,Presencial,"5,000",Universidad Privada,"4,0 años",6.058 €,5.0
Fisica,Doble Grado en Física +  Matemáticas,Universidad de Sevilla,Sevilla,Presencial,"13,764",Universidad Pública,"5,0 años",909 €,13.764
Fisica,Doble Grado en Matemáticas + Física,Universidad de Granada,Granada,Presencial,"13,750",Universidad Pública,"5,0 años",no disponible,13.75
Fisica,Doble Grado en Matemáticas + Física,Universidad Complutense de Madrid,Madrid,Presencial,"13,736",Universidad Pública,"5,0 años",no disponible,13.736
Fisica,Doble Grado en Física + Matemáticas,Universidad de Cantabria,Cantabria,Presencial,"13,458",Universidad Pública,"5,0 años",909 €,13.458
Fisica,Doble Grado en Física + Matemáticas,Universidad de Zaragoza,Zaragoza,Presencial,"13,427",Universidad Pública,"5,0 años",1.430 €,13.427
Fisica,Doble Grado en Matemáticas + Física (Opción B - predomina Física),Universidad de Oviedo,Asturias,Presencial,"13,384",Universidad Pública,"5,0 años",738 €,13.384
Fisica,Doble Grado en Física + Matemáticas,Universidad de Salamanca,Salamanca,Presencial,"13,361",Universidad Pública,"5,0 años",1.141 €,13.361
Fisica,Programa de Estudios Conjunto de Grado en Matemáticas + Grado en Física,Universidad de Valladolid,Valladolid,Presencial,"13,338",Universidad Pública,"5,0 años",916 €,13.338
Fisica,Doble Grado en Física + Matemáticas,Universitat de València,Valencia,Presencial,"13,288",Universidad Pública,"5,0 años",1.144 €,13.288
Fisica,Doble Grado en Matemáticas + Física,Universidade de Santiago de Compostela,A Coruña,Presencial,"13,278",Universidad Pública,"5,0 años",900 €,13.278
Fisica,Doble Grado en Matemáticas + Física,Universidad de Murcia,Murcia,Presencial,"13,179",Universidad Pública,"5,0 años",no disponible,13.179
Fisica,Doble Grado en Física + Matemáticas,Universitat Autònoma de Barcelona,Barcelona,Presencial,"13,111",Universidad Pública,"5,0 años",1.108 €,13.111
Fisica,Doble Grado en Matemáticas + Física (Opción A - predomina Matemáticas),Universidad de Oviedo,Asturias,Presencial,"13,033",Universidad Pública,"5,0 años",738 €,13.033
Fisica,Doble Grado en Física + Ingeniería Electrónica,Universidad del País Vasco,Vizcaya,Presencial,"12,874",Universidad Pública,"5,0 años",1.135 €,12.874
Fisica,Doble Grado en Física + Matemáticas,Universitat de Barcelona,Barcelona,Presencial,"12,864",Universidad Pública,"5,0 años",1.181 €,12.864
Fisica,Grado en Física,Universidad de Alicante,Alicante,Presencial,"12,458",Universidad Pública,"4,0 años",842 €,12.458
Fisica,Grado en Física,Universidad de Granada,Granada,Presencial,"12,416",Universidad Pública,"4,0 años",757 €,12.416
Fisica,Doble Grado en Química + Física,Universidade de Santiago de Compostela,A Coruña,Presencial,"12,284",Universidad Pública,"5,0 años",900 €,12.284
Fisica,Grado en Física,Universidad del País Vasco,Vizcaya,Presencial,"12,234",Universidad Pública,"4,0 años",1.094 €,12.234
Fisica,Grado en Física,Universidad de Zaragoza,Zaragoza,Presencial,"12,163",Universidad Pública,"4,0 años",1.190 €,12.163
Fisica,Grado en Física,Universidad de Sevilla,Sevilla,Presencial,"12,144",Universidad Pública,"4,0 años",757 €,12.144
Fisica,Doble Grado en Física + Ingeniería de Materiales,Universidad de Sevilla,Sevilla,Presencial,"12,139",Universidad Pública,"5,0 años",833 €,12.139
Fisica,Grado en Física,Universidad Autónoma de Madrid,Madrid,Presencial,"12,061",Universidad Pública,"4,0 años",1.015 €,12.061
Fisica,Grado en Física,Universidad Complutense de Madrid,Madrid,Presencial,"12,060",Universidad Pública,"4,0 años",1.015 €,12.06
Fisica,Grado en Física e Instrumentación Espacial,Universidad de Alcalá,Madrid,Presencial,"12,025",Universidad Pública,"4,0 años",1.166 €,12.025
Fisica,Grado en Física,Universidad de Salamanca,Salamanca,Presencial,"11,952",Universidad Pública,"4,0 años",678 €,11.952
Fisica,Grado en Física,Universitat de València,Valencia,Presencial,"11,853",Universidad Pública,"4,0 años",842 €,11.853
Fisica,Grado en Física,Universidad de Oviedo,Asturias,Presencial,"11,814",Universidad Pública,"4,0 años",738 €,11.814
Fisica,Doble Grado en Física + Química,Universitat de València,Valencia,Presencial,"11,774",Universidad Pública,"5,0 años",no disponible,11.774
Fisica,Grado en Física,Universitat Autònoma de Barcelona,Barcelona,Presencial,"11,770",Universidad Pública,"4,0 años",1.108 €,11.77
Fisica,Grado en Física,Universidade de Santiago de Compostela,A Coruña,Presencial,"11,706",Universidad Pública,"4,0 años",836 €,11.706
Fisica,Grado en Física,Universitat de Barcelona,Barcelona,Presencial,"11,686",Universidad Pública,"4,0 años",1.108 €,11.686
Fisica,Grado en Física,Universidad de Cantabria,Cantabria,Presencial,"11,470",Universidad Pública,"4,0 años",733 €,11.47
Fisica,Doble Grado en Física + Química,Universitat Autònoma de Barcelona,Barcelona,Presencial,"11,433",Universidad Pública,"5,0 años",1.108 €,11.433
Fisica,Grado en Física,Universidad de Valladolid,Valladolid,Presencial,"11,198",Universidad Pública,"4,0 años",678 €,11.198
Fisica,Grado en Física,Universidad de Córdoba,Córdoba,Presencial,"11,017",Universidad Pública,"4,0 años",757 €,11.017
Fisica,Grado en Física,Universidad de Murcia,Murcia,Presencial,"10,956",Universidad Pública,"4,0 años",1.007 €,10.956
Fisica,Grado en Física,Universidad de Extremadura,Badajoz,Presencial,"10,946",Universidad Pública,"4,0 años",902 €,10.946
Fisica,Grado en Física,Universidad de Castilla - La Mancha,Toledo,Presencial,"10,436",Universidad Pública,"4,0 años",1.132 €,10.436
Fisica,Grado en Física,Universidad de La Laguna,Tenerife,Presencial,"10,418",Universidad Pública,"4,0 años",875 €,10.418
Fisica,Grado en Física,Universitat de les Illes Balears,Baleares,Presencial,"9,386",Universidad Pública,"4,0 años",938 €,9.386
Fisica,Grado en Física,Universidad Nacional de Educación a Distancia,Madrid,A distancia,"5,000",Universidad Pública,"4,0 años",1.229 €,5.0
Quimica,Doble Grado en Química + Bioquímica,Universidad Complutense de Madrid,Madrid,Presencial,"12,978",Universidad Pública,,no disponible,12.978
Quimica,Doble Grado en Química + Física,Universidade de Santiago de Compostela,A Coruña,Presencial,"12,284",Universidad Pública,"5,0 años",900 €,12.284
Quimica,Doble Grado en Física + Química,Universitat de València,Valencia,Presencial,"11,774",Universidad Pública,"5,0 años",no disponible,11.774
Quimica,Doble Grado en Física + Química,Universitat Autònoma de Barcelona,Barcelona,Presencial,"11,433",Universidad Pública,"5,0 años",1.108 €,11.433
Quimica,Grado en Química,Universidad de Alicante,Alicante,Presencial,"11,095",Universidad Pública,"4,0 años",1.040 €,11.095
Quimica,Doble Grado en Química + Ingeniería de Materiales,Universidad de Sevilla,Sevilla,Presencial,"10,769",Universidad Pública,"5,0 años",871 €,10.769
Quimica,Grado en Química,Universitat Jaume I,Castellón,Presencial,"10,644",Universidad Pública,"4,0 años",1.040 €,10.644
Quimica,Grado en Química,Universidad del País Vasco,Vizcaya,Presencial,"10,610",Universidad Pública,"4,0 años",1.131 €,10.61
Quimica,Doble Grado en Química + Ingeniería Química,Universitat de València,Valencia,Presencial,"10,578",Universidad Pública,"5,0 años",no disponible,10.578
Quimica,Simultaneidad de Grados en Biología + Química,Universidade da Coruña,A Coruña,Presencial,"10,576",Universidad Pública,"5,0 años",no disponible,10.576
Quimica,Doble Grado en Química + Ingeniería Química,Universidad de Murcia,Murcia,Presencial,"10,349",Universidad Pública,"5,0 años",no disponible,10.349
Quimica,Doble Grado en Administración y Dirección de Empresas (ADE) + Química,Universitat de Barcelona,Barcelona,Presencial,"10,314",Universidad Pública,"6,0 años",1.238 €,10.314
Quimica,Grado en Química,Universidad de Alcalá,Madrid,Presencial,"10,285",Universidad Pública,"4,0 años",1.241 €,10.285
Quimica,Doble Grado en Química + Biología,Universidade de Santiago de Compostela,A Coruña,Presencial,"10,182",Universidad Pública,"6,0 años",1.000 €,10.182
Quimica,Grado en Química,Universidad Complutense de Madrid,Madrid,Presencial,"10,136",Universidad Pública,"4,0 años",1.241 €,10.136
Quimica,Grado en Química,Universidad Autónoma de Madrid,Madrid,Presencial,"9,961",Universidad Pública,"4,0 años",1.241 €,9.961
Quimica,Grado en Química,Universitat de València,Valencia,Presencial,"9,788",Universidad Pública,"4,0 años",1.040 €,9.788
Quimica,Grado en Química,Universidad de Sevilla,Sevilla,Presencial,"9,748",Universidad Pública,"4,0 años",757 €,9.748
Quimica,Grado en Química,Universidad del País Vasco,Guipúzcoa,Presencial,"9,680",Universidad Pública,"4,0 años",1.131 €,9.68
Quimica,Grado en Química,Universitat de Barcelona,Barcelona,Presencial,"9,546",Universidad Pública,"4,0 años",1.108 €,9.546
Quimica,Grado en Química,Universidad de Murcia,Murcia,Presencial,"9,294",Universidad Pública,"4,0 años",1.007 €,9.294
Quimica,Grado en Química,Universitat Autònoma de Barcelona,Barcelona,Presencial,"9,228",Universidad Pública,"4,0 años",1.108 €,9.228
Quimica,Grado en Química,Universidade de Santiago de Compostela,A Coruña,Presencial,"9,000",Universidad Pública,"4,0 años",836 €,9.0
Quimica,Grado en Química,Universidade de Vigo,Pontevedra,Presencial,"8,804",Universidad Pública,"4,0 años",836 €,8.804
Quimica,Grado en Química,Universidad de Málaga,Málaga,Presencial,"8,763",Universidad Pública,"4,0 años",757 €,8.763
Quimica,Grado en Química,Universitat Rovira i Virgili,Tarragona,Presencial,"8,722",Universidad Pública,"4,0 años",1.108 €,8.722
Quimica,Grado en Química,Universidade da Coruña,A Coruña,Presencial,"8,712",Universidad Pública,"4,0 años",836 €,8.712
Quimica,Grado en Química,Universidad de La Rioja,La Rioja,Presencial,"8,622",Universidad Pública,"4,0 años",1.228 €,8.622
Quimica,Grado en Química,Universidad de Cádiz,Cádiz,Presencial,"8,548",Universidad Pública,"4,0 años",757 €,8.548
Quimica,Grado en Química,Universidad de Granada,Granada,Presencial,"8,450",Universidad Pública,"4,0 años",757 €,8.45
Quimica,Grado en Química,Universitat de Girona,Girona,Presencial,"8,272",Universidad Pública,"4,0 años",1.108 €,8.272
Quimica,Grado en Química,Universitat Rovira i Virgili,Tarragona,Presencial,"7,833",Universidad Pública,"4,0 años",1.108 €,7.833
Quimica,Doble Grado en Química + Enología,Universidad de Cádiz,Cádiz,Presencial,"7,665",Universidad Pública,"5,0 años",no disponible,7.665
Quimica,Grado en Química,Universidad de La Laguna,Tenerife,Presencial,"6,855",Universidad Pública,"4,0 años",875 €,6.855
Quimica,Grado en Química,Universidad de Almería,Almería,Presencial,"6,767",Universidad Pública,"4,0 años",757 €,6.767
Quimica,Grado en Química,Universidad de Valladolid,Valladolid,Presencial,"6,180",Universidad Pública,"4,0 años",1.014 €,6.18
Quimica,Grado en Química,Universitat de les Illes Balears,Baleares,Presencial,"6,136",Universidad Pública,"4,0 años",1.071 €,6.136
Quimica,Grado en Química,Universidad de Córdoba,Córdoba,Presencial,"5,000",Universidad Pública,"4,0 años",757 €,5.0
Quimica,Grado en Química,Universidad de Jaén,Jaén,Presencial,"5,000",Universidad Pública,"4,0 años",757 €,5.0
Quimica,Grado en Química,Universidad de Burgos,Burgos,Presencial,"5,000",Universidad Pública,"4,0 años",884 €,5.0
Quimica,Grado en Química,Universidad de Oviedo,Asturias,Presencial,"5,000",Universidad Pública,"4,0 años",738 €,5.0
Quimica,Grado en Química,Universidad de Huelva,Huelva,Presencial,"5,000",Universidad Pública,"4,0 años",757 €,5.0
Quimica,Grado en Química,Universidad de Zaragoza,Zaragoza,Presencial,"5,000",Universidad Pública,"4,0 años",1.201 €,5.0
Quimica,Grado en Química,Universidad de Salamanca,Salamanca,Presencial,"5,000",Universidad Pública,"4,0 años",1.014 €,5.0
Quimica,Grado en Química,Universidad de Extremadura,Badajoz,Presencial,"5,000",Universidad Pública,"4,0 años",902 €,5.0
Quimica,Grado en Química,Universidad de Castilla - La Mancha,Ciudad Real,Presencial,"5,000",Universidad Pública,"4,0 años",1.132 €,5.0
Quimica,Grado en Química,Universidad Nacional de Educación a Distancia,Madrid,A distancia,"5,000",Universidad Pública,"4,0 años",1.229 €,5.0
Matematicas,Doble Grado en Física +  Matemáticas,Universidad de Sevilla,Sevilla,Presencial,"13,764",Universidad Pública,"5,0 años",909 €,13.764
Matematicas,Doble Grado en Matemáticas + Física,Universidad de Granada,Granada,Presencial,"13,750",Universidad Pública,"5,0 años",no disponible,13.75
Matematicas,Doble Grado en Matemáticas + Física,Universidad Complutense de Madrid,Madrid,Presencial,"13,736",Universidad Pública,"5,0 años",no disponible,13.736
Matematicas,Doble grado en Matemáticas + Ingeniería Informática,Universitat Politècnica de València,Valencia,Presencial,"13,620",Universidad Pública,"5,0 años",no disponible,13.62
Matematicas,Doble Grado en Ingeniería Informática - Tecnología Informática + Matemáticas,Universidad de Sevilla,Sevilla,Presencial,"13,595",Universidad Pública,"4,0 años",909 €,13.595
Matematicas,Doble Grado en Ingeniería Informática + Matemáticas,Universidad Complutense de Madrid,Madrid,Presencial,"13,525",Universidad Pública,"5,0 años",no disponible,13.525
Matematicas,Doble Grado en Ingeniería Informática + Matemáticas,Universidad de Málaga,Málaga,Presencial,"13,490",Universidad Pública,"5,0 años",757 €,13.49
Matematicas,Doble Grado en Física + Matemáticas,Universidad de Cantabria,Cantabria,Presencial,"13,458",Universidad Pública,"5,0 años",909 €,13.458
Matematicas,Doble Grado en Física + Matemáticas,Universidad de Zaragoza,Zaragoza,Presencial,"13,427",Universidad Pública,"5,0 años",1.430 €,13.427
Matematicas,Doble Grado en Ingeniería Informática del Software + Matemáticas,Universidad de Oviedo,Asturias,Presencial,"13,402",Universidad Pública,"6,0 años",771 €,13.402
Matematicas,Doble Grado en Matemáticas + Física (Opción B - predomina Física),Universidad de Oviedo,Asturias,Presencial,"13,384",Universidad Pública,"5,0 años",738 €,13.384
Matematicas,Doble Grado en Física + Matemáticas,Universidad de Salamanca,Salamanca,Presencial,"13,361",Universidad Pública,"5,0 años",1.141 €,13.361
Matematicas,Programa de Estudios Conjunto de Grado en Matemáticas + Grado en Física,Universidad de Valladolid,Valladolid,Presencial,"13,338",Universidad Pública,"5,0 años",916 €,13.338
Matematicas,Doble Grado en Ingeniería Informática + Matemáticas,Universidad de Granada,Granada,Presencial,"13,325",Universidad Pública,"5,0 años",no disponible,13.325
Matematicas,Doble grado en Matemáticas + Administración y Dirección de Empresas,Universitat Politècnica de València,Valencia,Presencial,"13,303",Universidad Pública,"5,0 años",no disponible,13.303
Matematicas,Doble Grado en Física + Matemáticas,Universitat de València,Valencia,Presencial,"13,288",Universidad Pública,"5,0 años",1.144 €,13.288
Matematicas,Doble Grado en Matemáticas + Física,Universidade de Santiago de Compostela,A Coruña,Presencial,"13,278",Universidad Pública,"5,0 años",900 €,13.278
Matematicas,Doble Grado en Ingeniería Informática + Matemáticas,Universidad Autónoma de Madrid,Madrid,Presencial,"13,239",Universidad Pública,"5,0 años",no disponible,13.239
Matematicas,Doble Grado en Ingeniería Informática + Matemáticas,Universidade de Santiago de Compostela,A Coruña,Presencial,"13,188",Universidad Pública,,900 €,13.188
Matematicas,Doble Grado en Matemáticas + Física,Universidad de Murcia,Murcia,Presencial,"13,179",Universidad Pública,"5,0 años",no disponible,13.179
Matematicas,Doble grado en Matemáticas + Ingeniería de Tecnologías y Servicios de Telecomunicación,Universitat Politècnica de València,Valencia,Presencial,"13,167",Universidad Pública,"5,0 años",no disponible,13.167
Matematicas,Doble Grado en Ingeniería Informática + Matemáticas,Universidad Rey Juan Carlos,Madrid,Presencial,"13,148",Universidad Pública,"4,0 años",1.530 €,13.148
Matematicas,Doble Grado en Física + Matemáticas,Universitat Autònoma de Barcelona,Barcelona,Presencial,"13,111",Universidad Pública,"5,0 años",1.108 €,13.111
Matematicas,Doble Grado en Matemáticas + Ingeniería Informática,Universidad de Cádiz,Cádiz,Presencial,"13,109",Universidad Pública,"5,0 años",no disponible,13.109
Matematicas,Doble Grado en Matemáticas +  Estadística,Universidad de Sevilla,Sevilla,Presencial,"13,075",Universidad Pública,"5,0 años",833 €,13.075
Matematicas,Doble Grado en Matemáticas + Física (Opción A - predomina Matemáticas),Universidad de Oviedo,Asturias,Presencial,"13,033",Universidad Pública,"5,0 años",738 €,13.033
Matematicas,Programa de Estudios Simultáneos en Matemáticas + Ingeniería Informática,Universidad de Murcia,Murcia,Presencial,"12,996",Universidad Pública,"5,0 años",1.013 €,12.996
Matematicas,Doble Grado en Economía + Matemáticas y Ciencia de Datos,Universidad Complutense de Madrid,Madrid,Presencial,"12,975",Universidad Pública,"6,0 años",no disponible,12.975
Matematicas,Grado en Matemáticas,Universidad de Salamanca,Salamanca,Presencial,"12,891",Universidad Pública,"4,0 años",678 €,12.891
Matematicas,Doble Grado en Física + Matemáticas,Universitat de Barcelona,Barcelona,Presencial,"12,864",Universidad Pública,"5,0 años",1.181 €,12.864
Matematicas,Grado en Matemáticas,Universitat Politècnica de Catalunya,Barcelona,Presencial,"12,816",Universidad Pública,"4,0 años",1.108 €,12.816
Matematicas,Doble Grado en Ingeniería del Software + Matemáticas,Universidad Rey Juan Carlos,Madrid,Presencial,"12,800",Universidad Pública,"4,0 años",1.530 €,12.8
Matematicas,Programa de Estudios Conjunto de Grado en Matemáticas y Grado en Ingeniería Informática de Servicios y Aplicaciones,Universidad de Valladolid,Valladolid,Presencial,"12,799",Universidad Pública,"5,0 años",916 €,12.799
Matematicas,Doble Grado en Economía + Matemáticas,Universidad Rey Juan Carlos,Madrid,Presencial,"12,764",Universidad Pública,"5,0 años",no disponible,12.764
Matematicas,Grado en Matemáticas,Universidad de Alicante,Alicante,Presencial,"12,723",Universidad Pública,"4,0 años",842 €,12.723
Matematicas,Doble Grado en Ingeniería Informática + Matemáticas,Universitat de Barcelona,Barcelona,Presencial,"12,664",Universidad Pública,"5,0 años",1.181 €,12.664
Matematicas,Doble Grado en Matemáticas + Ingeniería Informática,Universidad de Zaragoza,Zaragoza,Presencial,"12,660",Universidad Pública,"5,0 años",1.430 €,12.66
Matematicas,Grado en Matemáticas y Computación,Universidad Carlos III de Madrid,Madrid,Presencial,"12,641",Universidad Pública,"4,0 años",1.166 €,12.641
Matematicas,Grado en Matemáticas,Universidad de Granada,Granada,Presencial,"12,587",Universidad Pública,"4,0 años",757 €,12.587
Matematicas,Doble grado en Matemáticas + Ingeniería Civil,Universitat Politècnica de València,Valencia,Presencial,"12,572",Universidad Pública,"5,0 años",no disponible,12.572
Matematicas,Grado en Matemáticas,Universidad de Oviedo,Asturias,Presencial,"12,364",Universidad Pública,"4,0 años",738 €,12.364
Matematicas,Grado en Matemáticas,Universidad Complutense de Madrid,Madrid,Presencial,"12,300",Universidad Pública,"4,0 años",1.015 €,12.3
Matematicas,Grado en Matemáticas,Universidade de Santiago de Compostela,A Coruña,Presencial,"12,286",Universidad Pública,"4,0 años",836 €,12.286
Matematicas,Grado en Matemáticas,Universitat de Barcelona,Barcelona,Presencial,"12,264",Universidad Pública,"4,0 años",1.108 €,12.264
Matematicas,Doble Grado en Matemáticas + Ingeniería Informática,Universitat de les Illes Balears,Baleares,Presencial,"12,220",Universidad Pública,"6,0 años",no disponible,12.22
Matematicas,Grado en Matemáticas,Universidad de Sevilla,Sevilla,Presencial,"12,158",Universidad Pública,"4,0 años",757 €,12.158
Matematicas,Grado en Matemáticas,Universidad de Murcia,Murcia,Presencial,"12,140",Universidad Pública,"4,0 años",863 €,12.14
Matematicas,PCEO en Matemáticas + Estadística,Universidad de Extremadura,Badajoz,Presencial,"12,124",Universidad Pública,"5,0 años",no disponible,12.124
Matematicas,Grado en Matemáticas,Universidad Politécnica de Madrid,Madrid,Presencial,"12,085",Universidad Pública,"4,0 años",1.166 €,12.085
Matematicas,Grado en Matemáticas,Universidad de Málaga,Málaga,Presencial,"12,044",Universidad Pública,"4,0 años",757 €,12.044
Comunicacion,Grado en Comunicación Digital,Universidad Rey Juan Carlos,Madrid,Presencial,"9,390",Universidad Pública,"4,0 años",1.015 €,9.39
Comunicacion,Grado en Comunicación e Industrias Culturales,Universitat de Barcelona,Barcelona,Presencial,"8,787",Universidad Pública,"4,0 años",1.108 €,8.787
Comunicacion,Grado en Comunicación Interactiva,Universitat Autònoma de Barcelona,Barcelona,Presencial,"6,916",Universidad Pública,"4,0 años",1.108 €,6.916
Comunicacion,Grado en Comunicación Digital,Universidad de Valladolid,Valladolid,Presencial,"5,000",Universidad Pública,"4,0 años",678 €,5.0
Comunicacion,Grado en Estudios de Comunicación y Medios,Universidad de Murcia,Murcia,Presencial,"5,000",Universidad Pública,"4,0 años",863 €,5.0
Comunicacion,Grado en Comunicación Cultural,Universitat de Girona,Girona,Presencial,"5,000",Universidad Pública,"4,0 años",1.061 €,5.0
Comunicacion,Grado en Comunicación y Relaciones Públicas,ESIC Valencia,Valencia,Presencial,"5,000",Universidad Privada,"4,0 años",9.200 €,5.0
Comunicacion,"Grado en Marketing, Innovación y Tecnología",Euncet Business School,Barcelona,Semipresencial,"5,000",Centro Adscrito Privado,"4,0 años",6.600 €,5.0
Comunicacion,Grado en Comunicación,Centro Universitario San Isidoro,Sevilla,Presencial,"5,000",Centro Adscrito Privado,"4,0 años",6.533 €,5.0
Comunicacion,Doble Grado en Comunicación + Comunicación Digital,Centro Universitario San Isidoro,Sevilla,Presencial,"5,000",Centro Adscrito Privado,"5,0 años",7.781 €,5.0
Periodismo,Doble Grado en Relaciones Internacionales + Periodismo,Universidad Rey Juan Carlos,Madrid,Presencial,"12,801",Universidad Pública,"5,0 años",1.345 €,12.801
Periodismo,Doble Grado en Periodismo + Comunicación Audiovisual,Universidad de Sevilla,Sevilla,Presencial,"12,674",Universidad Pública,"5,0 años",984 €,12.674
Periodismo,Doble Grado en Comunicación Audiovisual + Periodismo,Universidade de Santiago de Compostela,A Coruña,Presencial,"12,418",Universidad Pública,"5,0 años",600 €,12.418
Periodismo,Doble Grado en Derecho + Periodismo,Universidad Rey Juan Carlos,Madrid,Presencial,"12,075",Universidad Pública,"5,0 años",1.535 €,12.075
Periodismo,Doble Grado en Comunicación Audiovisual + Periodismo,Universidad del País Vasco,Vizcaya,Presencial,"11,918",Universidad Pública,"5,0 años",805 €,11.918
Periodismo,Doble Grado en Periodismo + Comunicación Audiovisual,Universidad Carlos III de Madrid,Madrid,Presencial,"11,728",Universidad Pública,"5,0 años",no disponible,11.728
Periodismo,Doble Grado en Periodismo + Publicidad y Relaciones Públicas,Universidad del País Vasco,Vizcaya,Presencial,"11,318",Universidad Pública,"5,0 años",805 €,11.318
Periodismo,Doble Grado en Comunicación Audiovisual + Periodismo,Universitat de València,Valencia,Presencial,"11,316",Universidad Pública,"5,0 años",no disponible,11.316
Periodismo,Doble Grado en Economía + Periodismo,Universidad Rey Juan Carlos,Madrid,Presencial,"11,264",Universidad Pública,"5,0 años",1.258 €,11.264
Periodismo,Grado en Periodismo,Universitat Pompeu Fabra,Barcelona,Presencial,"10,866",Universidad Pública,"4,0 años",1.108 €,10.866
Periodismo,Grado en Gestión de la Información y Contenidos Digitales,Universidad Carlos III de Madrid,Madrid,Presencial,"10,639",Universidad Pública,"4,0 años",1.015 €,10.639
Periodismo,Doble Grado en Comunicación Audiovisual + Periodismo,Universidad Miguel Hernández de Elche,Alicante,Presencial,"10,350",Universidad Pública,"5,0 años",1.078 €,10.35
Periodismo,Doble Grado en Periodismo + Comunicación Audiovisual,Universidad Rey Juan Carlos,Madrid,Presencial,"10,223",Universidad Pública,"5,0 años",1.269 €,10.223
Periodismo,Doble Grado en Ciencia Política y Gestión Pública + Periodismo,Universidad Rey Juan Carlos,Madrid,Presencial,"9,994",Universidad Pública,"5,0 años",1.421 €,9.994
Periodismo,Grado en Periodismo,Universitat de València,Valencia,Presencial,"9,886",Universidad Pública,"4,0 años",767 €,9.886
Periodismo,Grado en Periodismo,Universitat Jaume I,Castellón,Presencial,"9,842",Universidad Pública,"4,0 años",842 €,9.842
Periodismo,Doble Grado en Periodismo + Comunicación Audiovisual,Universidad Rey Juan Carlos,Madrid,Presencial,"9,787",Universidad Pública,"5,0 años",1.269 €,9.787
Periodismo,Grado en Periodismo,Universidad Carlos III de Madrid,Madrid,Presencial,"9,500",Universidad Pública,"4,0 años",1.015 €,9.5
Periodismo,Grado en Periodismo,Universitat Autònoma de Barcelona,Barcelona,Presencial,"9,300",Universidad Pública,"4,0 años",1.108 €,9.3
Periodismo,Doble Grado en Ciencias Políticas y de la Administración (GR) + Periodismo (MA),Universidad de Málaga,Málaga,Presencial,"8,928",Universidad Pública,"5,0 años",757 €,8.928
Periodismo,Grado en Periodismo,Universidade de Santiago de Compostela,A Coruña,Presencial,"8,880",Universidad Pública,"4,0 años",591 €,8.88
Periodismo,Grado en Periodismo,Universidad Rey Juan Carlos,Madrid,Presencial,"8,717",Universidad Pública,"4,0 años",1.015 €,8.717
Periodismo,Grado en Periodismo,Universidad Rey Juan Carlos,Madrid,Presencial,"8,578",Universidad Pública,"4,0 años",1.015 €,8.578
Periodismo,Grado en Periodismo,Universidad de Zaragoza,Zaragoza,Presencial,"8,486",Universidad Pública,"4,0 años",1.190 €,8.486
Periodismo,Grado en Periodismo,Universidad Miguel Hernández de Elche,Alicante,Presencial,"8,252",Universidad Pública,"4,0 años",842 €,8.252
Periodismo,Grado en Periodismo,Universidad de La Laguna,Tenerife,Presencial,"8,170",Universidad Pública,"4,0 años",610 €,8.17
Periodismo,Doble Grado en Periodismo + Humanidades,Universidad Carlos III de Madrid,Madrid,Presencial,"7,999",Universidad Pública,"6,0 años",no disponible,7.999
Periodismo,PCEO en Periodismo + Comunicación Audiovisual,Universidad de Extremadura,Badajoz,Presencial,"7,939",Universidad Pública,"5,0 años",939 €,7.939
Periodismo,Grado en Periodismo,Universidad Complutense de Madrid,Madrid,Presencial,"7,574",Universidad Pública,"4,0 años",1.015 €,7.574
Periodismo,Grado en Periodismo,Universitat Rovira i Virgili,Tarragona,Presencial,"7,080",Universidad Pública,"4,0 años",1.061 €,7.08
Periodismo,Doble Grado en Ciencia Política y Gestión Pública + Periodismo,Universidad Rey Juan Carlos,Madrid,Presencial,"6,919",Universidad Pública,"5,0 años",1.421 €,6.919
Periodismo,Grado en Periodismo,Universidad de Extremadura,Badajoz,Presencial,"5,414",Universidad Pública,"4,0 años",709 €,5.414
Periodismo,Grado en Periodismo,Universidad de Valladolid,Valladolid,Presencial,"5,000",Universidad Pública,"4,0 años",625 €,5.0
Periodismo,Grado en Periodismo,Universidad de Murcia,Murcia,Presencial,"5,000",Universidad Pública,"4,0 años",863 €,5.0
Periodismo,Grado en Comunicación y Periodismo Audiovisuales,Universitat de Lleida,LLeida,Presencial,"5,000",Universidad Pública,"4,0 años",1.108 €,5.0
Periodismo,Grado en Periodismo,Universidad del País Vasco,Vizcaya,Presencial,"5,000",Universidad Pública,"4,0 años",805 €,5.0
Periodismo,Doble Grado en Comunicación Audiovisual + Periodismo,Universidad de Castilla - La Mancha,Cuenca,Presencial,"5,000",Universidad Pública,"5,0 años",no disponible,5.0
Periodismo,Grado en Periodismo,Universidad de Málaga,Málaga,Presencial,"5,000",Universidad Pública,"4,0 años",757 €,5.0
Periodismo,PCEO en Periodismo + Información y Documentación,Universidad de Extremadura,Badajoz,Presencial,"5,000",Universidad Pública,"6,0 años",1.081 €,5.0
Periodismo,Grado en Periodismo,Universidad de Castilla - La Mancha,Cuenca,Presencial,"5,000",Universidad Pública,"4,0 años",875 €,5.0
Periodismo,Grado en Periodismo,Universidad de Sevilla,Sevilla,Presencial,"5,000",Universidad Pública,"4,0 años",757 €,5.0
Periodismo,Grado en Lengua y Literatura Catalanas,Universitat Rovira i Virgili,Tarragona,Presencial,"5,000",Universidad Pública,"4,0 años",1.061 €,5.0
Periodismo,Doble Grado en Ciencias Políticas y de la Administración (GR) + Periodismo (MA),Universidad de Granada,Granada,Presencial,"5,000",Universidad Pública,"5,0 años",757 €,5.0
Periodismo,Grado en Periodismo,Universitat de Vic - Universitat Central de Catalunya,Barcelona,Presencial,"5,000",Universidad Privada,"4,0 años",6.058 €,5.0
Periodismo,Grado en Periodismo,Centro Universitario EUSA,Sevilla,Presencial,"5,000",Centro Adscrito Privado,"4,0 años",6.382 €,5.0
Periodismo,Doble Grado en Periodismo + Comunicación Audiovisual,Centro Universitario EUSA,Sevilla,Presencial,"5,000",Centro Adscrito Privado,"5,0 años",8.906 €,5.0
Periodismo,Grado en Comunicación Digital,Centro Universitario San Isidoro,Sevilla,Presencial,"5,000",Centro Adscrito Privado,"4,0 años",6.533 €,5.0
Periodismo,Grado en Periodismo,Universidad Rey Juan Carlos,Madrid,Semipresencial,"7,282",Universidad Pública,"4,0 años",1.015 €,7.282
Turismo,Doble Grado en Traducción e Interpretación (Inglés) + Turismo,Universidad de Granada,Granada,Presencial,"12,273",Universidad Pública,"5,0 años",no disponible,12.273
Turismo,Doble Grado en Turismo + Marketing,Universidad Rey Juan Carlos,Madrid,Presencial,"10,728",Universidad Pública,"5,0 años",1.484 €,10.728
Turismo,Doble Grado en Turismo + Administración y Dirección de Empresas,Universitat de València,Valencia,Presencial,"10,603",Universidad Pública,"5,0 años",no disponible,10.603
Turismo,Doble Grado en Turismo + Publicidad y Relaciones Públicas,Universidad de Málaga,Málaga,Presencial,"10,518",Universidad Pública,"5,0 años",757 €,10.518
Turismo,Doble Grado en Turismo + Publicidad y Relaciones Públicas,Universitat de Girona,Girona,Presencial,"9,660",Universidad Pública,"5,0 años",1.203 €,9.66
Turismo,Doble Grado en Turismo + Traducción e Interpretación (Inglés),Universidad de Málaga,Málaga,Presencial,"9,378",Universidad Pública,"5,0 años",757 €,9.378
Turismo,Doble Grado en Administración de Empresas + Turismo,Universitat de les Illes Balears,Baleares,Presencial,"8,800",Universidad Pública,"5,0 años",no disponible,8.8
Turismo,Doble Grado en Administración y Dirección de Empresas + Turismo,Universidad Politécnica de Cartagena,Murcia,Presencial,"8,634",Universidad Pública,"5,0 años",no disponible,8.634
Turismo,Doble Grado en Administración y Dirección de Empresas + Turismo,Universitat Politècnica de València,Valencia,Presencial,"8,538",Universidad Pública,"5,0 años",no disponible,8.538
Turismo,Doble Grado en Turismo + Administración y Dirección de Empresas,Universidad Rey Juan Carlos,Madrid,Presencial,"8,261",Universidad Pública,"5,0 años",1.258 €,8.261
Turismo,Doble Grado en Turismo + Administración y Dirección de Empresas,Universidad Rey Juan Carlos,Madrid,Presencial,"8,070",Universidad Pública,"5,0 años",1.484 €,8.07
Turismo,Doble Grado en Turismo + Administración y Dirección de Empresas (TADE),Universidad de Alicante,Alicante,Presencial,"7,890",Universidad Pública,"5,0 años",no disponible,7.89
Turismo,Doble Grado en Turismo + Administración y Dirección de Empresas,Universidad de Alcalá,Guadalajara,Presencial,"7,516",Universidad Pública,"5,0 años",no disponible,7.516
Turismo,Doble Grado en Turismo + Comercio,Universidad Complutense de Madrid,Madrid,Presencial,"7,478",Universidad Pública,"5,0 años",no disponible,7.478
Turismo,Grado en Turismo,Universidad Carlos III de Madrid,Madrid,Presencial,"7,403",Universidad Pública,"4,0 años",1.015 €,7.403
Turismo,Simultaneidad de Grados en Ciencias Empresariales + Turismo,Universidade da Coruña,A Coruña,Presencial,"7,168",Universidad Pública,"5,0 años",no disponible,7.168
Turismo,Doble Grado en Turismo + Traducción e Interpretación (Francés),Universidad de Málaga,Málaga,Presencial,"7,149",Universidad Pública,"5,0 años",757 €,7.149
Turismo,Grado en Turismo,Universidad de Alicante,Alicante,Presencial,"6,893",Universidad Pública,"4,0 años",842 €,6.893
Turismo,Doble Grado en Administración y Dirección de Empresas + Turismo,Universitat de Lleida,LLeida,Presencial,"6,660",Universidad Pública,"5,0 años",1.093 €,6.66
Turismo,Doble Grado en Publicidad y Relaciones Públicas + Turismo,Universidad de Cádiz,Cádiz,Presencial,"6,531",Universidad Pública,"5,0 años",no disponible,6.531
Turismo,Grado en Dirección Hotelera,E.U. de Hostelería de las Illes Balears (EUHIB),Baleares,Presencial,"5,540",Centro Adscrito Público,"4,0 años",960 €,5.54
Turismo,Grado en Turismo,Universidad de Málaga,Málaga,Presencial,"5,000",Universidad Pública,"4,0 años",757 €,5.0
Turismo,Grado en Turismo,Universidad de Castilla - La Mancha,Cuenca,Presencial,"5,000",Universidad Pública,"4,0 años",728 €,5.0
Turismo,Grado en Gestión de Turismo y Hotelería,Universitat Rovira i Virgili,Tarragona,Presencial,"5,000",Universidad Pública,"4,0 años",1.108 €,5.0
Turismo,Doble Grado en Historia + Turismo,Universidad Rey Juan Carlos,Madrid,Presencial,"5,000",Universidad Pública,"5,0 años",1.446 €,5.0
Turismo,Grado en Turismo,Universidad de Almería,Almería,Presencial,"5,000",Universidad Pública,"4,0 años",757 €,5.0
Turismo,Doble Grado en Finanzas y Contabilidad + Turismo,Universidad de Sevilla,Sevilla,Presencial,"5,000",Universidad Pública,"5,0 años",1.060 €,5.0
Turismo,Doble Grado en Administración y Dirección de Empresas + Turismo,Universitat Politècnica de València,Alicante,Presencial,"5,000",Universidad Pública,"5,0 años",no disponible,5.0
Turismo,Grado en Turismo,Universidad Rey Juan Carlos,Madrid,Presencial,"5,000",Universidad Pública,"4,0 años",1.015 €,5.0
Turismo,Grado en Turismo,Universitat Politècnica de València,Valencia,Presencial,"5,000",Universidad Pública,"4,0 años",842 €,5.0
Turismo,Programa de Estudios Conjunto de Grado en Publicidad y Relaciones Públicas y Grado en Turismo,Universidad de Valladolid,Segovia,Presencial,"5,000",Universidad Pública,"5,0 años",773 €,5.0
Turismo,Doble Grado en Administración y Dirección de Empresas + Turismo,Universidad de Huelva,Huelva,Presencial,"5,000",Universidad Pública,"5,0 años",no disponible,5.0
Turismo,"Doble Grado en Ciencia, Gestión e Ingeniería de Servicios + Turismo",Universidad Rey Juan Carlos,Madrid,Presencial,"5,000",Universidad Pública,"5,0 años",1.484 €,5.0
Turismo,Doble Grado en Aministración Dirección de Empresas (ADE) + Turismo,Universidad de Castilla - La Mancha,Cuenca,Presencial,"5,000",Universidad Pública,"5,0 años",no disponible,5.0
Turismo,Grado en Turismo,Universidad Rey Juan Carlos,Madrid,Presencial,"5,000",Universidad Pública,"4,0 años",1.015 €,5.0
Turismo,Grado en Turismo,Universidad de Jaén,Jaén,Presencial,"5,000",Universidad Pública,"4,0 años",757 €,5.0
Turismo,Grado en Turismo (Adeje),Universidad de La Laguna,Tenerife,Presencial,"5,000",Universidad Pública,"4,0 años",610 €,5.0
Turismo,Grado en Turismo,Universidad de Cádiz,Cádiz,Presencial,"5,000",Universidad Pública,"4,0 años",757 €,5.0
Turismo,Doble Grado en Traducción e Interpretación (Alemán) + Turismo,Universidad de Granada,Granada,Presencial,"5,000",Universidad Pública,"5,0 años",no disponible,5.0
Turismo,Grado en Turismo,Universidad de Córdoba,Córdoba,Presencial,"5,000",Universidad Pública,"4,0 años",757 €,5.0
Turismo,"Doble Grado en Turismo + Geografía, Territorio y Medio Ambiente",Universitat de Girona,Girona,Presencial,"5,000",Universidad Pública,"4,0 años",1.168 €,5.0
Turismo,Grado en Turismo (opción grupo en inglés),Universidad de Sevilla,Sevilla,Presencial,"5,000",Universidad Pública,"4,0 años",757 €,5.0
Turismo,Grado en Turismo,Universitat de les Illes Balears,Baleares,Presencial,"5,000",Universidad Pública,"4,0 años",804 €,5.0
Turismo,Grado en Turismo,Universidade da Coruña,A Coruña,Presencial,"5,000",Universidad Pública,"4,0 años",591 €,5.0
Turismo,Grado en Turismo,Universidad de Burgos,Burgos,Presencial,"5,000",Universidad Pública,"4,0 años",625 €,5.0
Turismo,Grado en Turismo,Universidade de Vigo,Ourense,Presencial,"5,000",Universidad Pública,"4,0 años",591 €,5.0
Turismo,Grado en Turismo,Universidad Rey Juan Carlos,Madrid,Presencial,"5,000",Universidad Pública,"4,0 años",1.015 €,5.0
Turismo,Grado en Turismo,Universidad de Las Palmas de Gran Canaria,Las Palmas,Presencial,"5,000",Universidad Pública,"4,0 años",610 €,5.0
Turismo,Grado en Turismo,Universidad de Alcalá,Guadalajara,Presencial,"5,000",Universidad Pública,"4,0 años",1.015 €,5.0
Turismo,Doble Grado en Estudios Globales (Global Studies) + Turismo,Universitat de Girona,Girona,Presencial,"5,000",Universidad Pública,"5,0 años",1.168 €,5.0
Odontologia,Grado en Odontología,Universidad de Sevilla,Sevilla,Presencial,"13,230",Universidad Pública,"5,0 años",757 €,13.23
Odontologia,Grado en Odontología,Universidad de Granada,Granada,Presencial,"13,130",Universidad Pública,"5,0 años",757 €,13.13
Odontologia,Grado en Odontología,Universidad de Salamanca,Salamanca,Presencial,"12,846",Universidad Pública,"5,0 años",935 €,12.846
Odontologia,Grado en Odontología,Universidad Complutense de Madrid,Madrid,Presencial,"12,777",Universidad Pública,"5,0 años",1.241 €,12.777
Odontologia,Grado en Odontología,Universidad Rey Juan Carlos,Madrid,Presencial,"12,734",Universidad Pública,"5,0 años",1.241 €,12.734
Odontologia,Grado en Odontología,Universidad de Murcia,Murcia,Presencial,"12,710",Universidad Pública,"5,0 años",1.007 €,12.71
Odontologia,Grado en Odontología,Universitat de València,Valencia,Presencial,"12,703",Universidad Pública,"5,0 años",1.080 €,12.703
Odontologia,Grado en Odontología,Universidad del País Vasco,Vizcaya,Presencial,"12,620",Universidad Pública,"5,0 años",1.135 €,12.62
Odontologia,Grado en Odontología,Universidad de Oviedo,Asturias,Presencial,"12,599",Universidad Pública,"5,0 años",942 €,12.599
Odontologia,Grado en Odontología,Universidade de Santiago de Compostela,A Coruña,Presencial,"12,570",Universidad Pública,"5,0 años",836 €,12.57
Odontologia,Grado en Odontología,Universitat de Barcelona,Barcelona,Presencial,"12,472",Universidad Pública,"5,0 años",1.108 €,12.472
Odontologia,Grado en Odontología,Universidad de Zaragoza,Huesca,Presencial,"12,420",Universidad Pública,"5,0 años",1.201 €,12.42
Odontologia,Grado en Odontología,Adema - Escuela Universitaria,Baleares,Presencial,"11,740",Centro Adscrito Privado,"5,0 años",12.000 €,11.74
Odontologia,Grado en Odontología,Universitat de Vic - Universitat Central de Catalunya,Barcelona,Presencial,"9,732",Universidad Privada,"5,0 años",13.801 €,9.732
Odontologia,Grado en Odontología (Bachelor's Degree in Dentistry),Adema - Escuela Universitaria,Baleares,Presencial,"5,000",Centro Adscrito Privado,"5,0 años",12.695 €,5.0
Veterinaria,Grado en Veterinaria,Universidad de Córdoba,Córdoba,Presencial,"12,180",Universidad Pública,"5,0 años",757 €,12.18
Veterinaria,Grado en Veterinaria,Universidad Complutense de Madrid,Madrid,Presencial,"12,075",Universidad Pública,"5,0 años",1.241 €,12.075
Veterinaria,Grado en Veterinaria,Universitat Autònoma de Barcelona,Barcelona,Presencial,"11,750",Universidad Pública,"5,0 años",1.108 €,11.75
Veterinaria,Grado en Veterinaria,Universidad de León,León,Presencial,"11,630",Universidad Pública,"5,0 años",1.107 €,11.63
Veterinaria,Grado en Veterinaria,Universidad de Murcia,Murcia,Presencial,"11,600",Universidad Pública,"5,0 años",1.007 €,11.6
Veterinaria,Grado en Veterinaria,Universidad de Extremadura,Cáceres,Presencial,"11,403",Universidad Pública,"5,0 años",1.064 €,11.403
Veterinaria,Grado en Veterinaria,Universidad de Las Palmas de Gran Canaria,Las Palmas,Presencial,"11,340",Universidad Pública,"5,0 años",875 €,11.34
Veterinaria,Grado en Veterinaria,Universidad de Zaragoza,Zaragoza,Presencial,"11,279",Universidad Pública,"5,0 años",1.201 €,11.279
Veterinaria,Grado en Veterinaria,Universidade de Santiago de Compostela,Lugo,Presencial,"11,270",Universidad Pública,"5,0 años",836 €,11.27
Veterinaria,Doble Grado en Ciencia y Producción Animal + Veterinaria,Universitat de Lleida,LLeida,Presencial,"11,133",Universidad Pública,"6,0 años",1.135 €,11.133
Nutricion Humana Y Dietetica,Doble Grado en Farmacia + Nutrición Humana y Dietética,Universidad de Granada,Granada,Presencial,"13,224",Universidad Pública,"5,0 años",no disponible,13.224
Nutricion Humana Y Dietetica,Doble Grado en Farmacia + Nutrición Humana y Dietética,Universidad Complutense de Madrid,Madrid,Presencial,"12,588",Universidad Pública,"6,0 años",no disponible,12.588
Nutricion Humana Y Dietetica,Doble Grado en Nutrición Humana y Dietética + Ciencia y Tecnología de los Alimentos,Universidad de Granada,Granada,Presencial,"12,421",Universidad Pública,"5,0 años",no disponible,12.421
Nutricion Humana Y Dietetica,Doble Grado en Farmacia + Nutrición Humana y Dietética,Universitat de València,Valencia,Presencial,"11,559",Universidad Pública,"5,0 años",no disponible,11.559
Nutricion Humana Y Dietetica,Grado en Nutrición Humana y Dietética,Universidad Pablo de Olavide,Sevilla,Presencial,"11,366",Universidad Pública,"4,0 años",757 €,11.366
Nutricion Humana Y Dietetica,Doble Grado en Nutrición Humana y Dietética + Ciencia y Tecnología de los Alimentos,Universidad Autónoma de Madrid,Madrid,Presencial,"11,322",Universidad Pública,"5,0 años",1.446 €,11.322
Nutricion Humana Y Dietetica,Doble Grado en Farmacia + Nutrición Humana y Dietética,Universitat de Barcelona,Barcelona,Presencial,"11,042",Universidad Pública,"6,0 años",1.218 €,11.042
Nutricion Humana Y Dietetica,Doble Grado en Nutrición Humana y Dietética + Ciencias de la Actividad Física y del Deporte,Universidad de Zaragoza,Huesca,Presencial,"10,590",Universidad Pública,"5,0 años",1.430 €,10.59
Nutricion Humana Y Dietetica,Doble Grado en Farmacia + Nutrición Humana y Dietética,Universidad del País Vasco,Álava,Presencial,"10,503",Universidad Pública,"6,0 años",1.330 €,10.503
Nutricion Humana Y Dietetica,Grado en Nutrición Humana y Dietética,Universidad Complutense de Madrid,Madrid,Presencial,"10,462",Universidad Pública,"4,0 años",1.241 €,10.462
Nutricion Humana Y Dietetica,Grado en Nutrición Humana y Dietética,Universidad de Alicante,Alicante,Presencial,"10,378",Universidad Pública,"4,0 años",1.080 €,10.378
Nutricion Humana Y Dietetica,Grado en Nutrición Humana y Dietética,Universidad de Granada,Granada,Presencial,"10,362",Universidad Pública,"4,0 años",757 €,10.362
Nutricion Humana Y Dietetica,Grado en Nutrición Humana y Dietética,Universidad Autónoma de Madrid,Madrid,Presencial,"10,200",Universidad Pública,"4,0 años",1.241 €,10.2
Nutricion Humana Y Dietetica,Doble Grado en Nutrición Humana y Dietética + Fisioterapia,Universitat de Lleida,Barcelona,Presencial,"10,146",Universidad Pública,"5,0 años",1.384 €,10.146
Nutricion Humana Y Dietetica,Grado en Nutrición Humana y Dietética,Universidad del País Vasco,Álava,Presencial,"10,072",Universidad Pública,"4,0 años",1.135 €,10.072
Nutricion Humana Y Dietetica,Grado en Nutrición Humana y Dietética,Universitat de Barcelona,Barcelona,Presencial,"9,962",Universidad Pública,"4,0 años",1.108 €,9.962
Nutricion Humana Y Dietetica,Doble Grado en Ciencias de la Actividad Física y del Deporte + Nutrición Humana y Dietética,Universidad de Murcia,Murcia,Presencial,"9,670",Universidad Pública,"5,0 años",1.038 €,9.67
Nutricion Humana Y Dietetica,Grado en Nutrición Humana y Dietética,Universidad de Valladolid,Valladolid,Presencial,"9,669",Universidad Pública,"4,0 años",1.014 €,9.669
Nutricion Humana Y Dietetica,Grado en Nutrición Humana y Dietética,Universidad de La Laguna,Tenerife,Presencial,"9,559",Universidad Pública,"4,0 años",875 €,9.559
Nutricion Humana Y Dietetica,Grado en Nutrición Humana y Dietética,Universidade de Santiago de Compostela,Lugo,Presencial,"9,206",Universidad Pública,"4,0 años",836 €,9.206
Nutricion Humana Y Dietetica,Grado en Nutrición Humana y Dietética,Universitat de València,Valencia,Presencial,"9,157",Universidad Pública,"4,0 años",1.080 €,9.157
Nutricion Humana Y Dietetica,Grado en Nutrición Humana y Dietética,Universidad de León,León,Presencial,"8,080",Universidad Pública,"4,0 años",1.014 €,8.08
Nutricion Humana Y Dietetica,Grado en Nutrición Humana y Dietética,Universitat de Lleida,LLeida,Presencial,"6,733",Universidad Pública,"4,0 años",1.108 €,6.733
Nutricion Humana Y Dietetica,Grado en Nutrición Humana y Dietética,Universitat Rovira i Virgili,Tarragona,Presencial,"6,618",Universidad Pública,"4,0 años",1.108 €,6.618
Nutricion Humana Y Dietetica,Grado en Nutrición Humana y Dietética,Universidad de Zaragoza,Huesca,Presencial,"5,000",Universidad Pública,"4,0 años",1.201 €,5.0
Nutricion Humana Y Dietetica,Grado en Nutrición Humana y Dietética,Universidad de Murcia,Murcia,Presencial,"5,000",Universidad Pública,"4,0 años",1.007 €,5.0
Nutricion Humana Y Dietetica,Grado en Nutrición Humana y Dietética,Universitat de Vic - Universitat Central de Catalunya,Barcelona,Presencial,"5,000",Universidad Privada,"4,0 años",5.758 €,5.0
Nutricion Humana Y Dietetica,Grado en Nutrición Humana y Dietética,Adema - Escuela Universitaria,Baleares,Presencial,"5,000",Centro Adscrito Privado,"4,0 años",4.320 €,5.0
Fisioterapia,Doble Grado en Fisioterapia + Ciencias de la Actividad Física y del Deporte,Universidad de Sevilla,Sevilla,Presencial,"13,349",Universidad Pública,"5,0 años",no disponible,13.349
Fisioterapia,Grado en Fisioterapia,Universidad de Sevilla,Sevilla,Presencial,"12,678",Universidad Pública,"4,0 años",757 €,12.678
Fisioterapia,Grado en Fisioterapia,Universidad de Granada,Granada,Presencial,"12,560",Universidad Pública,"4,0 años",757 €,12.56
Fisioterapia,Grado en Fisioterapia,Universidad de Málaga,Málaga,Presencial,"12,241",Universidad Pública,"4,0 años",757 €,12.241
Fisioterapia,Grado en Fisioterapia,Universidad de Cádiz,Cádiz,Presencial,"12,056",Universidad Pública,"4,0 años",757 €,12.056
Fisioterapia,Grado en Fisioterapia,Universidad de Córdoba,Córdoba,Presencial,"12,039",Universidad Pública,"4,0 años",757 €,12.039
Fisioterapia,Grado en Fisioterapia,Universidad de Jaén,Jaén,Presencial,"11,840",Universidad Pública,"4,0 años",757 €,11.84
Fisioterapia,Grado en Fisioterapia,Universidad Complutense de Madrid,Madrid,Presencial,"11,678",Universidad Pública,"4,0 años",1.241 €,11.678
Fisioterapia,Grado en Fisioterapia,Universidad del País Vasco,Vizcaya,Presencial,"11,628",Universidad Pública,"4,0 años",1.135 €,11.628
Fisioterapia,Doble Grado en Ciencias de la Actividad Física y del Deporte + Fisioterapia,Universidad Pública de Navarra,Navarra,Presencial,"11,616",Universidad Pública,"6,0 años",1.384 €,11.616
Fisioterapia,Grado en Fisioterapia,Universidad de Almería,Almería,Presencial,"11,610",Universidad Pública,"4,0 años",757 €,11.61
Fisioterapia,Grado en Fisioterapia,Universidad de Oviedo,Asturias,Presencial,"11,570",Universidad Pública,"4,0 años",942 €,11.57
Fisioterapia,Grado en Fisioterapia,Universidad de Salamanca,Salamanca,Presencial,"11,564",Universidad Pública,"4,0 años",935 €,11.564
Fisioterapia,Grado en Fisioterapia,Universidad de La Laguna,Tenerife,Presencial,"11,536",Universidad Pública,"4,0 años",875 €,11.536
Fisioterapia,Grado en Fisioterapia,Universidad Miguel Hernández de Elche,Alicante,Presencial,"11,503",Universidad Pública,"4,0 años",1.080 €,11.503
Fisioterapia,Grado en Fisioterapia,Universidad de Alcalá,Madrid,Presencial,"11,425",Universidad Pública,"4,0 años",1.241 €,11.425
Fisioterapia,Grado en Fisioterapia,Universidad Rey Juan Carlos,Madrid,Presencial,"11,214",Universidad Pública,"4,0 años",1.241 €,11.214
Fisioterapia,Grado en Fisioterapia,Universidad de Zaragoza,Zaragoza,Presencial,"11,190",Universidad Pública,"4,0 años",1.201 €,11.19
Fisioterapia,Grado en Fisioterapia,Universidade da Coruña,A Coruña,Presencial,"11,072",Universidad Pública,"4,0 años",836 €,11.072
Fisioterapia,Doble Grado en Fisioterapia + Ciencias de la Actividad Física y el Deporte,Escuela Universitaria de Osuna,Sevilla,Presencial,"11,050",Centro Adscrito Privado,"5,0 años",4.657 €,11.05
Fisioterapia,Grado en Fisioterapia,Universitat de València,Valencia,Presencial,"11,006",Universidad Pública,"4,0 años",1.080 €,11.006
Fisioterapia,Grado en Fisioterapia,Universidad de Las Palmas de Gran Canaria,Las Palmas,Presencial,"10,993",Universidad Pública,"4,0 años",875 €,10.993
Fisioterapia,Grado en Fisioterapia,Universidad de Extremadura,Badajoz,Presencial,"10,939",Universidad Pública,"4,0 años",1.064 €,10.939
Fisioterapia,Grado en Fisioterapia,Universidad de León,León,Presencial,"10,725",Universidad Pública,"4,0 años",935 €,10.725
Fisioterapia,Grado en Fisioterapia,Escuela Universitaria de Osuna,Sevilla,Presencial,"10,724",Centro Adscrito Privado,"4,0 años",4.657 €,10.724
Fisioterapia,Grado en Fisioterapia,Universidad de Murcia,Murcia,Presencial,"10,699",Universidad Pública,"4,0 años",1.007 €,10.699
Fisioterapia,Doble Grado en Fisioterapia + Enfermería,Universitat de Lleida,LLeida,Presencial,"10,698",Universidad Pública,"5,0 años",1.384 €,10.698
Fisioterapia,Grado en Fisioterapia,Universidade de Vigo,Pontevedra,Presencial,"10,662",Universidad Pública,"4,0 años",836 €,10.662
Fisioterapia,Grado en Fisioterapia,Universidad Pública de Navarra,Navarra,Presencial,"10,600",Universidad Pública,"4,0 años",1.283 €,10.6
Fisioterapia,Doble Grado en Ciencias de la Actividad Física y del Deporte + Fisioterapia,Universitat de Lleida,LLeida,Presencial,"10,527",Universidad Pública,"5,0 años",1.384 €,10.527
Fisioterapia,Doble Grado en Ciencias de la Actividad Física y del Deporte + Fisioterapia,Instituto Nacional de Educación Física de Cataluña INEFC,LLeida,Presencial,"10,527",Centro Adscrito Público,"5,0 años",no disponible,10.527
Fisioterapia,Grado en Fisioterapia,Universidad de Castilla - La Mancha,Toledo,Presencial,"10,378",Universidad Pública,"4,0 años",1.132 €,10.378
Fisioterapia,Grado en Fisioterapia,Universidad de Valladolid,Soria,Presencial,"10,305",Universidad Pública,"4,0 años",935 €,10.305
Fisioterapia,Grado en Fisioterapia,Universitat Autònoma de Barcelona,Barcelona,Presencial,"10,270",Universidad Pública,"4,0 años",1.108 €,10.27
Fisioterapia,Doble Grado en Nutrición Humana y Dietética + Fisioterapia,Universitat de Lleida,Barcelona,Presencial,"10,146",Universidad Pública,"5,0 años",1.384 €,10.146
Fisioterapia,Grado en Fisioterapia,Universidad de Granada,Melilla,Presencial,"10,089",Universidad Pública,"4,0 años",757 €,10.089
Fisioterapia,Grado en Fisioterapia,Universitat de Lleida,LLeida,Presencial,"9,922",Universidad Pública,"4,0 años",1.108 €,9.922
Fisioterapia,Grado en Fisioterapia,Universitat de les Illes Balears,Baleares,Presencial,"9,128",Universidad Pública,"4,0 años",1.205 €,9.128
Fisioterapia,Grado en Fisioterapia,Universitat Rovira i Virgili,Tarragona,Presencial,"8,900",Universidad Pública,"4,0 años",1.108 €,8.9
Fisioterapia,Grado en Fisioterapia,TecnoCampus,Barcelona,Presencial,"7,643",Centro Adscrito Privado,"4,0 años",6.425 €,7.643
Fisioterapia,Doble Grado en Ciencias de la Actividad Física y del Deporte + Fisioterapia,TecnoCampus,Barcelona,Presencial,"7,536",Centro Adscrito Privado,"5,0 años",8.735 €,7.536
Fisioterapia,Grado en Fisioterapia,Universitat de Vic - Universitat Central de Catalunya,Barcelona,Presencial,"6,993",Universidad Privada,"4,0 años",6.380 €,6.993
Fisioterapia,Grado en Fisioterapia,E.U. de la Salud y el Deporte (UdG),Girona,Presencial,"6,968",Centro Adscrito Privado,"4,0 años",6.944 €,6.968
Fisioterapia,Grado en Fisioterapia,Universitat de Vic - Universitat Central de Catalunya,Barcelona,Presencial,"6,446",Universidad Privada,"4,0 años",6.380 €,6.446
Fisioterapia,Grado en Fisioterapia,Escuelas Universitarias Gimbernat y Tomás Cerdá,Cantabria,Presencial,"6,000",Centro Adscrito Privado,"4,0 años",7.293 €,6.0
Fisioterapia,Doble Grado en Ciencias de la Actividad Física y el Deporte + Fisioterapia,E.U. de la Salud y el Deporte (UdG),Girona,Presencial,"5,168",Centro Adscrito Privado,"6,0 años",9.978 €,5.168
Fisioterapia,Grado en Fisioterapia,Escuelas Universitarias Gimbernat y Tomás Cerdá,Barcelona,Presencial,"5,001",Centro Adscrito Privado,"4,0 años",7.715 €,5.001
Fisioterapia,Grado en Fisioterapia Internacional (Interuniversitario UdG-UB),E.U. de la Salud y el Deporte (UdG),Girona,Presencial,"5,000",Centro Adscrito Privado,"4,0 años",7.364 €,5.0
Fisioterapia,Grado en Fisioterapia,Centro Universitario FISIDEC,Córdoba,Presencial,"5,000",Centro Adscrito Privado,"4,0 años",6.180 €,5.0
Fisioterapia,Grado en Fisioterapia,La Salle Centro Universitario,Madrid,Presencial,"5,000",Centro Adscrito Privado,"4,0 años",10.020 €,5.0
Logopedia,Doble Grado en Psicología + Logopedia,Universidad de Málaga,Málaga,Presencial,"12,061",Universidad Pública,"4,0 años",no disponible,12.061
Logopedia,Doble Grado en Psicología + Logopedia,Universidad Complutense de Madrid,Madrid,Presencial,"10,602",Universidad Pública,"5,0 años",no disponible,10.602
Logopedia,Grado en Logopedia,Universidad de Oviedo,Asturias,Presencial,"9,940",Universidad Pública,"4,0 años",942 €,9.94
Logopedia,Grado en Logopedia,Universidad Complutense de Madrid,Madrid,Presencial,"9,475",Universidad Pública,"4,0 años",1.015 €,9.475
Logopedia,Grado en Logopedia,Universidad de Granada,Granada,Presencial,"9,190",Universidad Pública,"4,0 años",757 €,9.19
Logopedia,Grado en Logopedia,Universidad de Málaga,Málaga,Presencial,"9,028",Universidad Pública,"4,0 años",757 €,9.028
Logopedia,Grado en Logopedia,Universidad de Alicante,Alicante,Presencial,"8,958",Universidad Pública,"4,0 años",1.080 €,8.958
Logopedia,Grado en Logopedia,Universitat de València,Valencia,Presencial,"8,927",Universidad Pública,"4,0 años",1.080 €,8.927
Logopedia,Grado en Logopedia,Universitat Autònoma de Barcelona,Barcelona,Presencial,"8,918",Universidad Pública,"4,0 años",1.108 €,8.918
Logopedia,Grado en Logopedia,Universidad de Valladolid,Valladolid,Presencial,"8,082",Universidad Pública,"4,0 años",734 €,8.082
Logopedia,Grado en Logopedia,Universidade da Coruña,A Coruña,Presencial,"7,910",Universidad Pública,"4,0 años",836 €,7.91
Logopedia,Grado en Logopedia,Universidad de La Laguna,Tenerife,Presencial,"7,122",Universidad Pública,"4,0 años",875 €,7.122
Logopedia,Grado en Logopedia,Universidad de Murcia,Murcia,Presencial,"5,409",Universidad Pública,"4,0 años",1.007 €,5.409
Logopedia,Grado en Logopedia,Universidad de Castilla - La Mancha,Toledo,Presencial,"5,000",Universidad Pública,"4,0 años",875 €,5.0
Logopedia,Grado en Logopedia,Universitat de Vic - Universitat Central de Catalunya,Barcelona,Presencial,"5,000",Universidad Privada,"4,0 años",no disponible,5.0
Logopedia,Grado en Logopedia,Escuelas Universitarias Gimbernat y Tomás Cerdá,Cantabria,Presencial,"5,000",Centro Adscrito Privado,"4,0 años",5.939 €,5.0
Podologia,Grado en Podología,Universidad de Sevilla,Sevilla,Presencial,"11,639",Universidad Pública,"4,0 años",757 €,11.639
Podologia,Doble Grado en Enfermería + Podología,Universidad de Castilla - La Mancha,Toledo,Presencial,"10,957",Universidad Pública,"6,0 años",1.132 €,10.957
Podologia,Grado en Podología,Universidad de Málaga,Málaga,Presencial,"10,370",Universidad Pública,"4,0 años",757 €,10.37
Podologia,Grado en Podología,Universidad Miguel Hernández de Elche,Alicante,Presencial,"10,070",Universidad Pública,"4,0 años",1.080 €,10.07
Podologia,Grado en Podología,Universitat de València,Valencia,Presencial,"9,932",Universidad Pública,"4,0 años",1.080 €,9.932
Podologia,Grado en Podología,Universidad Complutense de Madrid,Madrid,Presencial,"9,110",Universidad Pública,"4,0 años",1.241 €,9.11
Podologia,Grado en Podología,Universidad de Castilla - La Mancha,Toledo,Presencial,"8,250",Universidad Pública,"4,0 años",1.132 €,8.25
Podologia,Grado en Podología,Universidade da Coruña,A Coruña,Presencial,"7,300",Universidad Pública,"4,0 años",836 €,7.3
Podologia,Grado en Podología,Universidad de Extremadura,Cáceres,Presencial,"7,150",Universidad Pública,"4,0 años",1.064 €,7.15
Podologia,Grado en Podología,Universidad de León,León,Presencial,"5,000",Universidad Pública,"4,0 años",1.107 €,5.0
Podologia,Grado en Podología,Universitat de Barcelona,Barcelona,Presencial,"5,000",Universidad Pública,"4,0 años",1.108 €,5.0
Podologia,Grado en Podología,La Salle Centro Universitario,Madrid,Presencial,"5,000",Centro Adscrito Privado,"4,0 años",no disponible,5.0
Podologia,Grado en Podología,Universitat de Vic - Universitat Central de Catalunya,Barcelona,Semipresencial,"5,000",Universidad Privada,"4,0 años",no disponible,5.0
Educacion Social,Doble Grado en Trabajo Social + Educación Social,Universidad Pablo de Olavide,Sevilla,Presencial,"10,330",Universidad Pública,"5,0 años",no disponible,10.33
Educacion Social,Grado en Educación Social,Universidad del País Vasco,Vizcaya,Presencial,"10,164",Universidad Pública,"4,0 años",823 €,10.164
Educacion Social,Grado en Educación Social,Universidad del País Vasco,Guipúzcoa,Presencial,"9,548",Universidad Pública,"4,0 años",823 €,9.548
Educacion Social,Grado en Educación Social,Universitat Autònoma de Barcelona,Barcelona,Presencial,"9,420",Universidad Pública,"4,0 años",1.061 €,9.42
Educacion Social,Grado en Educación Social,Universidad Pablo de Olavide,Sevilla,Presencial,"9,297",Universidad Pública,"4,0 años",757 €,9.297
Educacion Social,Grado en Educación Social,Universidad de Málaga,Málaga,Presencial,"9,000",Universidad Pública,"4,0 años",757 €,9.0
Educacion Social,Grado en Educación Social,Universidad Complutense de Madrid,Madrid,Presencial,"8,939",Universidad Pública,"4,0 años",1.015 €,8.939
Educacion Social,Grado en Educación Social,Universitat de Barcelona,Barcelona,Presencial,"8,386",Universidad Pública,"4,0 años",1.061 €,8.386
Educacion Social,Grado en Educación Social,Universidad de Córdoba,Córdoba,Presencial,"8,380",Universidad Pública,"4,0 años",757 €,8.38
Educacion Social,Grado en Educación Social,Universidad de Granada,Granada,Presencial,"8,230",Universidad Pública,"4,0 años",757 €,8.23
Educacion Social,Grado en Educación Social,Universidad de Valladolid,Valladolid,Presencial,"8,128",Universidad Pública,"4,0 años",678 €,8.128
Educacion Social,Grado en Educación Social,Universidade de Santiago de Compostela,A Coruña,Presencial,"7,940",Universidad Pública,"4,0 años",591 €,7.94
Educacion Social,Grado en Educación Social,Universidade da Coruña,A Coruña,Presencial,"7,770",Universidad Pública,"4,0 años",591 €,7.77
Educacion Social,Grado en Educación Social,Universitat Rovira i Virgili,Tarragona,Presencial,"7,664",Universidad Pública,"4,0 años",1.061 €,7.664
Educacion Social,Grado en Educación Social,Universitat de Lleida,LLeida,Presencial,"7,660",Universidad Pública,"4,0 años",1.061 €,7.66
Educacion Social,Grado en Educación Social,Universitat de València,Valencia,Presencial,"7,270",Universidad Pública,"4,0 años",767 €,7.27
Educacion Social,Grado en Educación Social,Universidad de Extremadura,Cáceres,Presencial,"6,950",Universidad Pública,"4,0 años",709 €,6.95
Educacion Social,Grado en Educación Social,Universidade de Vigo,Ourense,Presencial,"6,622",Universidad Pública,"4,0 años",591 €,6.622
Educacion Social,Grado en Educación Social,Universitat de Girona,Girona,Presencial,"6,617",Universidad Pública,"4,0 años",1.061 €,6.617
Educacion Social,Grado en Educación Social,Universidad de Las Palmas de Gran Canaria,Las Palmas,Presencial,"6,290",Universidad Pública,"4,0 años",610 €,6.29
Educacion Social,Grado en Educación Social,Universitat de les Illes Balears,Baleares,Presencial,"6,014",Universidad Pública,"4,0 años",938 €,6.014
Educacion Social,Grado en Educación Social,Universidad de León,León,Presencial,"5,778",Universidad Pública,"4,0 años",678 €,5.778
Educacion Social,Grado en Educación Social,Universidad de Almería,Almería,Presencial,"5,758",Universidad Pública,"4,0 años",757 €,5.758
Educacion Social,Grado en Educación Social,Universidad de Valladolid,Palencia,Presencial,"5,000",Universidad Pública,"4,0 años",678 €,5.0
Educacion Social,Grado en Educación Social,Universidad de Granada,Ceuta,Presencial,"5,000",Universidad Pública,"4,0 años",757 €,5.0
Educacion Social,Grado en Educación Social,Universidad de Huelva,Huelva,Presencial,"5,000",Universidad Pública,"4,0 años",757 €,5.0
Educacion Social,Grado en Educación Social,Universidad de Castilla - La Mancha,Toledo,Presencial,"5,000",Universidad Pública,"4,0 años",875 €,5.0
Educacion Social,Doble Grado en Educación Social + Información y Documentación,Universidad de Salamanca,Salamanca,Presencial,"5,000",Universidad Pública,"6,0 años",763 €,5.0
Educacion Social,Grado en Educación Social,Universidad de Granada,Melilla,Presencial,"5,000",Universidad Pública,"4,0 años",757 €,5.0
Educacion Social,Grado en Educación Social,Universidad de Murcia,Murcia,Presencial,"5,000",Universidad Pública,"4,0 años",863 €,5.0
Educacion Social,Grado en Educación Social,Universidad de Salamanca,Salamanca,Presencial,"5,000",Universidad Pública,"4,0 años",678 €,5.0
Educacion Social,Grado en Educación Social,Universidad de Castilla - La Mancha,Cuenca,Presencial,"5,000",Universidad Pública,"4,0 años",875 €,5.0
Educacion Social,Grado en Educación Social,Universidad de Burgos,Burgos,Presencial,"5,000",Universidad Pública,"4,0 años",678 €,5.0
Educacion Social,Grado en Educación Social,Universidad de Jaén,Jaén,Presencial,"5,000",Universidad Pública,"4,0 años",757 €,5.0
Educacion Social,Grado en Educación Social,Universitat de Vic - Universitat Central de Catalunya,Barcelona,Presencial,"5,000",Universidad Privada,"4,0 años",5.473 €,5.0
Educacion Social,Doble Titulación en Educación Social + Trabajo Social,La Salle Centro Universitario,Madrid,Presencial,"5,000",Centro Adscrito Privado,"5,0 años",no disponible,5.0
Educacion Social,Grado en Educación Social,CES Don Bosco,Madrid,Presencial,"5,000",Centro Adscrito Privado,"4,0 años",4.412 €,5.0
Educacion Social,Grado en Educación Social,Facultad Padre Ossó,Asturias,Presencial,"5,000",Centro Adscrito Privado,"4,0 años",4.038 €,5.0
Educacion Social,Grado en Educación Social,La Salle Centro Universitario,Madrid,Presencial,"5,000",Centro Adscrito Privado,"4,0 años",5.820 €,5.0
Educacion Social,Grado en Educación Social,Centro Universitario Cardenal Cisneros,Madrid,Presencial,"5,000",Centro Adscrito Privado,"4,0 años",3.900 €,5.0
Educacion Social,Grado en Educación Social,Centro Universitario de Magisterio ESCUNI,Madrid,Presencial,"5,000",Centro Adscrito Privado,"4,0 años",4.408 €,5.0
Educacion Social,Doble Grado en Sociología + Ciencia Política y de la Administración,Universidad Nacional de Educación a Distancia,Madrid,A distancia,"5,000",Universidad Pública,"5,0 años",no disponible,5.0
Educacion Social,Grado en Educación Social,Universidad Nacional de Educación a Distancia,Madrid,A distancia,"5,000",Universidad Pública,"4,0 años",888 €,5.0
Educacion Social,Doble Grado en Educación Social + Trabajo Social,Universidad Nacional de Educación a Distancia,Madrid,A distancia,"5,000",Universidad Pública,"5,0 años",no disponible,5.0
Educacion Social,Grado en Educación Social,Universitat de les Illes Balears,Baleares,A distancia,"5,000",Universidad Pública,"4,0 años",938 €,5.0
Trabajo Social,Doble Grado en Criminología + Trabajo Social,Universidad Rey Juan Carlos,Madrid,Presencial,"12,553",Universidad Pública,"5,0 años",1.522 €,12.553
Trabajo Social,Doble Grado en Trabajo Social + Educación Social,Universidad Pablo de Olavide,Sevilla,Presencial,"10,330",Universidad Pública,"5,0 años",no disponible,10.33
Trabajo Social,Doble Grado en Relaciones Laborales y Recursos Humanos + Trabajo Social,Universidad Rey Juan Carlos,Madrid,Presencial,"9,928",Universidad Pública,"5,0 años",1.522 €,9.928
Trabajo Social,Grado en Trabajo Social,Universidad Rey Juan Carlos,Madrid,Presencial,"8,589",Universidad Pública,"4,0 años",1.015 €,8.589
Trabajo Social,Grado en Trabajo Social,Universidad del País Vasco,Álava,Presencial,"8,356",Universidad Pública,"4,0 años",823 €,8.356
Trabajo Social,Grado en Trabajo Social,Universidad Pablo de Olavide,Sevilla,Presencial,"7,808",Universidad Pública,"4,0 años",757 €,7.808
Trabajo Social,Grado en Trabajo Social,Universidad Complutense de Madrid,Madrid,Presencial,"7,593",Universidad Pública,"4,0 años",1.015 €,7.593
Trabajo Social,Grado en Trabajo Social,Universidad de Cádiz,Cádiz,Presencial,"7,578",Universidad Pública,"4,0 años",757 €,7.578
Trabajo Social,Grado en Trabajo Social,Universitat de Barcelona,Barcelona,Presencial,"7,452",Universidad Pública,"4,0 años",1.061 €,7.452
Trabajo Social,Grado en Trabajo Social,Universidad de La Laguna,Tenerife,Presencial,"7,250",Universidad Pública,"4,0 años",610 €,7.25
Trabajo Social,Grado en Trabajo Social,Universidad de Alicante,Alicante,Presencial,"7,226",Universidad Pública,"4,0 años",767 €,7.226
Trabajo Social,Grado en Trabajo Social,Universidad Pública de Navarra,Navarra,Presencial,"6,910",Universidad Pública,"4,0 años",906 €,6.91
Trabajo Social,Grado en Trabajo Social,Universitat Rovira i Virgili,Tarragona,Presencial,"6,776",Universidad Pública,"4,0 años",1.061 €,6.776
Trabajo Social,Grado en Trabajo Social,Universitat de Lleida,LLeida,Presencial,"6,730",Universidad Pública,"4,0 años",1.061 €,6.73
Trabajo Social,Grado en Trabajo Social,Universidad de Las Palmas de Gran Canaria,Las Palmas,Presencial,"6,414",Universidad Pública,"4,0 años",610 €,6.414
Trabajo Social,Grado en Trabajo Social,Universidad de Almería,Almería,Presencial,"6,173",Universidad Pública,"4,0 años",757 €,6.173
Trabajo Social,Doble Grado en Trabajo Social + Sociología,Universidad Pablo de Olavide,Sevilla,Presencial,"6,136",Universidad Pública,"5,0 años",no disponible,6.136
Trabajo Social,Grado en Trabajo Social,Universidad de Granada,Granada,Presencial,"6,117",Universidad Pública,"4,0 años",757 €,6.117
Trabajo Social,Grado en Trabajo Social,Universidad de La Rioja,La Rioja,Presencial,"6,080",Universidad Pública,"4,0 años",845 €,6.08
Trabajo Social,Grado en Trabajo Social,Universitat de Girona,Girona,Presencial,"5,450",Universidad Pública,"4,0 años",1.061 €,5.45
Trabajo Social,Grado en Trabajo Social,Universidade de Santiago de Compostela,A Coruña,Presencial,"5,000",Universidad Pública,"4,0 años",591 €,5.0
Trabajo Social,Grado en Trabajo Social,Universidad de Huelva,Huelva,Presencial,"5,000",Universidad Pública,"4,0 años",757 €,5.0
Trabajo Social,Grado en Trabajo Social,Universidad de Zaragoza,Zaragoza,Presencial,"5,000",Universidad Pública,"4,0 años",786 €,5.0
Trabajo Social,Grado en Trabajo Social,Universidad de Valladolid,Valladolid,Presencial,"5,000",Universidad Pública,"4,0 años",678 €,5.0
Trabajo Social,Grado en Trabajo Social,Universitat de les Illes Balears,Baleares,Presencial,"5,000",Universidad Pública,"4,0 años",938 €,5.0
Trabajo Social,Grado en Trabajo Social,Universidad de Málaga,Málaga,Presencial,"5,000",Universidad Pública,"4,0 años",757 €,5.0
Trabajo Social,Grado en Trabajo Social,Universidade de Vigo,Ourense,Presencial,"5,000",Universidad Pública,"4,0 años",591 €,5.0
Trabajo Social,Grado en Trabajo Social,Universidad de Castilla - La Mancha,Cuenca,Presencial,"5,000",Universidad Pública,"4,0 años",728 €,5.0
Trabajo Social,Grado en Trabajo Social,Universitat de València,Valencia,Presencial,"5,000",Universidad Pública,"4,0 años",767 €,5.0
Trabajo Social,Grado en Trabajo Social,Universidad de Murcia,Murcia,Presencial,"5,000",Universidad Pública,"4,0 años",863 €,5.0
Trabajo Social,Grado en Trabajo Social,Universidad de Castilla - La Mancha,Toledo,Presencial,"5,000",Universidad Pública,"4,0 años",728 €,5.0
Trabajo Social,Grado en Trabajo Social,Universidad de Oviedo,Asturias,Presencial,"5,000",Universidad Pública,"4,0 años",738 €,5.0
Trabajo Social,Grado en Trabajo Social,Universidad de Jaén,Jaén,Presencial,"5,000",Universidad Pública,"4,0 años",757 €,5.0
Trabajo Social,Grado en Trabajo Social,Universidad de Salamanca,Salamanca,Presencial,"5,000",Universidad Pública,"4,0 años",678 €,5.0
Trabajo Social,Grado en Trabajo Social,E.U. de Trabajo Social,A Coruña,Presencial,"5,000",Centro Adscrito Privado,"4,0 años",2.270 €,5.0
Trabajo Social,Grado en Trabajo Social,E.U. de Trabajo Social Ntra. Sra. del Camino,León,Presencial,"5,000",Centro Adscrito Privado,"4,0 años",4.800 €,5.0
Trabajo Social,Doble Titulación en Educación Social + Trabajo Social,La Salle Centro Universitario,Madrid,Presencial,"5,000",Centro Adscrito Privado,"5,0 años",no disponible,5.0
Trabajo Social,Grado en Trabajo Social,La Salle Centro Universitario,Madrid,Presencial,"5,000",Centro Adscrito Privado,"4,0 años",5.820 €,5.0
Trabajo Social,Grado en Trabajo Social,Centro Universitario Santa Ana,Badajoz,Presencial,"5,000",Centro Adscrito Privado,"4,0 años",3.660 €,5.0
Trabajo Social,Grado en Trabajo Social,Universidad de Las Palmas de Gran Canaria,Las Palmas,A distancia,"5,000",Universidad Pública,"4,0 años",610 €,5.0
Trabajo Social,Grado en Trabajo Social,Universidad Nacional de Educación a Distancia,Madrid,A distancia,"5,000",Universidad Pública,"4,0 años",803 €,5.0
Trabajo Social,Doble Grado en Educación Social + Trabajo Social,Universidad Nacional de Educación a Distancia,Madrid,A distancia,"5,000",Universidad Pública,"5,0 años",no disponible,5.0
Magisterio De Educacion Primaria,Doble Grado en Educación Infantil + Educación Primaria,Universidad de Sevilla,Sevilla,Presencial,"13,066",Universidad Pública,"5,0 años",984 €,13.066
Magisterio De Educacion Primaria,Doble Grado en Maestro en Educación Primaria + Maestro en Educación Infantil,Universidad de Salamanca,Salamanca,Presencial,"12,654",Universidad Pública,"5,0 años",816 €,12.654
Magisterio De Educacion Primaria,Doble Grado en Educación Primaria + Estudios Ingleses,Universidad de Granada,Granada,Presencial,"12,610",Universidad Pública,"5,0 años",no disponible,12.61
Magisterio De Educacion Primaria,Doble Grado en Educación Infantil + Educación Primaria,Universidad de Murcia,Murcia,Presencial,"12,515",Universidad Pública,"5,0 años",no disponible,12.515
Magisterio De Educacion Primaria,Doble Grado en Educación Infantil + Educación Primaria,Universidad de Las Palmas de Gran Canaria,Islas Canarias,Presencial,"12,504",Universidad Pública,"5,0 años",no disponible,12.504
Magisterio De Educacion Primaria,Doble Grado en Educación Infantil + Educación Primaria,Universidad Rey Juan Carlos,Madrid,Presencial,"12,225",Universidad Pública,"5,0 años",1.398 €,12.225
Magisterio De Educacion Primaria,Doble Grado en Maestro en Educación Infantil + Educación Primaria,Universidade de Santiago de Compostela,A Coruña,Presencial,"12,012",Universidad Pública,"5,0 años",740 €,12.012
Magisterio De Educacion Primaria,Grado en Maestro en Educación Primaria + Pedagogía,Universidad Complutense de Madrid,Madrid,Presencial,"11,761",Universidad Pública,"5,0 años",no disponible,11.761
Magisterio De Educacion Primaria,Grado en Maestro en Educación Infantil + Maestro en Educación Primaria,Universidad Complutense de Madrid,Madrid,Presencial,"11,746",Universidad Pública,"5,0 años",no disponible,11.746
Magisterio De Educacion Primaria,Doble Grado en Maestro en Educación Infantil + Educación Primaria,Universidade de Santiago de Compostela,Lugo,Presencial,"11,618",Universidad Pública,"5,0 años",no disponible,11.618
Magisterio De Educacion Primaria,Doble Grado en Magisterio en Educación Infantil + Magisterio en Educación Primaria,Universidad de Cantabria,Cantabria,Presencial,"11,534",Universidad Pública,"5,0 años",725 €,11.534
Magisterio De Educacion Primaria,Doble Grado en Educación Infantil + Educación Primaria,Universidad de Almería,Almería,Presencial,"11,456",Universidad Pública,"5,0 años",908 €,11.456
Magisterio De Educacion Primaria,Doble Grado en Maestro en Educación Infantil + Maestro en Educación Primaria,Universitat de Barcelona,Barcelona,Presencial,"11,343",Universidad Pública,"5,0 años",1.168 €,11.343
Magisterio De Educacion Primaria,Doble Grado en Maestro en Educación Infantil + Maestro en Educación Primaria (Programa Internacional),Universidad Pública de Navarra,Navarra,Presencial,"11,280",Universidad Pública,"5,0 años",1.104 €,11.28
Magisterio De Educacion Primaria,Doble Grado en Educación Primaria + Educación Infantil,Universitat Autònoma de Barcelona,Barcelona,Presencial,"11,260",Universidad Pública,"5,0 años",1.061 €,11.26
Magisterio De Educacion Primaria,Doble Grado en Maestro en Educación Infantil + Maestro en Educación Primaria,Universidad Pública de Navarra,Navarra,Presencial,"11,234",Universidad Pública,"5,0 años",1.104 €,11.234
Magisterio De Educacion Primaria,Doble Grado en Educación Primaria + Ciencias de la Actividad Física y del Deporte,Universidad de Murcia,Murcia,Presencial,"11,107",Universidad Pública,"4,0 años",no disponible,11.107
Magisterio De Educacion Primaria,Doble Grado en Estudios Ingleses + Educación Primaria (Itinerario Bilingüe),Universidad de Córdoba,Córdoba,Presencial,"10,999",Universidad Pública,"5,0 años",no disponible,10.999
Magisterio De Educacion Primaria,Doble Grado en Educación Primaria (Mención lengua extranjera Inglés) + Estudios Ingleses,Universidad de Málaga,Málaga,Presencial,"10,980",Universidad Pública,"5,0 años",757 €,10.98
Magisterio De Educacion Primaria,Grado en Educación Primaria,Universidad de Murcia,Murcia,Presencial,"10,952",Universidad Pública,"4,0 años",863 €,10.952
Magisterio De Educacion Primaria,Doble Grado en Maestro en Educación Infantil + Maestro en Educación Primaria,Universidad Autónoma de Madrid,Madrid,Presencial,"10,910",Universidad Pública,"5,0 años",no disponible,10.91
Magisterio De Educacion Primaria,Doble Grado en Magisterio de Educación Infantil + Magisterio de Educación Primaria (Guadalajara),Universidad de Alcalá,Guadalajara,Presencial,"10,753",Universidad Pública,"5,0 años",no disponible,10.753
Magisterio De Educacion Primaria,Grado en Maestro en Educación Primaria,Universidade de Santiago de Compostela,A Coruña,Presencial,"10,710",Universidad Pública,"4,0 años",591 €,10.71
Magisterio De Educacion Primaria,Doble Grado en Humanidades + Magisterio de Educación Primaria,Universidad de Alcalá,Madrid,Presencial,"10,540",Universidad Pública,"5,0 años",no disponible,10.54
Magisterio De Educacion Primaria,Doble Grado en Maestro en Educación Primaria + Maestro en Educación Infantil,Universidad de Castilla - La Mancha,Albacete,Presencial,"10,528",Universidad Pública,"5,0 años",no disponible,10.528
Magisterio De Educacion Primaria,Grado en Maestro en Educación Primaria,Universidad Complutense de Madrid,Madrid,Presencial,"10,511",Universidad Pública,"4,0 años",1.015 €,10.511
Magisterio De Educacion Primaria,Grado en Educación Primaria,Universidad del País Vasco,Vizcaya,Presencial,"10,458",Universidad Pública,"4,0 años",823 €,10.458
Magisterio De Educacion Primaria,Grado en Educación Primaria - Mención lengua extranjera,Universidad del País Vasco,Vizcaya,Presencial,"10,446",Universidad Pública,"4,0 años",823 €,10.446
Magisterio De Educacion Primaria,Grado en Educación Primaria,Universidad de Sevilla,Sevilla,Presencial,"10,443",Universidad Pública,"4,0 años",757 €,10.443
Magisterio De Educacion Primaria,Grado en Magisterio en Educación Primaria,Universidad de Zaragoza,Zaragoza,Presencial,"10,355",Universidad Pública,"4,0 años",931 €,10.355
Magisterio De Educacion Primaria,Grado en Educación Primaria,Universidad de Las Palmas de Gran Canaria,Las Palmas,Presencial,"10,231",Universidad Pública,"4,0 años",610 €,10.231
Magisterio De Educacion Primaria,Grado en Magisterio en Educación Primaria,Universidad Autónoma de Madrid,Madrid,Presencial,"10,177",Universidad Pública,"4,0 años",1.015 €,10.177
Magisterio De Educacion Primaria,Grado en Educación Primaria,Universitat Autònoma de Barcelona,Barcelona,Presencial,"10,157",Universidad Pública,"4,0 años",1.061 €,10.157
Magisterio De Educacion Primaria,Grado en Educación Primaria (Mención en Educación Musical),Universidad Rey Juan Carlos,Madrid,Presencial,"10,153",Universidad Pública,"4,0 años",1.015 €,10.153
Magisterio De Educacion Primaria,Grado en Maestro en Educación Primaria,Universidad de Oviedo,Asturias,Presencial,"10,112",Universidad Pública,"4,0 años",738 €,10.112
Magisterio De Educacion Primaria,Doble Grado en Educación Primaria + Estudios Franceses,Universidad de Granada,Granada,Presencial,"10,104",Universidad Pública,"5,0 años",no disponible,10.104
Magisterio De Educacion Primaria,Grado en Educación Primaria,Universidad del País Vasco,Álava,Presencial,"10,102",Universidad Pública,"4,0 años",823 €,10.102
Magisterio De Educacion Primaria,Grado en Educación Primaria,Universidad de Málaga,Málaga,Presencial,"10,102",Universidad Pública,"4,0 años",757 €,10.102
Magisterio De Educacion Primaria,Grado en Maestro en Educación Primaria,Universidad de La Laguna,Tenerife,Presencial,"10,061",Universidad Pública,"4,0 años",610 €,10.061
Magisterio De Educacion Primaria,Doble Grado en Maestro de Educación Infantil + Maestro de Educación Primaria,Universitat de les Illes Balears,Baleares,Presencial,"10,050",Universidad Pública,"5,0 años",no disponible,10.05
Magisterio De Educacion Primaria,Grado en Educación Primaria,Universidade da Coruña,A Coruña,Presencial,"10,030",Universidad Pública,"4,0 años",591 €,10.03
Magisterio De Educacion Primaria,Grado en Educación Primaria,Universidade de Vigo,Pontevedra,Presencial,"10,026",Universidad Pública,"4,0 años",591 €,10.026
Magisterio De Educacion Primaria,Programa de Estudios Conjunto de Grado en Educación Primaria y Grado en Educación Infantil,Universidad de Valladolid,Palencia,Presencial,"10,011",Universidad Pública,"5,0 años",950 €,10.011
Magisterio De Educacion Primaria,Grado en Educación Primaria (Trilingüe),Universidad del País Vasco,Álava,Presencial,"10,000",Universidad Pública,"4,0 años",823 €,10.0
Magisterio De Educacion Primaria,Grado en Educación Primaria,Universidad del País Vasco,Guipúzcoa,Presencial,"9,994",Universidad Pública,"4,0 años",823 €,9.994
Magisterio De Educacion Primaria,Grado en Educación Primaria (Mención en Educación Física),Universidad Rey Juan Carlos,Madrid,Presencial,"9,989",Universidad Pública,"4,0 años",1.015 €,9.989
Magisterio De Educacion Primaria,Grado en Maestro o Maestra en Educación Primaria,Universitat Jaume I,Castellón,Presencial,"9,975",Universidad Pública,"4,0 años",767 €,9.975
Magisterio De Educacion Primaria,Grado en Maestro en Educación Primaria,Universitat de València,Valencia,Presencial,"9,962",Universidad Pública,"4,0 años",767 €,9.962
Magisterio De Educacion Primaria,Doble Grado en Educación Primaria + Estudios Franceses,Universidad de Sevilla,Sevilla,Presencial,"9,959",Universidad Pública,"5,0 años",984 €,9.959
Magisterio De Educacion Primaria,Grado en Educación Primaria,Universidad de Cádiz,Cádiz,Presencial,"9,800",Universidad Pública,"4,0 años",757 €,9.8
Magisterio Especialidad De Educacion Infantil,Doble Grado en Educación Infantil + Educación Primaria,Universidad de Sevilla,Sevilla,Presencial,"13,066",Universidad Pública,"5,0 años",984 €,13.066
Magisterio Especialidad De Educacion Infantil,Doble Grado en Maestro en Educación Primaria + Maestro en Educación Infantil,Universidad de Salamanca,Salamanca,Presencial,"12,654",Universidad Pública,"5,0 años",816 €,12.654
Magisterio Especialidad De Educacion Infantil,Doble Grado en Educación Infantil + Educación Primaria,Universidad de Murcia,Murcia,Presencial,"12,515",Universidad Pública,"5,0 años",no disponible,12.515
Magisterio Especialidad De Educacion Infantil,Doble Grado en Educación Infantil + Educación Primaria,Universidad de Las Palmas de Gran Canaria,Islas Canarias,Presencial,"12,504",Universidad Pública,"5,0 años",no disponible,12.504
Magisterio Especialidad De Educacion Infantil,Doble Grado en Educación Infantil + Educación Primaria,Universidad Rey Juan Carlos,Madrid,Presencial,"12,225",Universidad Pública,"5,0 años",1.398 €,12.225
Magisterio Especialidad De Educacion Infantil,Doble Grado en Maestro en Educación Infantil + Educación Primaria,Universidade de Santiago de Compostela,A Coruña,Presencial,"12,012",Universidad Pública,"5,0 años",740 €,12.012
Magisterio Especialidad De Educacion Infantil,Grado en Maestro en Educación Infantil + Maestro en Educación Primaria,Universidad Complutense de Madrid,Madrid,Presencial,"11,746",Universidad Pública,"5,0 años",no disponible,11.746
Magisterio Especialidad De Educacion Infantil,Doble Grado en Maestro en Educación Infantil + Educación Primaria,Universidade de Santiago de Compostela,Lugo,Presencial,"11,618",Universidad Pública,"5,0 años",no disponible,11.618
Magisterio Especialidad De Educacion Infantil,Doble Grado en Magisterio en Educación Infantil + Magisterio en Educación Primaria,Universidad de Cantabria,Cantabria,Presencial,"11,534",Universidad Pública,"5,0 años",725 €,11.534
Magisterio Especialidad De Educacion Infantil,Doble Grado en Educación Infantil + Educación Primaria,Universidad de Almería,Almería,Presencial,"11,456",Universidad Pública,"5,0 años",908 €,11.456
Magisterio Especialidad De Educacion Infantil,Doble Grado en Maestro en Educación Infantil + Maestro en Educación Primaria,Universitat de Barcelona,Barcelona,Presencial,"11,343",Universidad Pública,"5,0 años",1.168 €,11.343
Magisterio Especialidad De Educacion Infantil,Doble Grado en Maestro en Educación Infantil + Maestro en Educación Primaria (Programa Internacional),Universidad Pública de Navarra,Navarra,Presencial,"11,280",Universidad Pública,"5,0 años",1.104 €,11.28
Magisterio Especialidad De Educacion Infantil,Doble Grado en Educación Primaria + Educación Infantil,Universitat Autònoma de Barcelona,Barcelona,Presencial,"11,260",Universidad Pública,"5,0 años",1.061 €,11.26
Magisterio Especialidad De Educacion Infantil,Doble Grado en Maestro en Educación Infantil + Maestro en Educación Primaria,Universidad Pública de Navarra,Navarra,Presencial,"11,234",Universidad Pública,"5,0 años",1.104 €,11.234
Magisterio Especialidad De Educacion Infantil,Grado en Educación Infantil,Universidad de Sevilla,Sevilla,Presencial,"10,936",Universidad Pública,"4,0 años",757 €,10.936
Magisterio Especialidad De Educacion Infantil,Doble Grado en Maestro en Educación Infantil + Maestro en Educación Primaria,Universidad Autónoma de Madrid,Madrid,Presencial,"10,910",Universidad Pública,"5,0 años",no disponible,10.91
Magisterio Especialidad De Educacion Infantil,Doble Grado en Magisterio de Educación Infantil + Magisterio de Educación Primaria (Guadalajara),Universidad de Alcalá,Guadalajara,Presencial,"10,753",Universidad Pública,"5,0 años",no disponible,10.753
Magisterio Especialidad De Educacion Infantil,Doble Grado en Maestro en Educación Primaria + Maestro en Educación Infantil,Universidad de Castilla - La Mancha,Albacete,Presencial,"10,528",Universidad Pública,"5,0 años",no disponible,10.528
Magisterio Especialidad De Educacion Infantil,Grado en Educación Infantil,Universidad de Murcia,Murcia,Presencial,"10,433",Universidad Pública,"4,0 años",863 €,10.433
Magisterio Especialidad De Educacion Infantil,Grado en Educación Infantil,Universidad de Las Palmas de Gran Canaria,Las Palmas,Presencial,"10,173",Universidad Pública,"4,0 años",610 €,10.173
Magisterio Especialidad De Educacion Infantil,Doble Grado en Maestro de Educación Infantil + Maestro de Educación Primaria,Universitat de les Illes Balears,Baleares,Presencial,"10,050",Universidad Pública,"5,0 años",no disponible,10.05
Magisterio Especialidad De Educacion Infantil,Programa de Estudios Conjunto de Grado en Educación Primaria y Grado en Educación Infantil,Universidad de Valladolid,Palencia,Presencial,"10,011",Universidad Pública,"5,0 años",950 €,10.011
Magisterio Especialidad De Educacion Infantil,Grado en Educación Infantil (Euskera),Universidad del País Vasco,Vizcaya,Presencial,"9,912",Universidad Pública,"4,0 años",823 €,9.912
Magisterio Especialidad De Educacion Infantil,Grado en Maestro en Educación Infantil + Pedagogía,Universidad Complutense de Madrid,Madrid,Presencial,"9,911",Universidad Pública,"5,0 años",no disponible,9.911
Magisterio Especialidad De Educacion Infantil,Grado en Educación Infantil,Universidad del País Vasco,Guipúzcoa,Presencial,"9,844",Universidad Pública,"4,0 años",823 €,9.844
Magisterio Especialidad De Educacion Infantil,Grado en Maestro en Educación Infantil,Universidade de Santiago de Compostela,A Coruña,Presencial,"9,752",Universidad Pública,"4,0 años",591 €,9.752
Magisterio Especialidad De Educacion Infantil,Grado en Educación Infantil,Universidad de Málaga,Málaga,Presencial,"9,750",Universidad Pública,"4,0 años",757 €,9.75
Magisterio Especialidad De Educacion Infantil,Grado en Magisterio en Educación Infantil,Universidad de Zaragoza,Zaragoza,Presencial,"9,723",Universidad Pública,"4,0 años",931 €,9.723
Magisterio Especialidad De Educacion Infantil,Grado en Educación Infantil,Universidad del País Vasco,Vizcaya,Presencial,"9,610",Universidad Pública,"4,0 años",823 €,9.61
Magisterio Especialidad De Educacion Infantil,Grado en Educación Infantil,Universidad del País Vasco,Álava,Presencial,"9,504",Universidad Pública,"4,0 años",823 €,9.504
Magisterio Especialidad De Educacion Infantil,Grado en Maestro en Educación Infantil,Universidad Complutense de Madrid,Madrid,Presencial,"9,460",Universidad Pública,"4,0 años",1.015 €,9.46
Magisterio Especialidad De Educacion Infantil,Doble Grado en Educación Infantil + Educación Primaria,Universitat de Girona,Girona,Presencial,"9,400",Universidad Pública,"5,0 años",1.061 €,9.4
Magisterio Especialidad De Educacion Infantil,Grado en Maestro en Educación Infantil,Universitat de València,Valencia,Presencial,"9,362",Universidad Pública,"4,0 años",767 €,9.362
Magisterio Especialidad De Educacion Infantil,Grado en Educación Infantil,Universidade da Coruña,A Coruña,Presencial,"9,300",Universidad Pública,"4,0 años",591 €,9.3
Magisterio Especialidad De Educacion Infantil,Grado en Maestro en Educación Infantil,Universidad de La Laguna,Tenerife,Presencial,"9,290",Universidad Pública,"4,0 años",610 €,9.29
Magisterio Especialidad De Educacion Infantil,Doble Grado en Educación Infantil + Educación Primaria,Universitat de Lleida,LLeida,Presencial,"9,278",Universidad Pública,"5,0 años",1.309 €,9.278
Magisterio Especialidad De Educacion Infantil,Grado en Maestro Educación Infantil,Universidad de Oviedo,Asturias,Presencial,"9,230",Universidad Pública,"4,0 años",738 €,9.23
Magisterio Especialidad De Educacion Infantil,Grado en Maestro o Maestra en Educación Infantil,Universitat Jaume I,Castellón,Presencial,"9,214",Universidad Pública,"4,0 años",767 €,9.214
Magisterio Especialidad De Educacion Infantil,Grado en Educación Infantil,Universidad Rey Juan Carlos,Madrid,Presencial,"9,211",Universidad Pública,"4,0 años",1.015 €,9.211
Magisterio Especialidad De Educacion Infantil,Grado en Educación Infantil,Universidad Rey Juan Carlos,Madrid,Presencial,"9,210",Universidad Pública,"4,0 años",1.015 €,9.21
Magisterio Especialidad De Educacion Infantil,Grado en Educación Infantil,Universidade de Vigo,Pontevedra,Presencial,"9,154",Universidad Pública,"4,0 años",591 €,9.154
Magisterio Especialidad De Educacion Infantil,Grado en Magisterio en Educación Infantil,Universidad Autónoma de Madrid,Madrid,Presencial,"9,150",Universidad Pública,"4,0 años",1.015 €,9.15
Magisterio Especialidad De Educacion Infantil,Grado en Educación Infantil,Universitat Autònoma de Barcelona,Barcelona,Presencial,"9,134",Universidad Pública,"4,0 años",1.061 €,9.134
Magisterio Especialidad De Educacion Infantil,Grado en Maestro de Educación Infantil,Universidad de Salamanca,Salamanca,Presencial,"9,091",Universidad Pública,"4,0 años",734 €,9.091
Magisterio Especialidad De Educacion Infantil,Grado en Magisterio en Educación Infantil,Universidad de Cantabria,Cantabria,Presencial,"9,059",Universidad Pública,"4,0 años",647 €,9.059
Magisterio Especialidad De Educacion Infantil,Grado en Maestro en Educación Infantil,Universitat de Barcelona,Barcelona,Presencial,"9,050",Universidad Pública,"4,0 años",1.061 €,9.05
Magisterio Especialidad De Educacion Infantil,Grado en Maestro en Educación Infantil (Programa Internacional),Universidad Pública de Navarra,Navarra,Presencial,"8,994",Universidad Pública,"4,0 años",906 €,8.994
Magisterio Especialidad De Educacion Infantil,Doble Grado en Maestro en Educación Primaria + Maestro en Educación Infantil,Universidad de Castilla - La Mancha,Ciudad Real,Presencial,"8,920",Universidad Pública,"5,0 años",no disponible,8.92
Magisterio Especialidad De Educacion Infantil,Grado en Maestro de Educación Infantil,Universidad de Alicante,Alicante,Presencial,"8,896",Universidad Pública,"4,0 años",767 €,8.896
Magisterio Especialidad De Educacion Infantil,Grado en Magisterio de Educación Infantil,Universidad de Alcalá,Guadalajara,Presencial,"8,753",Universidad Pública,"4,0 años",1.015 €,8.753
Ingenieria Industrial,Doble Grado en Ciencia de Datos + Ingeniería de Organización Industrial,Universitat Politècnica de València,Valencia,Presencial,"13,370",Universidad Pública,"5,0 años",no disponible,13.37
Ingenieria Industrial,Doble Grado en Ingeniería Física + Ingeniería en Tecnologías Industriales,Universidad Carlos III de Madrid,Madrid,Presencial,"13,288",Universidad Pública,"6,0 años",1.720 €,13.288
Ingenieria Industrial,Grado en Ingeniería en Diseño Industrial y Desarrollo de Producto,Universidad Politécnica de Madrid,Madrid,Presencial,"12,414",Universidad Pública,"4,0 años",1.166 €,12.414
Ingenieria Industrial,Doble Grado en Ingeniería Mecánica + Ingeniería Electrónica Industrial y Automática,Universidad de Almería,Almería,Presencial,"11,447",Universidad Pública,"5,0 años",757 €,11.447
Ingenieria Industrial,Doble Grado en Ingeniería Mecánica + Ingeniería Electrónica Industrial y Automática,Universidad del País Vasco,Álava,Presencial,"10,742",Universidad Pública,"5,0 años",1.330 €,10.742
Ingenieria Industrial,Grado Abierto en Ingeniería Industrial,Universidade da Coruña,A Coruña,Presencial,"10,000",Universidad Pública,"4,0 años",836 €,10.0
Ingenieria Industrial,Grado Dual en Ingeniería Térmica,Universidad Pública de Navarra,Navarra,Presencial,"7,875",Universidad Pública,"4,0 años",1.283 €,7.875
Ingenieria Industrial,Grado en Ingeniería en Tecnología Industrial,Universidad del País Vasco,Vizcaya,Presencial,"6,498",Universidad Pública,"4,0 años",1.094 €,6.498
Ingenieria Industrial,Grado en Ingeniería Química Industrial,Universidad de Sevilla,Sevilla,Presencial,"6,117",Universidad Pública,"4,0 años",757 €,6.117
Ingenieria Industrial,Grado en Ingeniería Química Industrial,Universidad de Huelva,Huelva,Presencial,"5,000",Universidad Pública,"4,0 años",757 €,5.0
Ingenieria Industrial,Grado en Ingeniería Química Industrial,Universidad de Almería,Almería,Presencial,"5,000",Universidad Pública,"4,0 años",757 €,5.0
Ingenieria Industrial,Grado en Ingeniería Química Industrial,Universidad de Oviedo,Asturias,Presencial,"5,000",Universidad Pública,"4,0 años",738 €,5.0
Ingenieria Industrial,Grado en Ingeniería Química Industrial,Universidad de La Laguna,Tenerife,Presencial,"5,000",Universidad Pública,"4,0 años",875 €,5.0
Ingenieria Industrial,Grado en Ingeniería en Química Industrial,Universidade de Vigo,Pontevedra,Presencial,"5,000",Universidad Pública,"4,0 años",836 €,5.0
Ingenieria Industrial,Doble Grado en Ingeniería Mecánica + Ingeniería Electrónica Industrial y Automática,Universidad de Salamanca,Salamanca,Presencial,"5,000",Universidad Pública,"5,0 años",1.141 €,5.0
Ingenieria Industrial,Grado en Ingeniería de Procesos Químicos Industriales,Universidade de Santiago de Compostela,Lugo,Presencial,"5,000",Universidad Pública,"4,0 años",836 €,5.0
Ingenieria Civil,Doble grado en Matemáticas + Ingeniería Civil,Universitat Politècnica de València,Valencia,Presencial,"12,572",Universidad Pública,"5,0 años",no disponible,12.572
Ingenieria Civil,"PARS en Ingeniería de Caminos, Canales y Puertos (Grado en Ingeniería Civil + Máster Universitario en Ingeniería de Caminos, Canales y Puertos)",Universitat Politècnica de València,Valencia,Presencial,"11,763",Universidad Pública,"5,0 años",1.040 €,11.763
Ingenieria Civil,"Grado en Ingeniería Civil y Territorial + Máster Universitario en Ingeniería de Caminos, Canales y Puertos (Programa de Ingeniero/a de Caminos, Canales y Puertos)",Universidad Politécnica de Madrid,Madrid,Presencial,"11,614",Universidad Pública,"4,0 años",1.166 €,11.614
Ingenieria Civil,"Grado en Ingeniería Civil + Máster Universitario en Ingeniería de Caminos, Canales y Puertos (PARS Ingeniero/a de Caminos, Canales y Puertos)",Universitat Politècnica de Catalunya,Barcelona,Presencial,"10,978",Universidad Pública,"6,0 años",no disponible,10.978
Ingenieria Civil,Doble Grado Ingeniería Civil y Territorial y en Administración y Dirección de Empresas,Universidad Politécnica de Madrid,Madrid,Presencial,"10,900",Universidad Pública,"5,0 años",no disponible,10.9
Ingenieria Civil,Grado en Ingeniería Civil,Universidad de Sevilla,Sevilla,Presencial,"10,567",Universidad Pública,"4,0 años",757 €,10.567
Ingenieria Civil,Grado en Ingeniería Civil (Itinerario Bilingüe Internacional),Universidad de Cantabria,Cantabria,Presencial,"10,393",Universidad Pública,"4,0 años",872 €,10.393
Ingenieria Civil,Grado en Ingeniería Civil,Universitat Politècnica de València,Valencia,Presencial,"10,224",Universidad Pública,"4,0 años",1.040 €,10.224
Ingenieria Civil,Grado en Ingeniería Civil y Territorial,Universidad Politécnica de Madrid,Madrid,Presencial,"9,850",Universidad Pública,"4,0 años",1.166 €,9.85
Ingenieria Civil,Doble Grado en Ingeniería Civil + Arquitectura Técnica,Universidad del País Vasco,Guipúzcoa,Presencial,"9,600",Universidad Pública,"5,0 años",1.097 €,9.6
Ingenieria Civil,Doble Grado en Ingeniería Civil + Administración y Dirección de Empresas,Universidad de Granada,Granada,Presencial,"9,522",Universidad Pública,"5,0 años",no disponible,9.522
Ingenieria Civil,Grado en Ingeniería Civil y Territorial (Edificio Retiro),Universidad Politécnica de Madrid,Madrid,Presencial,"9,286",Universidad Pública,"4,0 años",1.166 €,9.286
Ingenieria Civil,"Grado en Ingeniería Civil + Máster en Ingeniería de Caminos, Canales y Puertos",Universidad Politécnica de Cartagena,Murcia,Presencial,"9,008",Universidad Pública,"4,0 años",no disponible,9.008
Ingenieria Civil,Grado en Ingeniería Civil,Universitat Politècnica de Catalunya,Barcelona,Presencial,"8,528",Universidad Pública,"4,0 años",1.108 €,8.528
Ingenieria Civil,Grado en Ingeniería Civil,Universidad de Alicante,Alicante,Presencial,"8,483",Universidad Pública,"4,0 años",1.040 €,8.483
Ingenieria Civil,Grado en Ingeniería Civil,Universidad del País Vasco,Guipúzcoa,Presencial,"7,962",Universidad Pública,"4,0 años",1.094 €,7.962
Ingenieria Civil,Grado en Ingeniería Civil,Universidad del País Vasco,Vizcaya,Presencial,"7,290",Universidad Pública,"4,0 años",1.094 €,7.29
Ingenieria Civil,Grado en Ingeniería Civil,Universidad Politécnica de Cartagena,Murcia,Presencial,"5,315",Universidad Pública,"4,0 años",1.007 €,5.315
Ingenieria Civil,Grado en Ingeniería Civil,Universidad de Cádiz,Cádiz,Presencial,"5,000",Universidad Pública,"4,0 años",757 €,5.0
Ingenieria Civil,Doble Grado en Ingeniería Civil + Ingeniería en Tecnologías Mineras,Universidad de Jaén,Jaén,Presencial,"5,000",Universidad Pública,"5,0 años",no disponible,5.0
Ingenieria Civil,Grado en Ingeniería Civil,Universidad de Córdoba,Córdoba,Presencial,"5,000",Universidad Pública,"4,0 años",757 €,5.0
Ingenieria Civil,Grado en Ingeniería Civil - Hidrología,Universidad de Extremadura,Cáceres,Presencial,"5,000",Universidad Pública,"4,0 años",968 €,5.0
Ingenieria Civil,Grado Abierto: 5USC Ingenierías,Universidade de Santiago de Compostela,Lugo,Presencial,"5,000",Universidad Pública,"4,0 años",836 €,5.0
Ingenieria Civil,Doble Grado en Ingeniería Civil + Arquitectura Técnica,Universidad de Burgos,Burgos,Presencial,"5,000",Universidad Pública,"5,0 años",1.369 €,5.0
Ingenieria Civil,Grado en Ingeniería Civil (Mención en construcciones civiles),Universidad de Cantabria,Cantabria,Presencial,"5,000",Universidad Pública,"4,0 años",872 €,5.0
Ingenieria Civil,Grado en Ingeniería Civil,Universidad de La Laguna,Tenerife,Presencial,"5,000",Universidad Pública,"4,0 años",875 €,5.0
Ingenieria Civil,Grado en Ingeniería Civil,Universidade de Santiago de Compostela,Lugo,Presencial,"5,000",Universidad Pública,"4,0 años",836 €,5.0
Ingenieria Civil,Grado en Ingeniería Civil,Universidad de Oviedo,Asturias,Presencial,"5,000",Universidad Pública,"4,0 años",738 €,5.0
Ingenieria Civil,Grado en Ingeniería Civil - Mención en Hidrología,Universidad de Salamanca,Ávila,Presencial,"5,000",Universidad Pública,"4,0 años",1.014 €,5.0
Ingenieria Civil,"Grado en Tecnologías de Caminos, Canales y Puertos",Universitat Politècnica de Catalunya,Barcelona,Presencial,"5,000",Universidad Pública,"4,0 años",1.108 €,5.0
Ingenieria Civil,Doble Grado en Ingeniería Civil + Ingeniería de los Recursos Mineros y Energéticos (es posible estudiar uno de los dos grados en su itinerario bilingüe),Universidad de Oviedo,Asturias,Presencial,"5,000",Universidad Pública,"5,0 años",738 €,5.0
Ingenieria Civil,Grado en Ingeniería Civil,Universidad de Granada,Granada,Presencial,"5,000",Universidad Pública,"4,0 años",757 €,5.0
Ingenieria Civil,Grado en Ingeniería Civil,Universidad de Las Palmas de Gran Canaria,Las Palmas,Presencial,"5,000",Universidad Pública,"4,0 años",875 €,5.0
Ingenieria Civil,Grado en Ingeniería Civil,Universidad de Burgos,Burgos,Presencial,"5,000",Universidad Pública,"4,0 años",1.014 €,5.0
Ingenieria Civil,Grado en Ingeniería Civil - Mención en Construcciones Civiles,Universidad de Salamanca,Zamora,Presencial,"5,000",Universidad Pública,"4,0 años",1.014 €,5.0
Ingenieria Civil,Doble Grado en Ingeniería Civil + Administración y Dirección de Empresas,Universidad de Córdoba,Córdoba,Presencial,"5,000",Universidad Pública,"5,0 años",no disponible,5.0
Ingenieria Civil,Grado en Ingeniería Civil,Universidad de Extremadura,Cáceres,Presencial,"5,000",Universidad Pública,"4,0 años",968 €,5.0
Ingenieria Civil,Doble Grado en Ingeniería Civil + Ingeniería de la Energía y Recursos Minerales,Universidad de Córdoba,Córdoba,Presencial,"5,000",Universidad Pública,"5,0 años",no disponible,5.0
Ingenieria Civil,Grado en Tecnología de la Ingeniería Civil,Universidade da Coruña,A Coruña,Presencial,"5,000",Universidad Pública,"4,0 años",836 €,5.0
Ingenieria Civil,Grado en Ciencia y Tecnología del Agua,Universidad Rey Juan Carlos,Madrid,Presencial,"5,000",Universidad Pública,"4,0 años",1.241 €,5.0
Ingenieria Civil,Grado en Ingeniería de Obras Públicas,Universidade da Coruña,A Coruña,Presencial,"5,000",Universidad Pública,"4,0 años",836 €,5.0
Ingenieria Civil,Grado en Ingeniería Civil y Territorial,Universidad de Castilla - La Mancha,Ciudad Real,Presencial,"5,000",Universidad Pública,"4,0 años",1.132 €,5.0
Ingenieria Civil,Grado en Ingeniería Civil,Universidad de Jaén,Jaén,Presencial,"5,000",Universidad Pública,"4,0 años",757 €,5.0
Ingenieria Civil,Doble Grado en Ingeniería Civil + Ingeniería de la Energía y Recursos Mineros,Universidad de Salamanca,Ávila,Presencial,"5,000",Universidad Pública,"6,0 años",1.141 €,5.0
Ingenieria Civil,Grado en Ingeniería Civil - Construcciones Civiles,Universidad de Extremadura,Cáceres,Presencial,"5,000",Universidad Pública,"4,0 años",968 €,5.0
Ingenieria Civil,Grado en Ingeniería Civil,E.U. Politécnica La Almunia,Zaragoza,Presencial,"5,000",Centro Adscrito Público,"4,0 años",2.720 €,5.0
Ingenieria Electronica,Doble Grado en Física + Ingeniería Electrónica,Universidad del País Vasco,Vizcaya,Presencial,"12,874",Universidad Pública,"5,0 años",1.135 €,12.874
Ingenieria Electronica,"Grado en Ingeniería Electrónica, Robótica y Mecatrónica (Interuniversitario UMA-US)",Universidad de Sevilla,Sevilla,Presencial,"12,207",Universidad Pública,"4,0 años",757 €,12.207
Ingenieria Electronica,Doble Grado en Ingeniería Mecánica + Ingeniería Electrónica Industrial y Automática,Universidad del País Vasco,Guipúzcoa,Presencial,"12,162",Universidad Pública,"5,0 años",1.097 €,12.162
Ingenieria Electronica,Doble Grado en Ingeniería Biomédica + Ingeniería Electrónica Industrial y Automática,Universidad Politécnica de Cartagena,Murcia,Presencial,"12,000",Universidad Pública,"5,0 años",no disponible,12.0
Ingenieria Electronica,Doble Grado en Ingeniería Eléctrica + Ingeniería Electrónica Industrial y Automática,Universidad Politécnica de Madrid,Madrid,Presencial,"11,514",Universidad Pública,"5,0 años",no disponible,11.514
Ingenieria Electronica,Doble Grado en Ingeniería Mecánica + Ingeniería Electrónica Industrial y Automática,Universidade de Vigo,Pontevedra,Presencial,"11,336",Universidad Pública,"5,0 años",836 €,11.336
Ingenieria Electronica,Grado en Ingeniería Electrónica,Universidad del País Vasco,Vizcaya,Presencial,"11,134",Universidad Pública,"4,0 años",1.094 €,11.134
Ingenieria Electronica,"Grado en Ingeniería Electrónica, Robótica y Mecatrónica",Universidad de Málaga,Málaga,Presencial,"11,093",Universidad Pública,"4,0 años",757 €,11.093
Ingenieria Electronica,Doble Grado en Ingeniería Biomédica + Ingeniería en Electrónica Industrial y Automática,Universidade de Vigo,Pontevedra,Presencial,"11,084",Universidad Pública,"5,0 años",836 €,11.084
Ingenieria Electronica,Doble Grado en Ingeniería Mecánica + Ingeniería Electrónica Industrial y Automática,Universidad de Burgos,Burgos,Presencial,"10,921",Universidad Pública,"5,0 años",1.255 €,10.921
Ingenieria Electronica,Grado en Ingeniería Electrónica Industrial y Automática,Universidad Carlos III de Madrid,Madrid,Presencial,"10,839",Universidad Pública,"4,0 años",1.166 €,10.839
Ingenieria Electronica,Grado en Ingeniería Electrónica Industrial y Automática,Universidad Politécnica de Madrid,Madrid,Presencial,"10,825",Universidad Pública,"4,0 años",1.166 €,10.825
Ingenieria Electronica,Grado en Ingeniería Electrónica Industrial y Automática,Universitat Politècnica de València,Valencia,Presencial,"10,674",Universidad Pública,"4,0 años",1.040 €,10.674
Ingenieria Electronica,Grado en Ingeniería Electrónica Industrial,Universidad de Granada,Granada,Presencial,"10,520",Universidad Pública,"4,0 años",757 €,10.52
Ingenieria Electronica,Grado en Ingeniería Electrónica y Automática Industrial,Universidad de Alcalá,Madrid,Presencial,"10,186",Universidad Pública,"4,0 años",1.166 €,10.186
Ingenieria Electronica,Grado en Ingeniería Electrónica Industrial y Automática,Universidad Rey Juan Carlos,Madrid,Presencial,"10,164",Universidad Pública,"4,0 años",1.166 €,10.164
Ingenieria Electronica,Doble Grado en Ingeniería Electrónica de Comunicaciones + Ingeniería Electrónica y Automática Industrial,Universidad de Alcalá,Madrid,Presencial,"9,591",Universidad Pública,"5,0 años",no disponible,9.591
Ingenieria Electronica,Grado en Ingeniería Electrónica Industrial,Universitat de València,Valencia,Presencial,"9,185",Universidad Pública,"4,0 años",1.040 €,9.185
Ingenieria Electronica,Grado en Ingeniería Electrónica Industrial y Autómatica,Universitat de les Illes Balears,Baleares,Presencial,"9,110",Universidad Pública,"4,0 años",1.071 €,9.11
Ingenieria Electronica,Doble Grado en Ingeniería Eléctrica + Ingeniería Electrónica Industrial y Automática,Universitat Rovira i Virgili,Tarragona,Presencial,"9,042",Universidad Pública,"4,0 años",1.371 €,9.042
Ingenieria Electronica,Doble Grado en Ingeniería Electrónica de Comunicaciones + Ingeniería Telemática,Universidad Politécnica de Madrid,Madrid,Presencial,"8,872",Universidad Pública,"5,0 años",no disponible,8.872
Ingenieria Electronica,Ingeniería Electrónica de Telecomunicación,Universitat Politècnica de Catalunya,Barcelona,Presencial,"8,869",Universidad Pública,"4,0 años",1.108 €,8.869
Ingenieria Electronica,Grado en Ingeniería Electrónica de Comunicaciones,Universidad Complutense de Madrid,Madrid,Presencial,"8,867",Universidad Pública,"4,0 años",1.166 €,8.867
Ingenieria Electronica,Doble Grado en Ingeniería Informática + Ingeniería Electrónica en Telecomunicación,Universitat Autònoma de Barcelona,Barcelona,Presencial,"8,708",Universidad Pública,"5,0 años",1.108 €,8.708
Ingenieria Electronica,Grado en Ingeniería Electrónica de Comunicaciones,Universidad Politécnica de Madrid,Madrid,Presencial,"8,564",Universidad Pública,"4,0 años",1.166 €,8.564
Ingenieria Electronica,Grado en Ingeniería Electrónica Industrial y Automática,Universitat Politècnica de Catalunya,Barcelona,Presencial,"8,268",Universidad Pública,"4,0 años",1.108 €,8.268
Ingenieria Electronica,Doble Grado en Ingeniería Ingeniería Electrónica Industrial + Ingeniería Mecánica,Universidad de Jaén,Jaén,Presencial,"8,134",Universidad Pública,"5,0 años",no disponible,8.134
Ingenieria Electronica,Grado en Ingeniería Electrónica Industrial y Automática,Universitat Politècnica de Catalunya,Barcelona,Presencial,"8,096",Universidad Pública,"4,0 años",1.108 €,8.096
Ingenieria Electronica,Grado en Ingeniería Electrónica de Comunicaciones,Universidad de Alcalá,Madrid,Presencial,"8,070",Universidad Pública,"4,0 años",1.166 €,8.07
Ingenieria Electronica,Grado en Ingeniería Electrónica y Automática Industrial,Universidad Miguel Hernández de Elche,Alicante,Presencial,"7,929",Universidad Pública,"4,0 años",1.040 €,7.929
Ingenieria Electronica,Doble Grado en Ingeniería Eléctrica + Ingeniería Electrónica Industrial,Universidad de Sevilla,Sevilla,Presencial,"7,910",Universidad Pública,"5,0 años",757 €,7.91
Ingenieria Electronica,Grado en Ingeniería Electrónica de Telecomunicación,Universitat de Barcelona,Barcelona,Presencial,"7,870",Universidad Pública,"4,0 años",1.108 €,7.87
Ingenieria Electronica,Grado en Ingeniería Electrónica Industrial y Automática,Universidad de La Laguna,Tenerife,Presencial,"7,750",Universidad Pública,"4,0 años",875 €,7.75
Ingenieria Electronica,Grado en Ingeniería Eléctrica y Electrónica,Universidad Pública de Navarra,Navarra,Presencial,"7,710",Universidad Pública,"4,0 años",1.283 €,7.71
Ingenieria Electronica,Grado en Ingeniería Electrónica Industrial,Universidad de Sevilla,Sevilla,Presencial,"7,707",Universidad Pública,"4,0 años",757 €,7.707
Ingenieria Electronica,Grado en Ingeniería Electrónica de Telecomunicación,Universitat de València,Valencia,Presencial,"7,663",Universidad Pública,"4,0 años",1.040 €,7.663
Ingenieria Electronica,Grado en Ingeniería en Electrónica Industrial y Automática,Universidade de Vigo,Pontevedra,Presencial,"7,626",Universidad Pública,"4,0 años",836 €,7.626
Ingenieria Electronica,Grado en Ingeniería Electrónica de Telecomunicación,Universitat Autònoma de Barcelona,Barcelona,Presencial,"7,320",Universidad Pública,"4,0 años",1.108 €,7.32
Ingenieria Electronica,Grado en Ingeniería Electrónica Industrial y Automática,Universitat Politècnica de Catalunya,Barcelona,Presencial,"7,186",Universidad Pública,"4,0 años",1.108 €,7.186
Ingenieria Electronica,Doble Grado en Ingeniería Electrónica + Ingeniería Mecánica,Escola Universitària Salesiana de Sarrià,Barcelona,Presencial,"6,924",Centro Adscrito Privado,"5,0 años",7.620 €,6.924
Ingenieria Electronica,Grado en Ingeniería Electrónica Industrial y Automática,Universitat Politècnica de Catalunya,Barcelona,Presencial,"6,888",Universidad Pública,"4,0 años",1.108 €,6.888
Ingenieria Electronica,Grado en Ingeniería Electrónica Industrial y Autómatica,Universidad de Castilla - La Mancha,Toledo,Presencial,"6,790",Universidad Pública,"4,0 años",1.132 €,6.79
Ingenieria Electronica,Grado en Ingeniería Electrónica y Automática,Universidad de Zaragoza,Teruel,Presencial,"6,690",Universidad Pública,"4,0 años",1.190 €,6.69
Ingenieria Electronica,Grado en Ingeniería en Electrónica Industrial y Automática,Universitat de Lleida,LLeida,Presencial,"6,614",Universidad Pública,"4,0 años",1.108 €,6.614
Ingenieria Electronica,Grado en Ingeniería Electrónica Industrial y Automática,Universitat Rovira i Virgili,Tarragona,Presencial,"6,546",Universidad Pública,"4,0 años",1.108 €,6.546
Ingenieria Electronica,Grado en Ingeniería Electrónica Industrial y Automática,Universitat de Girona,Girona,Presencial,"6,441",Universidad Pública,"4,0 años",1.108 €,6.441
Ingenieria Electronica,Grado en Ingeniería Electrónica Industrial,Universidad de Cádiz,Cádiz,Presencial,"6,228",Universidad Pública,"4,0 años",757 €,6.228
Ingenieria Electronica,Doble Grado en Ingeniería Eléctrica + Ingeniería Electrónica Industrial y Automática,Universitat de Girona,Girona,Presencial,"6,222",Universidad Pública,"5,0 años",1.108 €,6.222
Ingenieria Electronica,Grado en Ingeniería Electrónica Industrial y Automática,Escola Universitària Salesiana de Sarrià,Barcelona,Presencial,"6,030",Centro Adscrito Privado,"4,0 años",7.620 €,6.03
Ingenieria Electronica,Grado en Ingeniería Electrónica Industrial y Automática,Universidad del País Vasco,Álava,Presencial,"5,484",Universidad Pública,"4,0 años",1.094 €,5.484
Ingenieria Electrica,Doble Grado en Ingeniería Eléctrica + Ingeniería Electrónica Industrial y Automática,Universidad Politécnica de Madrid,Madrid,Presencial,"11,514",Universidad Pública,"5,0 años",no disponible,11.514
Ingenieria Electrica,Doble Grado en Ingeniería Mecánica + Ingeniería Eléctrica,Universidad de Sevilla,Sevilla,Presencial,"10,916",Universidad Pública,"5,0 años",757 €,10.916
Ingenieria Electrica,Grado en Ingeniería Eléctrica,Universidad Carlos III de Madrid,Madrid,Presencial,"10,887",Universidad Pública,"4,0 años",1.166 €,10.887
Ingenieria Electrica,Doble Grado en Ingeniería Eléctrica + Ingeniería Mecánica,Universidad de Málaga,Málaga,Presencial,"10,629",Universidad Pública,"5,0 años",757 €,10.629
Ingenieria Electrica,Grado en Ingeniería Eléctrica,Universitat Politècnica de València,Valencia,Presencial,"10,496",Universidad Pública,"4,0 años",1.040 €,10.496
Ingenieria Electrica,Grado en Ingeniería Eléctrica,Universidad Politécnica de Madrid,Madrid,Presencial,"10,415",Universidad Pública,"4,0 años",1.166 €,10.415
Ingenieria Electrica,Doble Grado en Ingeniería Mecánica + Ingeniería Eléctrica,Universidad de Cádiz,Cádiz,Presencial,"9,961",Universidad Pública,"5,0 años",757 €,9.961
Ingenieria Electrica,Doble Grado en Ingeniería Eléctrica + Ingeniería Electrónica Industrial y Automática,Universitat Rovira i Virgili,Tarragona,Presencial,"9,042",Universidad Pública,"4,0 años",1.371 €,9.042
Ingenieria Electrica,Grado en Ingeniería Eléctrica,Universidad de Sevilla,Sevilla,Presencial,"8,374",Universidad Pública,"4,0 años",757 €,8.374
Ingenieria Electrica,Grado en Ingeniería Eléctrica,Universitat Politècnica de Catalunya,Barcelona,Presencial,"8,096",Universidad Pública,"4,0 años",1.108 €,8.096
Ingenieria Electrica,Doble Grado en Ingeniería Eléctrica + Ingeniería Electrónica Industrial,Universidad de Sevilla,Sevilla,Presencial,"7,910",Universidad Pública,"5,0 años",757 €,7.91
Ingenieria Electrica,Grado en Ingeniería Eléctrica,Universitat Jaume I,Castellón,Presencial,"7,857",Universidad Pública,"4,0 años",1.040 €,7.857
Ingenieria Electrica,Grado en Ingeniería Eléctrica,Universidad Miguel Hernández de Elche,Alicante,Presencial,"7,772",Universidad Pública,"4,0 años",1.040 €,7.772
Ingenieria Electrica,Grado en Ingeniería Eléctrica,Universitat Politècnica de Catalunya,Barcelona,Presencial,"7,714",Universidad Pública,"4,0 años",1.108 €,7.714
Ingenieria Electrica,Grado en Ingeniería Eléctrica y Electrónica,Universidad Pública de Navarra,Navarra,Presencial,"7,710",Universidad Pública,"4,0 años",1.283 €,7.71
Ingenieria Electrica,Grado en Ingeniería Eléctrica y Sistemas Ferroviarios,Universitat Politècnica de Catalunya,Barcelona,Presencial,"7,186",Universidad Pública,"4,0 años",1.108 €,7.186
Ingenieria Electrica,Grado en Ingeniería Eléctrica,Universitat Politècnica de València,Alicante,Presencial,"7,130",Universidad Pública,"4,0 años",1.040 €,7.13
Ingenieria Electrica,Doble Grado en Ingeniería Eléctrica + Ingeniería Mecánica,Universidad de Jaén,Jaén,Presencial,"6,933",Universidad Pública,"5,0 años",no disponible,6.933
Ingenieria Electrica,Grado en Ingeniería Eléctrica,Universidad del País Vasco,Vizcaya,Presencial,"6,770",Universidad Pública,"4,0 años",1.094 €,6.77
Ingenieria Electrica,Grado en Ingeniería Eléctrica,Universitat Rovira i Virgili,Tarragona,Presencial,"6,332",Universidad Pública,"4,0 años",1.108 €,6.332
Ingenieria Electrica,Grado en Ingeniería Eléctrica,Universidad de Cádiz,Cádiz,Presencial,"6,331",Universidad Pública,"4,0 años",757 €,6.331
Ingenieria Electrica,Doble Grado en Ingeniería Eléctrica + Ingeniería Electrónica Industrial y Automática,Universitat de Girona,Girona,Presencial,"6,222",Universidad Pública,"5,0 años",1.108 €,6.222
Ingenieria Electrica,Grado en Ingeniería Eléctrica,Universitat de Girona,Girona,Presencial,"6,100",Universidad Pública,"4,0 años",1.108 €,6.1
Ingenieria Electrica,Grado en Ingeniería Eléctrica,Universidad Politécnica de Cartagena,Murcia,Presencial,"5,661",Universidad Pública,"4,0 años",1.007 €,5.661
Ingenieria Electrica,Grado en Ingeniería Eléctrica,Universidad de Huelva,Huelva,Presencial,"5,000",Universidad Pública,"4,0 años",757 €,5.0
Ingenieria Electrica,Grado en Ingeniería Eléctrica,Universidad de La Rioja,La Rioja,Presencial,"5,000",Universidad Pública,"4,0 años",1.228 €,5.0
Ingenieria Electrica,Grado en Ingeniería Eléctrica,Universidad de Castilla - La Mancha,Albacete,Presencial,"5,000",Universidad Pública,"4,0 años",1.132 €,5.0
Ingenieria Electrica,Grado en Ingeniería Eléctrica,Universidad de Zaragoza,Zaragoza,Presencial,"5,000",Universidad Pública,"4,0 años",1.190 €,5.0
Ingenieria Electrica,Grado en Ingeniería Eléctrica,Universidad de Salamanca,Salamanca,Presencial,"5,000",Universidad Pública,"4,0 años",1.014 €,5.0
Ingenieria Electrica,Doble Grado en Ingeniería Eléctrica + Ingeniería Electrónica Industrial,Universidad de Málaga,Málaga,Presencial,"5,000",Universidad Pública,"5,0 años",no disponible,5.0
Ingenieria Electrica,Doble Grado en Ingeniería de la Energía y Recursos Minerales + Ingeniería Eléctrica,Universidad de Córdoba,Córdoba,Presencial,"5,000",Universidad Pública,"5,0 años",no disponible,5.0
Ingenieria Electrica,Grado en Ingeniería Eléctrica,Universidad de Castilla - La Mancha,Ciudad Real,Presencial,"5,000",Universidad Pública,"4,0 años",1.132 €,5.0
Ingenieria Electrica,Grado en Ingeniería Eléctrica,Universidad de Cádiz,Cádiz,Presencial,"5,000",Universidad Pública,"4,0 años",757 €,5.0
Ingenieria Electrica,Grado en Ingeniería Eléctrica,Universidade da Coruña,A Coruña,Presencial,"5,000",Universidad Pública,"4,0 años",836 €,5.0
Ingenieria Electrica,Grado en Ingeniería Eléctrica,Universidad de Málaga,Málaga,Presencial,"5,000",Universidad Pública,"4,0 años",757 €,5.0
Ingenieria Electrica,Doble Grado en Ingeniería Eléctrica + Ingeniería Energética,Universidad de Huelva,Huelva,Presencial,"5,000",Universidad Pública,"5,0 años",no disponible,5.0
Ingenieria Electrica,Grado en Ingeniería Eléctrica,Universidad de Oviedo,Asturias,Presencial,"5,000",Universidad Pública,"4,0 años",738 €,5.0
Ingenieria Electrica,Grado en Ingeniería Eléctrica,Universidade de Vigo,Pontevedra,Presencial,"5,000",Universidad Pública,"4,0 años",836 €,5.0
Ingenieria Electrica,Grado en Ingeniería Eléctrica,Universidad de Valladolid,Valladolid,Presencial,"5,000",Universidad Pública,"4,0 años",1.014 €,5.0
Ingenieria Electrica,Grado en Ingeniería Eléctrica,Universidad de Castilla - La Mancha,Toledo,Presencial,"5,000",Universidad Pública,"4,0 años",1.132 €,5.0
Ingenieria Electrica,Grado en Ingeniería Eléctrica,Universidad de Cádiz,Cádiz,Presencial,"5,000",Universidad Pública,"4,0 años",757 €,5.0
Ingenieria Electrica,Grado en Ingeniería Eléctrica,Universidad de Jaén,Jaén,Presencial,"5,000",Universidad Pública,"4,0 años",757 €,5.0
Ingenieria Electrica,Doble Grado en Ingeniería Eléctrica + Ingeniería Mecánica,Universidad de Salamanca,Salamanca,Presencial,"5,000",Universidad Pública,"5,0 años",1.141 €,5.0
Ingenieria Electrica,Grado en Ingeniería Radioelectrónica,Universidad de Cádiz,Cádiz,Presencial,"5,000",Universidad Pública,"4,0 años",757 €,5.0
Ingenieria Electrica,Doble Grado en Ingeniería Eléctrica + Ingeniería Electrónica Industrial,Universidad de Jaén,Jaén,Presencial,"5,000",Universidad Pública,"5,0 años",no disponible,5.0
Ingenieria Electrica,Grado en Ingeniería Eléctrica,Universidad de León,León,Presencial,"5,000",Universidad Pública,"4,0 años",1.014 €,5.0
Ingenieria Electrica,Doble Grado en Ingeniería Eléctrica + Ingeniería Electrónica Industrial,Universidad de Cádiz,Cádiz,Presencial,"5,000",Universidad Pública,"5,0 años",757 €,5.0
Ingenieria Electrica,Grado en Ingeniería Eléctrica (Rama Industrial),Universidad de Extremadura,Badajoz,Presencial,"5,000",Universidad Pública,"4,0 años",968 €,5.0
Ingenieria Electrica,Grado en Ingeniería Eléctrica,Universidad de Almería,Almería,Presencial,"5,000",Universidad Pública,"4,0 años",757 €,5.0
Ingenieria Electrica,Grado en Ingeniería Eléctrica,Universidad de Cantabria,Cantabria,Presencial,"5,000",Universidad Pública,"4,0 años",872 €,5.0
Ingenieria Quimica,Grado en Ingeniería Química (Castellana),Universidad Politécnica de Madrid,Madrid,Presencial,"11,749",Universidad Pública,"4,0 años",1.166 €,11.749
Ingenieria Quimica,PARS en Ingeniería Química (Grado en Ingeniería Química + Máster Universitario en Ingeniería Química),Universitat Politècnica de València,Valencia,Presencial,"11,690",Universidad Pública,"5,0 años",1.040 €,11.69
Ingenieria Quimica,Grado en Ingeniería Química,Universitat Politècnica de València,Valencia,Presencial,"11,308",Universidad Pública,"4,0 años",1.040 €,11.308
Ingenieria Quimica,Doble Grado en Ingeniería Química + Ingeniería en Organización Industrial,Universidad Rey Juan Carlos,Madrid,Presencial,"11,233",Universidad Pública,"5,0 años",1.560 €,11.233
Ingenieria Quimica,Doble Grado en Ingeniería Química + Biotecnología,Universidad de Cádiz,Cádiz,Presencial,"11,196",Universidad Pública,"5,0 años",no disponible,11.196
Ingenieria Quimica,Grado en Ingeniería Química,Universidad Complutense de Madrid,Madrid,Presencial,"11,154",Universidad Pública,"4,0 años",1.166 €,11.154
Ingenieria Quimica,Grado en Ingeniería Química (Embajadores),Universidad Politécnica de Madrid,Madrid,Presencial,"11,053",Universidad Pública,"4,0 años",1.166 €,11.053
Ingenieria Quimica,Doble Grado en Ingeniería Química + Ingeniería de la Energía,Universidad Rey Juan Carlos,Madrid,Presencial,"10,949",Universidad Pública,"5,0 años",1.496 €,10.949
Ingenieria Quimica,Grado en Ingeniería Química,Universidad Rey Juan Carlos,Madrid,Presencial,"10,639",Universidad Pública,"4,0 años",1.166 €,10.639
Ingenieria Quimica,Doble Grado en Química + Ingeniería Química,Universitat de València,Valencia,Presencial,"10,578",Universidad Pública,"5,0 años",no disponible,10.578
Ingenieria Quimica,Doble Grado en Ingeniería Química + Ingeniería Ambiental,Universidad Rey Juan Carlos,Madrid,Presencial,"10,561",Universidad Pública,"5,0 años",1.501 €,10.561
Ingenieria Quimica,Grado en Ingeniería Química,Universidad Autónoma de Madrid,Madrid,Presencial,"10,545",Universidad Pública,"4,0 años",1.166 €,10.545
Ingenieria Quimica,Grado en Ingeniería Química,Universidad de Alicante,Alicante,Presencial,"10,408",Universidad Pública,"4,0 años",1.040 €,10.408
Ingenieria Quimica,Doble Grado en Química + Ingeniería Química,Universidad de Murcia,Murcia,Presencial,"10,349",Universidad Pública,"5,0 años",no disponible,10.349
Ingenieria Quimica,Grado en Ingeniería Química,Universitat de Barcelona,Barcelona,Presencial,"9,824",Universidad Pública,"4,0 años",1.108 €,9.824
Ingenieria Quimica,Grado en Ingeniería Química,Universitat de València,Valencia,Presencial,"9,818",Universidad Pública,"4,0 años",1.040 €,9.818
Ingenieria Quimica,Grado en Ingeniería Química,Universidade de Santiago de Compostela,A Coruña,Presencial,"9,362",Universidad Pública,"4,0 años",836 €,9.362
Ingenieria Quimica,Grado en Ingeniería Química,Universidad del País Vasco,Vizcaya,Presencial,"9,324",Universidad Pública,"4,0 años",1.094 €,9.324
Ingenieria Quimica,Grado en Ingeniería Química,Universitat Jaume I,Castellón,Presencial,"9,286",Universidad Pública,"4,0 años",1.040 €,9.286
Ingenieria Quimica,Grado en Ingeniería Química,Universitat Politècnica de València,Alicante,Presencial,"9,119",Universidad Pública,"4,0 años",1.040 €,9.119
Ingenieria Quimica,Grado en Ingeniería Química,Universitat Politècnica de Catalunya,Barcelona,Presencial,"8,950",Universidad Pública,"4,0 años",1.108 €,8.95
Ingenieria Quimica,Grado en Ingeniería Química,Universitat Autònoma de Barcelona,Barcelona,Presencial,"8,634",Universidad Pública,"4,0 años",1.108 €,8.634
Ingenieria Quimica,Grado en Ingeniería Química,Universitat Politècnica de Catalunya,Barcelona,Presencial,"8,096",Universidad Pública,"4,0 años",1.108 €,8.096
Ingenieria Quimica,Grado en Ingeniería Química,Universidad de Cantabria,Cantabria,Presencial,"8,062",Universidad Pública,"4,0 años",872 €,8.062
Ingenieria Quimica,Grado en Ingeniería Química,Universitat Rovira i Virgili,Tarragona,Presencial,"7,811",Universidad Pública,"4,0 años",1.108 €,7.811
Ingenieria Quimica,Grado en Ingeniería Química,Universidad de Sevilla,Sevilla,Presencial,"7,210",Universidad Pública,"4,0 años",757 €,7.21
Ingenieria Quimica,Grado en Ingeniería Química,Universitat de Girona,Girona,Presencial,"7,191",Universidad Pública,"4,0 años",1.108 €,7.191
Ingenieria Quimica,Grado en Ingeniería Química,Universitat Politècnica de Catalunya,Barcelona,Presencial,"6,888",Universidad Pública,"4,0 años",1.108 €,6.888
Ingenieria Quimica,Grado en Ingeniería Química,Universidad de Cádiz,Cádiz,Presencial,"6,886",Universidad Pública,"4,0 años",757 €,6.886
Ingenieria Quimica,Grado en Ingeniería Química,Universitat de Lleida,Barcelona,Presencial,"6,168",Universidad Pública,"4,0 años",1.108 €,6.168
Ingenieria Quimica,Grado en Ingeniería Química Industrial,Universidad de Sevilla,Sevilla,Presencial,"6,117",Universidad Pública,"4,0 años",757 €,6.117
Ingenieria Quimica,Grado en Ingeniería Química,Universidad de Castilla - La Mancha,Ciudad Real,Presencial,"5,000",Universidad Pública,"4,0 años",1.132 €,5.0
Ingenieria Quimica,Grado en Ingeniería Química Industrial,Universidad de Extremadura,Badajoz,Presencial,"5,000",Universidad Pública,"4,0 años",968 €,5.0
Ingenieria Quimica,Grado en Ingeniería Química,Universidad de Granada,Granada,Presencial,"5,000",Universidad Pública,"4,0 años",757 €,5.0
Ingenieria Quimica,Grado en Ingeniería de Procesos Químicos Industriales,Universidade de Santiago de Compostela,Lugo,Presencial,"5,000",Universidad Pública,"4,0 años",836 €,5.0
Ingenieria Quimica,Grado en Ingeniería Química Industrial,Universidad de Almería,Almería,Presencial,"5,000",Universidad Pública,"4,0 años",757 €,5.0
Ingenieria Quimica,Doble Grado en Ingeniería en Recursos Energéticos + Ingeniería Química Industrial,Universidad de Jaén,Jaén,Presencial,"5,000",Universidad Pública,"5,0 años",no disponible,5.0
Ingenieria Quimica,Grado en Ingeniería Química,Universidad de Las Palmas de Gran Canaria,Las Palmas,Presencial,"5,000",Universidad Pública,"4,0 años",875 €,5.0
Ingenieria Quimica,Grado en Ingeniería Química Industrial,Universidad de La Laguna,Tenerife,Presencial,"5,000",Universidad Pública,"4,0 años",875 €,5.0
Ingenieria Quimica,Grado en Ingeniería Química,Universidad de Zaragoza,Zaragoza,Presencial,"5,000",Universidad Pública,"4,0 años",1.190 €,5.0
Ingenieria Quimica,Grado en Ingeniería Química,Universidad de Murcia,Murcia,Presencial,"5,000",Universidad Pública,"4,0 años",1.007 €,5.0
Ingenieria Quimica,Grado en Ingeniería Química Industrial,Universidad del País Vasco,Álava,Presencial,"5,000",Universidad Pública,"4,0 años",1.094 €,5.0
Ingenieria Quimica,Grado en Ingeniería Química,Universidad de Valladolid,Valladolid,Presencial,"5,000",Universidad Pública,"4,0 años",1.014 €,5.0
Ingenieria Quimica,Grado en Ingeniería Química Industrial,Universidad de Oviedo,Asturias,Presencial,"5,000",Universidad Pública,"4,0 años",738 €,5.0
Ingenieria Quimica,Grado en Ingeniería Química Industrial,Universidad de Las Palmas de Gran Canaria,Las Palmas,Presencial,"5,000",Universidad Pública,"4,0 años",875 €,5.0
Ingenieria Quimica,Grado en Ingeniería Química,Universidad de Salamanca,Salamanca,Presencial,"5,000",Universidad Pública,"4,0 años",1.014 €,5.0
Ingenieria Quimica,Grado en Ingeniería Química Industrial,Universidad de Jaén,Jaén,Presencial,"5,000",Universidad Pública,"4,0 años",757 €,5.0
Ingenieria Quimica,Grado en Ingeniería Química,Universidad de Oviedo,Asturias,Presencial,"5,000",Universidad Pública,"4,0 años",738 €,5.0
Ingenieria Quimica,Grado en Ingeniería Química Industrial,Universidad Politécnica de Cartagena,Murcia,Presencial,"5,000",Universidad Pública,"4,0 años",1.007 €,5.0
Ingenieria Quimica,Grado en Ingeniería en Química Industrial,Universidade de Vigo,Pontevedra,Presencial,"5,000",Universidad Pública,"4,0 años",836 €,5.0
Ingenieria Aeroespacial,PARS en Ingeniería Aeronáutica (Grado en Ingeniería Aeroespacial + Máster Universitario en Ingeniería Aeronáutica),Universitat Politècnica de València,Valencia,Presencial,"13,335",Universidad Pública,"5,0 años",1.040 €,13.335
Ingenieria Aeroespacial,Grado en Ingeniería Aeroespacial,Universitat Politècnica de València,Valencia,Presencial,"13,331",Universidad Pública,"4,0 años",1.040 €,13.331
Ingenieria Aeroespacial,Grado en Ingeniería Aeroespacial,Universidad Carlos III de Madrid,Madrid,Presencial,"13,300",Universidad Pública,"4,0 años",1.166 €,13.3
Ingenieria Aeroespacial,Grado en Ingeniería Aeroespacial,Universidad de Sevilla,Sevilla,Presencial,"13,212",Universidad Pública,"4,0 años",757 €,13.212
Ingenieria Aeroespacial,Grado en Ingeniería de Tecnologías Aeroespaciales + Máster Universitario en Ingeniería Aeronáutica (Programa de Ingeniero Aeronáutico),Universidad Politécnica de Madrid,Madrid,Presencial,"13,178",Universidad Pública,"4,0 años",no disponible,13.178
Ingenieria Aeroespacial,Grado en Ingeniería en Tecnologías Aeroespaciales + Máster Universitario en Ingeniería Aeronáutica (Programa Ingeniero/a Aeronáutico/a),Universitat Politècnica de Catalunya,Barcelona,Presencial,"12,858",Universidad Pública,"4,0 años",1.108 €,12.858
Ingenieria Aeroespacial,Grado en Ingeniería Aeroespacial,Universidad de León,León,Presencial,"12,708",Universidad Pública,"4,0 años",1.014 €,12.708
Ingenieria Aeroespacial,Grado en Ingeniería Aeroespacial,Universidad de Alicante,Alicante,Presencial,"12,673",Universidad Pública,"4,0 años",1.040 €,12.673
Ingenieria Aeroespacial,Doble Grado en Ingeniería en Tecnologías de la Telecomunicación + Ingeniería Aeroespacial en Aeronavegación,Universidad Rey Juan Carlos,Madrid,Presencial,"12,602",Universidad Pública,"6,0 años",1.749 €,12.602
Ingenieria Aeroespacial,Grado en Ingeniería de Vehículos Aeroespaciales,Universitat Politècnica de Catalunya,Barcelona,Presencial,"12,558",Universidad Pública,"4,0 años",1.108 €,12.558
Ingenieria Aeroespacial,Grado en Ingeniería Aeroespacial,Universidad Politécnica de Madrid,Madrid,Presencial,"12,425",Universidad Pública,"4,0 años",1.166 €,12.425
Ingenieria Aeroespacial,Grado en Ingeniería Aeroespacial + Máster Universitario en Ingeniería Aeronáutica (PARS Aeronáutica),Universidade de Vigo,Pontevedra,Presencial,"12,348",Universidad Pública,"4,0 años",no disponible,12.348
Ingenieria Aeroespacial,Grado en Ingeniería de Tecnologías Aeroespaciales,Universidad Politécnica de Madrid,Madrid,Presencial,"12,275",Universidad Pública,"4,0 años",1.166 €,12.275
Ingenieria Aeroespacial,Grado en Ingeniería Aeroespacial,Universidad de Cádiz,Cádiz,Presencial,"12,274",Universidad Pública,"4,0 años",757 €,12.274
Ingenieria Aeroespacial,Grado en Ingeniería Aeroespacial,Universidade de Vigo,Ourense,Presencial,"12,064",Universidad Pública,"4,0 años",836 €,12.064
Ingenieria Aeroespacial,Grado en Ingeniería Aeroespacial,Universidad Rey Juan Carlos,Madrid,Presencial,"12,054",Universidad Pública,"4,0 años",1.166 €,12.054
Ingenieria Aeroespacial,Grado en Ingeniería Aeroespacial,Universidad de Castilla - La Mancha,Toledo,Presencial,"11,830",Universidad Pública,"4,0 años",1.132 €,11.83
Ingenieria Aeroespacial,Grado en Ingeniería de Satélites,Universitat Politècnica de Catalunya,Barcelona,Presencial,"10,592",Universidad Pública,"4,0 años",1.108 €,10.592
Ingenieria Aeroespacial,Grado en Ingeniería de Sistemas Aeroespaciales,Universitat Politècnica de Catalunya,Barcelona,Presencial,"10,228",Universidad Pública,"4,0 años",1.108 €,10.228
Ingenieria Aeroespacial,Doble Grado en Ingeniería de Sistema Aeroespaciales + Ingeniería de Sistemas de Telecomunicación o Ingeniería Telemática,Universitat Politècnica de Catalunya,Barcelona,Presencial,"10,042",Universidad Pública,"5,0 años",no disponible,10.042
Ingenieria Biomedica,Grado en Ingeniería Biomédica + Máster Universitario en Ingeniería Biomédica (Programa de Ingeniero/a Biomédico/a),Universidad Politécnica de Madrid,Madrid,Presencial,"13,184",Universidad Pública,"4,0 años",1.166 €,13.184
Ingenieria Biomedica,Grado en Ingeniería Biomédica,Universitat Politècnica de València,Valencia,Presencial,"12,886",Universidad Pública,"4,0 años",1.040 €,12.886
Ingenieria Biomedica,Grado en Ingeniería Biomédica,Universidad Carlos III de Madrid,Madrid,Presencial,"12,825",Universidad Pública,"4,0 años",1.166 €,12.825
Ingenieria Biomedica,Grado en Ingeniería Biomédica,Universidad Politécnica de Madrid,Madrid,Presencial,"12,704",Universidad Pública,"4,0 años",1.166 €,12.704
Ingenieria Biomedica,Grado en Ingeniería Biomédica,Universidad Autónoma de Madrid,Madrid,Presencial,"12,611",Universidad Pública,"4,0 años",1.241 €,12.611
Ingenieria Biomedica,Grado en Ingeniería Biomédica,Universidad de Alicante,Alicante,Presencial,"12,511",Universidad Pública,"4,0 años",1.040 €,12.511
Ingenieria Biomedica,Grado en Ingeniería Biomédica,Universidad Rey Juan Carlos,Madrid,Presencial,"12,511",Universidad Pública,"4,0 años",1.166 €,12.511
Ingenieria Biomedica,Grado en Ingeniería Biomédica,Universitat de Barcelona,Barcelona,Presencial,"12,454",Universidad Pública,"4,0 años",1.108 €,12.454
Ingenieria Biomedica,Grado en Ingeniería Biomédica,Universidad de Valladolid,Valladolid,Presencial,"12,290",Universidad Pública,"4,0 años",734 €,12.29
Ingenieria Biomedica,Grado en Ingeniería Biomédica,Universidad Rey Juan Carlos,Madrid,Presencial,"12,186",Universidad Pública,"4,0 años",1.241 €,12.186
Ingenieria Biomedica,Grado en Ingeniería Biomédica,Universitat Pompeu Fabra,Barcelona,Presencial,"12,170",Universidad Pública,"4,0 años",1.108 €,12.17
Ingenieria Biomedica,Doble Grado en Ingeniería en Tecnologías de Telecomunicación + Ingeniería Biomédica,Universidad Pública de Navarra,Navarra,Presencial,"12,151",Universidad Pública,"5,0 años",1.382 €,12.151
Ingenieria Biomedica,Grado en Ingeniería Biomédica,Universidad Pública de Navarra,Navarra,Presencial,"12,067",Universidad Pública,"4,0 años",1.283 €,12.067
Ingenieria Biomedica,Doble Grado en Ingeniería Biomédica + Ingeniería Electrónica Industrial y Automática,Universidad Politécnica de Cartagena,Murcia,Presencial,"12,000",Universidad Pública,"5,0 años",no disponible,12.0
Ingenieria Biomedica,Grado en Ingeniería Biomédica,Universidade de Vigo,Pontevedra,Presencial,"11,788",Universidad Pública,"4,0 años",836 €,11.788
Ingenieria Biomedica,Doble Grado en Ingeniería Biomédica + Ingeniería de Sistemas y Servicios de Telecomunicaciones,Universitat Rovira i Virgili,Tarragona,Presencial,"11,720",Universidad Pública,"5,0 años",1.218 €,11.72
Ingenieria Biomedica,Grado en Ingeniería Biomédica,Universitat Politècnica de Catalunya,Barcelona,Presencial,"11,684",Universidad Pública,"4,0 años",1.108 €,11.684
Ingenieria Biomedica,Doble Grado en Ingeniería Biomédica + Grado en Ingeniería Mecánica,Universidade de Vigo,Pontevedra,Presencial,"11,672",Universidad Pública,"6,0 años",836 €,11.672
Ingenieria Biomedica,Doble Grado en Ingeniería Biomédica + Ingeniería en Electrónica Industrial y Automática,Universidade de Vigo,Pontevedra,Presencial,"11,084",Universidad Pública,"5,0 años",836 €,11.084
Ingenieria Biomedica,Grado en Ingeniería Biomédica,Universidad de Zaragoza,Zaragoza,Presencial,"10,930",Universidad Pública,"4,0 años",1.190 €,10.93
Ingenieria Biomedica,Grado en Ingeniería Biomédica,Universidad Politécnica de Cartagena,Murcia,Presencial,"10,223",Universidad Pública,"4,0 años",1.007 €,10.223
Ingenieria Biomedica,Grado en Ingeniería Biomédica,Universitat de Girona,Girona,Presencial,"10,064",Universidad Pública,"4,0 años",1.108 €,10.064
Ingenieria Biomedica,Grado en Ingeniería Biomédica,Universitat Rovira i Virgili,Tarragona,Presencial,"9,942",Universidad Pública,"4,0 años",1.108 €,9.942
Ingenieria Biomedica,Grado en Ingeniería Biomédica,Universidad de Las Palmas de Gran Canaria,Islas Canarias,Presencial,"9,776",Universidad Pública,"4,0 años",875 €,9.776
Ingenieria Biomedica,Grado en Ingeniería Biomédica,Universidad de Castilla - La Mancha,Cuenca,Presencial,"9,607",Universidad Pública,"4,0 años",1.230 €,9.607
Ingenieria Biomedica,Grado en Ingeniería de la Salud,Universidad de Burgos,Burgos,Presencial,"8,532",Universidad Pública,"4,0 años",1.014 €,8.532
Ingenieria Biomedica,Grado en Ingeniería Biomédica + Máster en Ingeniería Biomédica (PARS Ingeniería Biomédica),Universidade de Vigo,Pontevedra,Presencial,"7,954",Universidad Pública,"6,0 años",no disponible,7.954
Ingenieria Biomedica,Grado en Ingeniería Biomédica,Universidad de Jaén,Jaén,Presencial,"5,000",Universidad Pública,"4,0 años",757 €,5.0
Economia,Doble Grado en Estudios Internacionales + Economía,Universidad Carlos III de Madrid,Madrid,Presencial,"13,132",Universidad Pública,"5,0 años",no disponible,13.132
Economia,Doble Grado en Economía + Matemáticas y Ciencia de Datos,Universidad Complutense de Madrid,Madrid,Presencial,"12,975",Universidad Pública,"6,0 años",no disponible,12.975
Economia,Doble Grado en Economía + Relaciones Internacionales,Universidad Complutense de Madrid,Madrid,Presencial,"12,970",Universidad Pública,,no disponible,12.97
Economia,Doble Grado en Economía + Matemáticas,Universidad Rey Juan Carlos,Madrid,Presencial,"12,764",Universidad Pública,"5,0 años",no disponible,12.764
Economia,Doble Grado en Derecho + Economía,Universidad Carlos III de Madrid,Madrid,Presencial,"12,739",Universidad Pública,"6,0 años",no disponible,12.739
Economia,Grado en Estudios Internacionales de Economía y Empresa (International Business Economics),Universitat Pompeu Fabra,Barcelona,Presencial,"12,470",Universidad Pública,"4,0 años",1.061 €,12.47
Economia,Doble Grado en Derecho + Economía,Universidad de Sevilla,Sevilla,Presencial,"12,422",Universidad Pública,"5,0 años",1.136 €,12.422
Economia,Doble Grado en Negocios + Economía (Double Bachelor's Degree in Business and Economics),Universidad del País Vasco,Vizcaya,Presencial,"12,375",Universidad Pública,"5,0 años",823 €,12.375
Economia,Doble Grado en Administración y Dirección  de Empresas + Economía,Universidad de Cantabria,Cantabria,Presencial,"12,345",Universidad Pública,"5,0 años",701 €,12.345
Economia,Grado en Inteligencia y Analítica de Negocios,Universitat de València,Valencia,Presencial,"12,276",Universidad Pública,"4,0 años",767 €,12.276
Economia,Doble Grado en Relaciones Internacionales + Economía,Universidad Rey Juan Carlos,Madrid,Presencial,"12,267",Universidad Pública,"5,0 años",1.396 €,12.267
Economia,Grado en Tecnologías Industriales y Análisis Económico + Máster Universitario en Ingeniería Industrial (Programa de Ingeniero/a Industrial y Análisis Económico),Universitat Politècnica de Catalunya,Barcelona,Presencial,"12,250",Universidad Pública,"4,0 años",1.108 €,12.25
Economia,Doble Grado en Derecho + Administración y Dirección de Empresas/Economía,Universitat Pompeu Fabra,Barcelona,Presencial,"12,224",Universidad Pública,"5,0 años",1.698 €,12.224
Economia,Doble Grado en Economía + Derecho,Universidad Rey Juan Carlos,Madrid,Presencial,"12,190",Universidad Pública,"5,0 años",1.258 €,12.19
Economia,Doble Grado en Economía + Derecho,Universidad Rey Juan Carlos,Madrid,Presencial,"12,086",Universidad Pública,"5,0 años",1.454 €,12.086
Economia,Grado en Economía y Negocios Internacionales,Universidad de Alcalá,Madrid,Presencial,"11,918",Universidad Pública,"4,0 años",1.015 €,11.918
Economia,Doble Grado en Administración y Dirección de Empresas + Economía Internacional,Universidad Pública de Navarra,Navarra,Presencial,"11,722",Universidad Pública,"5,0 años",1.268 €,11.722
Economia,Doble Grado en Economía + Derecho,Universidad Rey Juan Carlos,Madrid,Presencial,"11,700",Universidad Pública,"5,0 años",no disponible,11.7
Economia,Doble Grado en Derecho + Economía,Universitat de València,Valencia,Presencial,"11,686",Universidad Pública,"5,0 años",no disponible,11.686
Economia,Grado en Economía,Universidad Carlos III de Madrid,Madrid,Presencial,"11,647",Universidad Pública,"4,0 años",1.015 €,11.647
Economia,Doble Grado en Economía Financiera y Actuarial + Economía,Universidad Rey Juan Carlos,Madrid,Presencial,"11,553",Universidad Pública,"5,0 años",1.502 €,11.553
Economia,Grado en Economía y Finanzas,Universidad Autónoma de Madrid,Madrid,Presencial,"11,423",Universidad Pública,"4,0 años",1.015 €,11.423
Economia,Doble Grado en Filosofía + Economía,Universidad Rey Juan Carlos,Madrid,Presencial,"11,323",Universidad Pública,"6,0 años",no disponible,11.323
Economia,Doble Grado en Economía + Periodismo,Universidad Rey Juan Carlos,Madrid,Presencial,"11,264",Universidad Pública,"5,0 años",1.258 €,11.264
Economia,Doble Grado en Economía +  Administración y Dirección de Empresas,Universidad de Málaga,Málaga,Presencial,"11,237",Universidad Pública,"4,0 años",712 €,11.237
Economia,Doble Grado en Economía + Estadística,Universitat de Barcelona,Barcelona,Presencial,"11,156",Universidad Pública,"5,0 años",1.380 €,11.156
Economia,Doble Grado en Economia + Estadística (Interuniversitaria UPC-UB),Universitat Politècnica de Catalunya,Barcelona,Presencial,"11,156",Universidad Pública,"5,0 años",no disponible,11.156
Economia,Doble Grado en Economía Financiera y Actuarial + Economía,Universidad Rey Juan Carlos,Madrid,Presencial,"10,889",Universidad Pública,"5,0 años",no disponible,10.889
Economia,Doble Grado en Economía + Matemáticas,Universidad de Almería,Almería,Presencial,"10,868",Universidad Pública,"5,0 años",757 €,10.868
Economia,Doble Grado en Economía + Historia,Universidad Rey Juan Carlos,Madrid,Presencial,"10,765",Universidad Pública,"5,0 años",1.454 €,10.765
Economia,Grado en Economía,Universitat Pompeu Fabra,Barcelona,Presencial,"10,664",Universidad Pública,"4,0 años",1.061 €,10.664
Economia,Grado en Economía,Universidad Complutense de Madrid,Madrid,Presencial,"10,250",Universidad Pública,"4,0 años",1.015 €,10.25
Economia,Doble Grado en Economía + Administración y Dirección de Empresas,Universitat de Girona,Girona,Presencial,"9,970",Universidad Pública,"5,0 años",1.061 €,9.97
Economia,Doble Grado en Ciencia Política y Gestión Pública + Economía,Universidad Rey Juan Carlos,Madrid,Presencial,"9,936",Universidad Pública,"5,0 años",1.345 €,9.936
Economia,Grado en Economía,Universidad Autónoma de Madrid,Madrid,Presencial,"9,811",Universidad Pública,"4,0 años",1.015 €,9.811
Economia,"Grado en Gestión, Tecnología y Moda (Bachelor in Fashion Management and Technology)",Universidad Miguel Hernández de Elche,Alicante,Presencial,"9,586",Universidad Pública,"4,0 años",767 €,9.586
Economia,Grado en Economía Financiera y Actuarial,Universidad Rey Juan Carlos,Madrid,Presencial,"9,512",Universidad Pública,"4,0 años",1.015 €,9.512
Economia,Grado en Economía,Universitat Autònoma de Barcelona,Barcelona,Presencial,"9,486",Universidad Pública,"4,0 años",1.061 €,9.486
Economia,Grado en Economía,Universitat de València,Valencia,Presencial,"9,479",Universidad Pública,"4,0 años",767 €,9.479
Economia,Grado en Economía,Universidad Rey Juan Carlos,Madrid,Presencial,"9,265",Universidad Pública,"4,0 años",1.015 €,9.265
Economia,Grado en Economía,Universidad Complutense de Madrid,Madrid,Presencial,"9,211",Universidad Pública,"4,0 años",1.015 €,9.211
Economia,Grado en Economía,Universidad Rey Juan Carlos,Madrid,Presencial,"9,200",Universidad Pública,"4,0 años",1.015 €,9.2
Economia,Grado en Economía,Universidad de Alicante,Alicante,Presencial,"9,151",Universidad Pública,"4,0 años",767 €,9.151
Economia,Grado en Economía,Universidad Rey Juan Carlos,Madrid,Presencial,"9,091",Universidad Pública,"4,0 años",1.015 €,9.091
Economia,Grado en Economía,Universitat de Barcelona,Barcelona,Presencial,"9,084",Universidad Pública,"4,0 años",1.061 €,9.084
Economia,Grado en Economía,Universitat Autònoma de Barcelona,Barcelona,Presencial,"9,020",Universidad Pública,"4,0 años",1.061 €,9.02
Economia,Grado en Economía,Universidad de Alcalá,Madrid,Presencial,"8,902",Universidad Pública,"4,0 años",1.015 €,8.902
Economia,Doble Grado en Gestión y Administración Pública + Economía,Universidad Complutense de Madrid,Madrid,Presencial,"8,900",Universidad Pública,"6,0 años",1.015 €,8.9
Economia,Grado en Economía (grupo bilingüe),Universidad Autónoma de Madrid,Madrid,Presencial,"8,889",Universidad Pública,"4,0 años",1.015 €,8.889
Economia,Grado en Economía,Universidad de Salamanca,Salamanca,Presencial,"8,875",Universidad Pública,"4,0 años",678 €,8.875
Ciencias Politicas Y De La Administracion Publica,Doble Grado en Relaciones Internacionales + Ciencias Políticas y de la Administración,Universidad Pablo de Olavide,Sevilla,Presencial,"13,055",Universidad Pública,"5,0 años",no disponible,13.055
Ciencias Politicas Y De La Administracion Publica,Doble Grado en Estudios Internacionales + Ciencias Políticas,Universidad Carlos III de Madrid,Madrid,Presencial,"12,964",Universidad Pública,"5,0 años",no disponible,12.964
Ciencias Politicas Y De La Administracion Publica,"Grado en Filosofía, Política y Economía (interuniversitario UC3M-UAB-UPF-UAM)",Universidad Carlos III de Madrid,Madrid,Presencial,"12,764",Universidad Pública,"4,0 años",1.015 €,12.764
Ciencias Politicas Y De La Administracion Publica,Doble Grado en Relaciones Internacionales + Ciencia Política y Gestión Pública,Universidad Rey Juan Carlos,Madrid,Presencial,"12,688",Universidad Pública,"5,0 años",1.396 €,12.688
Ciencias Politicas Y De La Administracion Publica,"Grado en Filosofía, Política y Economía (Interuniversitario UPF-UC3M-UAM)",Universitat Pompeu Fabra,Barcelona,Presencial,"12,260",Universidad Pública,"4,0 años",1.061 €,12.26
Ciencias Politicas Y De La Administracion Publica,"Grado en Filosofía, Política y Economía (Interuniversitario UAM-UAB-UC3M-UPF)",Universidad Autónoma de Madrid,Madrid,Presencial,"12,222",Universidad Pública,"4,0 años",1.015 €,12.222
Ciencias Politicas Y De La Administracion Publica,Grado en Ciencia Política y Administración Pública (Mención en Relaciones Internacionales y Unión Europea),Universidad Autónoma de Madrid,Madrid,Presencial,"12,178",Universidad Pública,"4,0 años",no disponible,12.178
Ciencias Politicas Y De La Administracion Publica,Doble Grado en Derecho + Ciencias Políticas,Universidad Carlos III de Madrid,Madrid,Presencial,"11,800",Universidad Pública,"6,0 años",no disponible,11.8
Ciencias Politicas Y De La Administracion Publica,Doble Grado en Derecho + Ciencias Políticas y de la Administración Pública,Universitat de València,Valencia,Presencial,"11,454",Universidad Pública,"5,0 años",no disponible,11.454
Ciencias Politicas Y De La Administracion Publica,Doble Grado en Derecho + Ciencia Política y Administración Pública,Universidad de Salamanca,Salamanca,Presencial,"11,293",Universidad Pública,"6,0 años",916 €,11.293
Ciencias Politicas Y De La Administracion Publica,Doble Grado en Ciencias Políticas y de la Administración + Derecho,Universitat de Barcelona,Barcelona,Presencial,"11,006",Universidad Pública,"5,0 años",1.238 €,11.006
Ciencias Politicas Y De La Administracion Publica,Doble Grado en Derecho + Ciencia Política y Gestión Pública,Universitat Autònoma de Barcelona,Barcelona,Presencial,"10,868",Universidad Pública,,1.061 €,10.868
Ciencias Politicas Y De La Administracion Publica,Doble Grado en Derecho + Ciencias Políticas y de la Administración,Universidad Pablo de Olavide,Sevilla,Presencial,"10,708",Universidad Pública,"5,0 años",no disponible,10.708
Ciencias Politicas Y De La Administracion Publica,Doble Grado en Derecho + Ciencias Políticas,Universidad Complutense de Madrid,Madrid,Presencial,"10,329",Universidad Pública,"5,0 años",no disponible,10.329
Ciencias Politicas Y De La Administracion Publica,Doble Grado en Ciencia Política y Gestión Pública + Derecho,Universidad Rey Juan Carlos,Madrid,Presencial,"10,186",Universidad Pública,"5,0 años",1.015 €,10.186
Ciencias Politicas Y De La Administracion Publica,Doble Grado en Ciencia Política y Gestión Pública + Periodismo,Universidad Rey Juan Carlos,Madrid,Presencial,"9,994",Universidad Pública,"5,0 años",1.421 €,9.994
Ciencias Politicas Y De La Administracion Publica,Doble Grado en Ciencia Política y Gestión Pública + Derecho,Universidad Rey Juan Carlos,Madrid,Presencial,"9,975",Universidad Pública,"5,0 años",no disponible,9.975
Ciencias Politicas Y De La Administracion Publica,Doble Grado en Ciencia Política y Gestión Pública + Economía,Universidad Rey Juan Carlos,Madrid,Presencial,"9,936",Universidad Pública,"5,0 años",1.345 €,9.936
Ciencias Politicas Y De La Administracion Publica,Grado en Ciencias Políticas,Universidad Carlos III de Madrid,Madrid,Presencial,"9,860",Universidad Pública,"4,0 años",1.015 €,9.86
Ciencias Politicas Y De La Administracion Publica,Doble Grado en Ciencia Política y Gestión Pública + Sociología,Universitat Autònoma de Barcelona,Barcelona,Presencial,"9,584",Universidad Pública,"5,0 años",1.168 €,9.584
Ciencias Politicas Y De La Administracion Publica,Doble Grado en Derecho + Ciencias Políticas y de la Administración,Universitat de Girona,Girona,Presencial,"9,408",Universidad Pública,"5,0 años",1.061 €,9.408
Ciencias Politicas Y De La Administracion Publica,Doble Grado en Ciencia Política y Gestión Pública + Sociología,Universidad del País Vasco,Vizcaya,Presencial,"9,188",Universidad Pública,"5,0 años",805 €,9.188
Ciencias Politicas Y De La Administracion Publica,Grado en Ciencia Política y Administración Pública (Mención en Gobierno y Dirección Pública),Universidad Autónoma de Madrid,Madrid,Presencial,"8,980",Universidad Pública,"4,0 años",no disponible,8.98
Ciencias Politicas Y De La Administracion Publica,Doble Grado en Ciencias Políticas y de la Administración (GR) + Periodismo (MA),Universidad de Málaga,Málaga,Presencial,"8,928",Universidad Pública,"5,0 años",757 €,8.928
Ciencias Politicas Y De La Administracion Publica,Doble Grado en Gestión y Administración Pública + Economía,Universidad Complutense de Madrid,Madrid,Presencial,"8,900",Universidad Pública,"6,0 años",1.015 €,8.9
Ciencias Politicas Y De La Administracion Publica,"Grado en Historia, Política y Economía Contemporánea",Universitat Autònoma de Barcelona,Barcelona,Presencial,"8,873",Universidad Pública,"3,0 años",1.061 €,8.873
Ciencias Politicas Y De La Administracion Publica,Doble Grado en Ciencias Políticas + Sociología,Universidad Carlos III de Madrid,Madrid,Presencial,"8,764",Universidad Pública,"5,0 años",no disponible,8.764
Ciencias Politicas Y De La Administracion Publica,Doble Grado en Derecho + Ciencia Política y Administración Pública,Universidad Autónoma de Madrid,Madrid,Presencial,"8,582",Universidad Pública,"5,0 años",no disponible,8.582
Ciencias Politicas Y De La Administracion Publica,Grado en Gestión y Administración Pública,Universitat Politècnica de València,Valencia,Presencial,"8,452",Universidad Pública,"4,0 años",767 €,8.452
Ciencias Politicas Y De La Administracion Publica,Doble Grado en Derecho + Gestión y Administración Pública,Universidad de Almería,Almería,Presencial,"8,371",Universidad Pública,"5,0 años",757 €,8.371
Ciencias Politicas Y De La Administracion Publica,Grado en Ciencia Política y Administración Pública,Universidad Autónoma de Madrid,Madrid,Presencial,"8,315",Universidad Pública,"4,0 años",1.015 €,8.315
Ciencias Politicas Y De La Administracion Publica,Doble Grado en Ciencias Políticas y de la Administración + Derecho,Universidad de Granada,Granada,Presencial,"8,180",Universidad Pública,"4,0 años",no disponible,8.18
Ciencias Politicas Y De La Administracion Publica,Grado en Ciencias Políticas y de la Administración,Universitat Pompeu Fabra,Barcelona,Presencial,"8,178",Universidad Pública,"4,0 años",1.061 €,8.178
Ciencias Politicas Y De La Administracion Publica,Grado en Ciencias Políticas y de la Administración,Universitat de Barcelona,Barcelona,Presencial,"8,164",Universidad Pública,"4,0 años",1.061 €,8.164
Ciencias Politicas Y De La Administracion Publica,Doble Grado en Ciencia Política y Gestión Pública + Economía,Universidad Rey Juan Carlos,Madrid,Presencial,"7,900",Universidad Pública,"5,0 años",1.345 €,7.9
Ciencias Politicas Y De La Administracion Publica,Grado en Ciencia Política y Gestión Pública,Universitat Autònoma de Barcelona,Barcelona,Presencial,"7,833",Universidad Pública,"4,0 años",1.061 €,7.833
Ciencias Politicas Y De La Administracion Publica,Grado en Ciencias Políticas y de la Administración Pública,Universitat de València,Valencia,Presencial,"7,578",Universidad Pública,"4,0 años",767 €,7.578
Ciencias Politicas Y De La Administracion Publica,Grado en Ciencias Políticas y de la Administración,Universidad Pablo de Olavide,Sevilla,Presencial,"7,470",Universidad Pública,"4,0 años",757 €,7.47
Ciencias Politicas Y De La Administracion Publica,Doble Grado en Ciencia Política y Gestión Pública + Periodismo,Universidad Rey Juan Carlos,Madrid,Presencial,"6,919",Universidad Pública,"5,0 años",1.421 €,6.919
Ciencias Politicas Y De La Administracion Publica,Grado en Gestión y Administración Pública,Universidad de Alicante,Alicante,Presencial,"6,835",Universidad Pública,"4,0 años",767 €,6.835
Ciencias Politicas Y De La Administracion Publica,Grado en Gestión y Administración Pública,Universitat de Barcelona,Barcelona,Presencial,"6,792",Universidad Pública,"4,0 años",1.061 €,6.792
Ciencias Politicas Y De La Administracion Publica,Doble Grado en Ciencias Políticas y Gestión Pública + Administración y Dirección de Empresas (ADE),Universidad Miguel Hernández de Elche,Alicante,Presencial,"6,642",Universidad Pública,"5,0 años",987 €,6.642
Ciencias Politicas Y De La Administracion Publica,Grado en Gestión y Administración Pública,Universitat Jaume I,Castellón,Presencial,"6,502",Universidad Pública,"4,0 años",767 €,6.502
Ciencias Politicas Y De La Administracion Publica,Grado en Ciencias Políticas y de la Administración,Universitat de Girona,Girona,Presencial,"6,022",Universidad Pública,"4,0 años",1.061 €,6.022
Ciencias Politicas Y De La Administracion Publica,Grado en Estudios Globales (Global Studies),Universitat de Girona,Girona,Presencial,"5,911",Universidad Pública,"4,0 años",1.108 €,5.911
Ciencias Politicas Y De La Administracion Publica,Grado en Ciencias Políticas y Gestión Pública,Universidad Miguel Hernández de Elche,Alicante,Presencial,"5,909",Universidad Pública,"4,0 años",767 €,5.909
Ciencias Politicas Y De La Administracion Publica,Grado en Ciencia Política y Gestión Pública,Universidad Rey Juan Carlos,Madrid,Presencial,"5,865",Universidad Pública,"4,0 años",1.015 €,5.865
Ciencias Politicas Y De La Administracion Publica,Grado en Gestión de Ciudades Inteligentes y Sostenibles,Universitat Autònoma de Barcelona,Barcelona,Presencial,"5,386",Universidad Pública,"4,0 años",1.108 €,5.386
Ciencias Politicas Y De La Administracion Publica,Doble Grado en Filosofía + Ciencia Política y Gestión Pública,Universidad Rey Juan Carlos,Madrid,Presencial,"5,375",Universidad Pública,"6,0 años",no disponible,5.375
Ciencias Politicas Y De La Administracion Publica,Grado en Gestión y Administración Pública,Universidad Complutense de Madrid,Madrid,Presencial,"5,011",Universidad Pública,"4,0 años",1.015 €,5.011
Comunicacion Audiovisual,Doble Grado en Periodismo + Comunicación Audiovisual,Universidad de Sevilla,Sevilla,Presencial,"12,674",Universidad Pública,"5,0 años",984 €,12.674
Comunicacion Audiovisual,Doble Grado en Comunicación Audiovisual + Periodismo,Universidade de Santiago de Compostela,A Coruña,Presencial,"12,418",Universidad Pública,"5,0 años",600 €,12.418
Comunicacion Audiovisual,Doble Grado en Comunicación Audiovisual + Periodismo,Universidad del País Vasco,Vizcaya,Presencial,"11,918",Universidad Pública,"5,0 años",805 €,11.918
Comunicacion Audiovisual,Doble Grado en Periodismo + Comunicación Audiovisual,Universidad Carlos III de Madrid,Madrid,Presencial,"11,728",Universidad Pública,"5,0 años",no disponible,11.728
Comunicacion Audiovisual,Grado en Comunicación Audiovisual,Universitat Pompeu Fabra,Barcelona,Presencial,"11,412",Universidad Pública,"4,0 años",1.108 €,11.412
Comunicacion Audiovisual,Doble Grado en Comunicación Audiovisual + Periodismo,Universitat de València,Valencia,Presencial,"11,316",Universidad Pública,"5,0 años",no disponible,11.316
Comunicacion Audiovisual,Grado en Comunicación Audiovisual,Universitat de Barcelona,Barcelona,Presencial,"10,956",Universidad Pública,"4,0 años",1.108 €,10.956
Comunicacion Audiovisual,Grado en Comunicación Audiovisual,Universidad Carlos III de Madrid,Madrid,Presencial,"10,951",Universidad Pública,"4,0 años",1.015 €,10.951
Comunicacion Audiovisual,Grado en Comunicación Audiovisual,Universitat de València,Valencia,Presencial,"10,592",Universidad Pública,"4,0 años",767 €,10.592
Comunicacion Audiovisual,Grado en Comunicación Audiovisual,Universidad Complutense de Madrid,Madrid,Presencial,"10,486",Universidad Pública,"4,0 años",1.015 €,10.486
Comunicacion Audiovisual,Grado en Comunicación Audiovisual,Universitat Politècnica de València,Valencia,Presencial,"10,390",Universidad Pública,"4,0 años",767 €,10.39
Comunicacion Audiovisual,Grado en Comunicación Audiovisual,Universitat Autònoma de Barcelona,Barcelona,Presencial,"10,388",Universidad Pública,"4,0 años",1.108 €,10.388
Comunicacion Audiovisual,Doble Grado en Comunicación Audiovisual + Periodismo,Universidad Miguel Hernández de Elche,Alicante,Presencial,"10,350",Universidad Pública,"5,0 años",1.078 €,10.35
Comunicacion Audiovisual,Doble Grado en Periodismo + Comunicación Audiovisual,Universidad Rey Juan Carlos,Madrid,Presencial,"10,223",Universidad Pública,"5,0 años",1.269 €,10.223
Comunicacion Audiovisual,Grado en Comunicación Audiovisual,Universidad del País Vasco,Vizcaya,Presencial,"10,015",Universidad Pública,"4,0 años",823 €,10.015
Comunicacion Audiovisual,Doble Grado en Periodismo + Comunicación Audiovisual,Universidad Rey Juan Carlos,Madrid,Presencial,"9,787",Universidad Pública,"5,0 años",1.269 €,9.787
Comunicacion Audiovisual,Doble Grado en Comunicación Audiovisual + Información y Documentación,Universitat de Barcelona,Barcelona,Presencial,"9,758",Universidad Pública,"5,0 años",1.292 €,9.758
Comunicacion Audiovisual,Grado en Comunicación Audiovisual,Universidad Rey Juan Carlos,Madrid,Presencial,"9,650",Universidad Pública,"4,0 años",1.015 €,9.65
Comunicacion Audiovisual,Grado en Comunicación Audiovisual,Universidad de Granada,Granada,Presencial,"9,599",Universidad Pública,"4,0 años",757 €,9.599
Comunicacion Audiovisual,Doble Grado en Comunicación Audiovisual + Administración y Dirección de Empresas,Universidad Rey Juan Carlos,Madrid,Presencial,"9,568",Universidad Pública,"5,0 años",1.434 €,9.568
Comunicacion Audiovisual,Grado en Comunicación Audiovisual,Universidad Miguel Hernández de Elche,Alicante,Presencial,"9,430",Universidad Pública,"4,0 años",767 €,9.43
Comunicacion Audiovisual,Grado en Comunicación Audiovisual,Universidad Rey Juan Carlos,Madrid,Presencial,"9,264",Universidad Pública,"4,0 años",1.015 €,9.264
Comunicacion Audiovisual,Grado en Comunicación Audiovisual,Universidade da Coruña,A Coruña,Presencial,"9,122",Universidad Pública,"4,0 años",591 €,9.122
Comunicacion Audiovisual,Grado en Comunicación Audiovisual,Universidad de Sevilla,Sevilla,Presencial,"8,968",Universidad Pública,"4,0 años",757 €,8.968
Comunicacion Audiovisual,Grado en Comunicación Audiovisual,Universidad de Alcalá,Guadalajara,Presencial,"8,959",Universidad Pública,"4,0 años",1.166 €,8.959
Comunicacion Audiovisual,Grado en Comunicación y Creación Audiovisual,Universidad de Salamanca,Salamanca,Presencial,"8,914",Universidad Pública,"4,0 años",678 €,8.914
Comunicacion Audiovisual,Grado en Comunicación Audiovisual,Universidade de Vigo,Pontevedra,Presencial,"8,818",Universidad Pública,"4,0 años",591 €,8.818
Comunicacion Audiovisual,Grado en Comunicación Audiovisual,Universidade de Santiago de Compostela,A Coruña,Presencial,"8,660",Universidad Pública,"4,0 años",591 €,8.66
Comunicacion Audiovisual,Grado en Comunicación Audiovisual,Universidad de Málaga,Málaga,Presencial,"8,610",Universidad Pública,"4,0 años",757 €,8.61
Comunicacion Audiovisual,Grado en Comunicación Audiovisual,Universitat Rovira i Virgili,Tarragona,Presencial,"8,586",Universidad Pública,"4,0 años",1.061 €,8.586
Comunicacion Audiovisual,Grado en Comunicación Audiovisual,Universitat Jaume I,Castellón,Presencial,"8,289",Universidad Pública,"4,0 años",842 €,8.289
Comunicacion Audiovisual,PCEO en Periodismo + Comunicación Audiovisual,Universidad de Extremadura,Badajoz,Presencial,"7,939",Universidad Pública,"5,0 años",939 €,7.939
Comunicacion Audiovisual,Grado en Comunicación Audiovisual,Universidad de Burgos,Burgos,Presencial,"5,000",Universidad Pública,"4,0 años",678 €,5.0
Comunicacion Audiovisual,Grado en Comunicación Audiovisual,Universidad de Castilla - La Mancha,Toledo,Presencial,"5,000",Universidad Pública,"4,0 años",875 €,5.0
Comunicacion Audiovisual,Grado en Comunicación Audiovisual,Universidad de Extremadura,Badajoz,Presencial,"5,000",Universidad Pública,"4,0 años",709 €,5.0
Comunicacion Audiovisual,Doble Grado en Comunicación Audiovisual + Periodismo,Universidad de Castilla - La Mancha,Cuenca,Presencial,"5,000",Universidad Pública,"5,0 años",no disponible,5.0
Comunicacion Audiovisual,Grado en Comunicación Audiovisual,Universidad de Murcia,Murcia,Presencial,"5,000",Universidad Pública,"4,0 años",863 €,5.0
Comunicacion Audiovisual,PCEO en Comunicación Audiovisual + Información y Documentación,Universidad de Extremadura,Badajoz,Presencial,"5,000",Universidad Pública,"5,0 años",1.046 €,5.0
Comunicacion Audiovisual,Grado en Comunicación Audiovisual,Universidad de Castilla - La Mancha,Cuenca,Presencial,"5,000",Universidad Pública,"4,0 años",875 €,5.0
Comunicacion Audiovisual,Grado en Comunicación y Periodismo Audiovisuales,Universitat de Lleida,LLeida,Presencial,"5,000",Universidad Pública,"4,0 años",1.108 €,5.0
Comunicacion Audiovisual,Grado en Comunicación Audiovisual,Universitat de Vic - Universitat Central de Catalunya,Barcelona,Presencial,"5,000",Universidad Privada,"4,0 años",6.058 €,5.0
Comunicacion Audiovisual,Grado en Comunicación Audiovisual,Centro Universitario EUSA,Sevilla,Presencial,"5,000",Centro Adscrito Privado,"4,0 años",6.382 €,5.0
Comunicacion Audiovisual,Simultaneidad de estudios en Diseño y Producción de Videojuegos + Medios Audiovisuales,TecnoCampus,Barcelona,Presencial,"5,000",Centro Adscrito Privado,"5,0 años",no disponible,5.0
Comunicacion Audiovisual,Doble Grado en Periodismo + Comunicación Audiovisual,Centro Universitario EUSA,Sevilla,Presencial,"5,000",Centro Adscrito Privado,"5,0 años",8.906 €,5.0
Comunicacion Audiovisual,Doble Grado en Comunicación + Comunicación Digital,Centro Universitario San Isidoro,Sevilla,Presencial,"5,000",Centro Adscrito Privado,"5,0 años",7.781 €,5.0
Comunicacion Audiovisual,Grado en Marketing y Comunicación Digital,EAE Business School,Barcelona,Presencial,"5,000",Centro Adscrito Privado,"4,0 años",8.900 €,5.0
Comunicacion Audiovisual,Grado en Medios Audiovisuales,TecnoCampus,Barcelona,Presencial,"5,000",Centro Adscrito Privado,"4,0 años",6.220 €,5.0
Comunicacion Audiovisual,Grado en Comunicación Audiovisual y Multimedia,Escola Universitària ERAM,Girona,Presencial,"5,000",Centro Adscrito Privado,"4,0 años",6.360 €,5.0
Publicidad Y Relaciones Publicas,Doble Grado en Publicidad y Relaciones Públicas + Marketing,Universidad Rey Juan Carlos,Madrid,Presencial,"13,089",Universidad Pública,"5,0 años",1.404 €,13.089
Publicidad Y Relaciones Publicas,Grado en Publicidad y Relaciones Públicas,Universitat Pompeu Fabra,Barcelona,Presencial,"11,848",Universidad Pública,"4,0 años",1.108 €,11.848
Publicidad Y Relaciones Publicas,Doble Grado en Publicidad y Relaciones Públicas + Administración y Dirección de Empresas,Universidad Rey Juan Carlos,Madrid,Presencial,"11,636",Universidad Pública,"5,0 años",1.391 €,11.636
Publicidad Y Relaciones Publicas,Doble Grado en Publicidad y Relaciones Públicas + Marketing e Investigación de Mercados,Universidad de Cádiz,Cádiz,Presencial,"11,382",Universidad Pública,"5,0 años",no disponible,11.382
Publicidad Y Relaciones Publicas,Doble Grado en Periodismo + Publicidad y Relaciones Públicas,Universidad del País Vasco,Vizcaya,Presencial,"11,318",Universidad Pública,"5,0 años",805 €,11.318
Publicidad Y Relaciones Publicas,Grado en Publicidad y Relaciones Públicas,Universitat Autònoma de Barcelona,Barcelona,Presencial,"11,129",Universidad Pública,"4,0 años",1.108 €,11.129
Publicidad Y Relaciones Publicas,Grado en Publicidad y Relaciones Públicas,Universidad Complutense de Madrid,Madrid,Presencial,"10,833",Universidad Pública,"4,0 años",1.015 €,10.833
Publicidad Y Relaciones Publicas,Doble Grado en Turismo + Publicidad y Relaciones Públicas,Universidad de Málaga,Málaga,Presencial,"10,518",Universidad Pública,"5,0 años",757 €,10.518
Publicidad Y Relaciones Publicas,Grado en Publicidad y Relaciones Públicas,Universidad Rey Juan Carlos,Madrid,Presencial,"10,427",Universidad Pública,"4,0 años",1.015 €,10.427
Publicidad Y Relaciones Publicas,Grado en Publicidad y Relaciones Públicas,Universidad Rey Juan Carlos,Madrid,Presencial,"10,332",Universidad Pública,"4,0 años",1.015 €,10.332
Publicidad Y Relaciones Publicas,Grado en Publicidad y Relaciones Públicas,Universidad de Sevilla,Sevilla,Presencial,"9,960",Universidad Pública,"4,0 años",757 €,9.96
Publicidad Y Relaciones Publicas,Grado en Publicidad y Relaciones Públicas,Universitat de Girona,Girona,Presencial,"9,906",Universidad Pública,"4,0 años",1.108 €,9.906
Publicidad Y Relaciones Publicas,Doble Grado en Turismo + Publicidad y Relaciones Públicas,Universitat de Girona,Girona,Presencial,"9,660",Universidad Pública,"5,0 años",1.203 €,9.66
Publicidad Y Relaciones Publicas,Grado en Publicidad y Relaciones Públicas,Universitat Rovira i Virgili,Tarragona,Presencial,"9,600",Universidad Pública,"4,0 años",1.061 €,9.6
Publicidad Y Relaciones Publicas,Grado en Publicidad y Comunicación Corporativa,Universitat Jaume I,Castellón,Presencial,"9,481",Universidad Pública,"4,0 años",842 €,9.481
Publicidad Y Relaciones Publicas,Grado en Publicidad y Relaciones Públicas,Universidad de Málaga,Málaga,Presencial,"9,150",Universidad Pública,"4,0 años",757 €,9.15
Publicidad Y Relaciones Publicas,Grado en Publicidad y Relaciones Públicas,Universidad del País Vasco,Vizcaya,Presencial,"8,564",Universidad Pública,"4,0 años",823 €,8.564
Publicidad Y Relaciones Publicas,Grado en Publicidad y Relaciones Públicas,Universidad de Cádiz,Cádiz,Presencial,"8,357",Universidad Pública,"4,0 años",757 €,8.357
Publicidad Y Relaciones Publicas,Grado en Publicidad y Relaciones Públicas,Universidad de Murcia,Murcia,Presencial,"8,287",Universidad Pública,"4,0 años",863 €,8.287
Publicidad Y Relaciones Publicas,Grado en Publicidad y Relaciones Públicas,Universidad de Alicante,Alicante,Presencial,"8,202",Universidad Pública,"4,0 años",767 €,8.202
Publicidad Y Relaciones Publicas,Grado en Publicidad y Relaciones Públicas,Universidade de Vigo,Pontevedra,Presencial,"8,138",Universidad Pública,"4,0 años",591 €,8.138
Publicidad Y Relaciones Publicas,"Grado en Publicidad, Relaciones Públicas y Marketing",Escola Superior de Relacions Públiques (Centro Adscrito a la UB),Barcelona,Presencial,"7,586",Centro Adscrito Privado,"4,0 años",6.500 €,7.586
Publicidad Y Relaciones Publicas,Doble Grado en Publicidad y Relaciones Públicas + Turismo,Universidad de Cádiz,Cádiz,Presencial,"6,531",Universidad Pública,"5,0 años",no disponible,6.531
Publicidad Y Relaciones Publicas,Programa de Estudios Conjunto de Grado en Publicidad y Relaciones Públicas y Grado en Turismo,Universidad de Valladolid,Segovia,Presencial,"5,000",Universidad Pública,"5,0 años",773 €,5.0
Publicidad Y Relaciones Publicas,Grado en Publicidad y Relaciones Públicas,Universidad de Valladolid,Segovia,Presencial,"5,000",Universidad Pública,"4,0 años",625 €,5.0
Publicidad Y Relaciones Publicas,Grado en Publicidad y Creación de Marca,"UDIT - Universidad de Diseño, Innovación y Tecnología",Madrid,Presencial,"5,000",Universidad Privada,"4,0 años",11.450 €,5.0
Publicidad Y Relaciones Publicas,Grado en Publicidad y Relaciones Públicas,Universitat de Vic - Universitat Central de Catalunya,Barcelona,Presencial,"5,000",Universidad Privada,"4,0 años",6.058 €,5.0
Publicidad Y Relaciones Publicas,Grado en Comunicación y Relaciones Públicas,ESIC Valencia,Valencia,Presencial,"5,000",Universidad Privada,"4,0 años",9.200 €,5.0
Publicidad Y Relaciones Publicas,"Grado en Publicidad, Marketing y Relaciones Públicas + Máster en Digital Business",ESERP Digital Business & Law School,Barcelona,Presencial,"5,000",Centro Adscrito Privado,"4,0 años",10.490 €,5.0
Publicidad Y Relaciones Publicas,"Grado en Publicidad, Marketing y Relaciones Públicas",ESERP Digital Business & Law School,Barcelona,Presencial,"5,000",Centro Adscrito Privado,"4,0 años",7.970 €,5.0
Publicidad Y Relaciones Publicas,Grado en Publicidad y Relaciones Públicas,Centro Universitario EUSA,Sevilla,Presencial,"5,000",Centro Adscrito Privado,"4,0 años",6.382 €,5.0
Publicidad Y Relaciones Publicas,"Doble Grado en Negocios Internacionales + Publicidad, Marketing y Relaciones Públicas",ESERP Digital Business & Law School,Barcelona,Presencial,"5,000",Centro Adscrito Privado,"5,0 años",7.970 €,5.0
Publicidad Y Relaciones Publicas,Grado en Publicidad y Relaciones Públicas,Universidad Rey Juan Carlos,Madrid,Semipresencial,"9,229",Universidad Pública,"4,0 años",1.015 €,9.229
Traduccion E Interpretacion,Doble Grado en Traducción e Interpretación (Francés) + Relaciones Internacionales,Universidad Pablo de Olavide,Sevilla,Presencial,"13,415",Universidad Pública,"5,0 años",no disponible,13.415
Traduccion E Interpretacion,Doble Grado en Traducción e Interpretación: Inglés-Alemán + Grado en Traducción e Interpretación: Inglés-Francés,Universidad de Las Palmas de Gran Canaria,Las Palmas,Presencial,"13,248",Universidad Pública,"5,0 años",731 €,13.248
Traduccion E Interpretacion,"Doble Grado en Traducción e Interpretación (Francés) + Lenguas Modernas, Cultura y Comunicación (Francés)",Universidad Autónoma de Madrid,Madrid,Presencial,"12,578",Universidad Pública,"5,0 años",no disponible,12.578
Traduccion E Interpretacion,Doble Grado en Traducción e Interpretación (Inglés) + Turismo,Universidad de Granada,Granada,Presencial,"12,273",Universidad Pública,"5,0 años",no disponible,12.273
Traduccion E Interpretacion,Grado en Traducción e Interpretación (Inglés),Universidad de Granada,Granada,Presencial,"11,778",Universidad Pública,"4,0 años",757 €,11.778
Traduccion E Interpretacion,Doble Grado en Traducción e Interpretación + Lenguas Aplicadas,Universitat Pompeu Fabra,Barcelona,Presencial,"11,726",Universidad Pública,"5,0 años",1.108 €,11.726
Traduccion E Interpretacion,Grado en Traducción y Mediación Interlingüística (Inglés),Universitat de València,Valencia,Presencial,"11,678",Universidad Pública,"4,0 años",767 €,11.678
Traduccion E Interpretacion,Grado en Traducción e Interpretación (Inglés),Universidad de Alicante,Alicante,Presencial,"11,604",Universidad Pública,"4,0 años",767 €,11.604
Traduccion E Interpretacion,Doble Grado en Traducción e Interpretación (Alemán) + Relaciones Internacionales,Universidad Pablo de Olavide,Sevilla,Presencial,"11,399",Universidad Pública,"5,0 años",no disponible,11.399
Traduccion E Interpretacion,Grado en Traducción e Interpretación (Inglés),Universidad de Murcia,Murcia,Presencial,"10,495",Universidad Pública,"4,0 años",863 €,10.495
Traduccion E Interpretacion,Grado en Traducción e Interpretación (Inglés),Universidad Pablo de Olavide,Sevilla,Presencial,"9,706",Universidad Pública,"4,0 años",757 €,9.706
Traduccion E Interpretacion,Grado en Traducción e Interpretación,Universitat Jaume I,Castellón,Presencial,"9,606",Universidad Pública,"4,0 años",767 €,9.606
Traduccion E Interpretacion,Grado en Traducción e Interpretación (Inglés),Universidad Autónoma de Madrid,Madrid,Presencial,"9,561",Universidad Pública,"4,0 años",1.015 €,9.561
Traduccion E Interpretacion,Doble Grado en Turismo + Traducción e Interpretación (Inglés),Universidad de Málaga,Málaga,Presencial,"9,378",Universidad Pública,"5,0 años",757 €,9.378
Traduccion E Interpretacion,Grado en Traducción e Interpretación (Inglés),Universidad de Málaga,Málaga,Presencial,"9,272",Universidad Pública,"4,0 años",757 €,9.272
Traduccion E Interpretacion,Grado en Traducción e Interpretación (Inglés - Alemán),Universidad de Las Palmas de Gran Canaria,Las Palmas,Presencial,"8,500",Universidad Pública,"4,0 años",610 €,8.5
Traduccion E Interpretacion,Grado en Traducción e Interpretación,Universidad del País Vasco,Álava,Presencial,"8,266",Universidad Pública,"4,0 años",1.097 €,8.266
Traduccion E Interpretacion,Grado en Traducción e Interpretación (Inglés),Universidad de Córdoba,Córdoba,Presencial,"7,691",Universidad Pública,"4,0 años",757 €,7.691
Traduccion E Interpretacion,Grado en Traducción e Interpretación (Español-Inglés),Universidade de Vigo,Pontevedra,Presencial,"7,564",Universidad Pública,"4,0 años",591 €,7.564
Traduccion E Interpretacion,Doble Grado en Traducción e Interpretación Francés + Filología Hispánica,Universidad de Córdoba,Córdoba,Presencial,"7,317",Universidad Pública,"5,0 años",no disponible,7.317
Traduccion E Interpretacion,Doble Grado en Traducción e Interpretación Inglés + Filología Hispánica,Universidad de Córdoba,Córdoba,Presencial,"7,314",Universidad Pública,"5,0 años",no disponible,7.314
Traduccion E Interpretacion,Doble Grado en Turismo + Traducción e Interpretación (Francés),Universidad de Málaga,Málaga,Presencial,"7,149",Universidad Pública,"5,0 años",757 €,7.149
Traduccion E Interpretacion,Grado en Traducción e Interpretación,Universidad Complutense de Madrid,Madrid,Presencial,"7,127",Universidad Pública,"4,0 años",1.015 €,7.127
Traduccion E Interpretacion,Doble Grado en Traducción e Interpretación (inglés) + Estudios Ingleses,Universidad de Córdoba,Córdoba,Presencial,"6,872",Universidad Pública,"5,0 años",no disponible,6.872
Traduccion E Interpretacion,Grado en Traducción e Interpretación (Inglés),Universitat Autònoma de Barcelona,Barcelona,Presencial,"6,242",Universidad Pública,"4,0 años",1.108 €,6.242
Traduccion E Interpretacion,Grado en Traducción e Interpretación (Francés),Universidad Autónoma de Madrid,Madrid,Presencial,"5,910",Universidad Pública,"4,0 años",1.015 €,5.91
Traduccion E Interpretacion,Grado en Traducción e Interpretación (Francés),Universidad de Alicante,Alicante,Presencial,"5,032",Universidad Pública,"4,0 años",767 €,5.032
Traduccion E Interpretacion,Doble Grado en Humanidades + Traducción e Interpretación (Inglés),Universidad Pablo de Olavide,Sevilla,Presencial,"5,000",Universidad Pública,"5,0 años",no disponible,5.0
Traduccion E Interpretacion,Doble Grado en Traducción e Interpretación (Alemán) + Turismo,Universidad de Granada,Granada,Presencial,"5,000",Universidad Pública,"5,0 años",no disponible,5.0
Traduccion E Interpretacion,Grado en Traducción e Interpretación (Alemán),Universidad de Alicante,Alicante,Presencial,"5,000",Universidad Pública,"4,0 años",767 €,5.0
Traduccion E Interpretacion,Grado en Traducción e Interpretación (Gallego-Inglés),Universidade de Vigo,Pontevedra,Presencial,"5,000",Universidad Pública,"4,0 años",591 €,5.0
Traduccion E Interpretacion,Grado en Traducción e Interpretación (Francés),Universitat Autònoma de Barcelona,Barcelona,Presencial,"5,000",Universidad Pública,"4,0 años",1.108 €,5.0
Traduccion E Interpretacion,Grado en Traducción e Interpretación (Inglés - Francés),Universidad de Las Palmas de Gran Canaria,Las Palmas,Presencial,"5,000",Universidad Pública,"4,0 años",610 €,5.0
Traduccion E Interpretacion,Doble Grado en Traducción e Interpretación Inglés-Alemán + Turismo,Universidad de Las Palmas de Gran Canaria,Las Palmas,Presencial,"5,000",Universidad Pública,"5,0 años",731 €,5.0
Traduccion E Interpretacion,Doble Grado en Lenguas Aplicadas y Traducción + Filología Catalana y Estudios Occitanos,Universitat de Lleida,LLeida,Presencial,"5,000",Universidad Pública,"5,0 años",1.274 €,5.0
Traduccion E Interpretacion,Grado en Traducción e Interpretación (Alemán),Universidad de Granada,Granada,Presencial,"5,000",Universidad Pública,"4,0 años",757 €,5.0
Traduccion E Interpretacion,Doble Grado en Traducción e Interpretación + Derecho,Universidad de Salamanca,Salamanca,Presencial,"5,000",Universidad Pública,"6,0 años",916 €,5.0
Traduccion E Interpretacion,Grado en Traducción e Interpretación (Francés),Universidad de Murcia,Murcia,Presencial,"5,000",Universidad Pública,"4,0 años",863 €,5.0
Traduccion E Interpretacion,Doble Grado en Administración y Dirección de Empresas (ADE) + Traducción e Interpretación,Universidad de Salamanca,Salamanca,Presencial,"5,000",Universidad Pública,"6,0 años",916 €,5.0
Traduccion E Interpretacion,Doble Grado en Traducción e Interpretación (Francés) + Turismo,Universidad de Granada,Granada,Presencial,"5,000",Universidad Pública,"5,0 años",no disponible,5.0
Traduccion E Interpretacion,Grado en Traducción e Interpretación (Frances),Universitat Pompeu Fabra,Barcelona,Presencial,"5,000",Universidad Pública,"4,0 años",1.108 €,5.0
Traduccion E Interpretacion,Grado en Traducción e Interpretación (Árabe),Universidad de Granada,Granada,Presencial,"5,000",Universidad Pública,"4,0 años",757 €,5.0
Traduccion E Interpretacion,Grado en Traducción e Interpretación,Universidad Rey Juan Carlos,Madrid,Presencial,"5,000",Universidad Pública,"4,0 años",1.015 €,5.0
Traduccion E Interpretacion,Grado en Traducción e Interpretación,Universidad de Salamanca,Salamanca,Presencial,"5,000",Universidad Pública,"4,0 años",734 €,5.0
Traduccion E Interpretacion,Doble Grado en Turismo + Traducción e Interpretación Inglés,Universidad de Córdoba,Córdoba,Presencial,"5,000",Universidad Pública,"6,0 años",no disponible,5.0
Traduccion E Interpretacion,Grado en Traducción e Interpretación (Alemán),Universidad Pablo de Olavide,Sevilla,Presencial,"5,000",Universidad Pública,"4,0 años",757 €,5.0
Traduccion E Interpretacion,Grado en Traducción e Interpretación (Lengua de Signos Catalana),Universitat Pompeu Fabra,Barcelona,Presencial,"5,000",Universidad Pública,"4,0 años",1.108 €,5.0
Traduccion E Interpretacion,Doble Grado en Lenguas Aplicadas y Traducción + Filología Hispánica,Universitat de Lleida,LLeida,Presencial,"5,000",Universidad Pública,"5,0 años",1.274 €,5.0
Traduccion E Interpretacion,Grado en Traducción e Interpretación (Inglés),Universitat Pompeu Fabra,Barcelona,Presencial,"5,000",Universidad Pública,"4,0 años",1.108 €,5.0
Traduccion E Interpretacion,Grado en Traducción e Interpretación (Francés),Universidad de Granada,Granada,Presencial,"5,000",Universidad Pública,"4,0 años",757 €,5.0
Historia,Doble Grado en Historia + Estudios Internacionales,Universidad Autónoma de Madrid,Madrid,Presencial,"13,104",Universidad Pública,"5,0 años",no disponible,13.104
Historia,Doble Grado en Historia + Historia del Arte,Universidad Autónoma de Madrid,Madrid,Presencial,"12,456",Universidad Pública,"5,0 años",no disponible,12.456
Historia,Doble Grado en Filosofía + Historia,Universidad Autónoma de Madrid,Madrid,Presencial,"12,234",Universidad Pública,"5,0 años",no disponible,12.234
Historia,Doble Grado en Economía + Historia,Universidad Rey Juan Carlos,Madrid,Presencial,"10,765",Universidad Pública,"5,0 años",1.454 €,10.765
Historia,Doble Grado en Historia + Historia del Arte,Universidad de Sevilla,Sevilla,Presencial,"10,282",Universidad Pública,"5,0 años",1.060 €,10.282
Historia,Grado en Historia y Política,Universidad Carlos III de Madrid,Madrid,Presencial,"9,974",Universidad Pública,"4,0 años",1.015 €,9.974
Historia,Doble Grado en Historia + Historia del Arte,Universidad de Córdoba,Córdoba,Presencial,"9,907",Universidad Pública,"5,0 años",no disponible,9.907
Historia,Grado en Historia,Universidade de Santiago de Compostela,A Coruña,Presencial,"9,280",Universidad Pública,"4,0 años",591 €,9.28
Historia,"Grado en Historia, Política y Economía Contemporánea",Universitat Autònoma de Barcelona,Barcelona,Presencial,"8,873",Universidad Pública,"3,0 años",1.061 €,8.873
Historia,Grado en Historia,Universidad del País Vasco,Álava,Presencial,"8,246",Universidad Pública,"4,0 años",805 €,8.246
Historia,Grado en Historia y Patrimonio,Universitat Jaume I,Castellón,Presencial,"8,068",Universidad Pública,"4,0 años",767 €,8.068
Historia,Grado en Historia,Universidad de Alicante,Alicante,Presencial,"6,576",Universidad Pública,"4,0 años",767 €,6.576
Historia,Doble Grado en Historia + Filología Clásica,Universidad Complutense de Madrid,Madrid,Presencial,"5,668",Universidad Pública,"5,0 años",no disponible,5.668
Historia,Grado en Historia,Universitat Rovira i Virgili,Tarragona,Presencial,"5,178",Universidad Pública,"4,0 años",1.061 €,5.178
Historia,Grado en Historia,Universitat Autònoma de Barcelona,Barcelona,Presencial,"5,000",Universidad Pública,"4,0 años",1.061 €,5.0
Historia,Grado en Historia,Universidad de Almería,Almería,Presencial,"5,000",Universidad Pública,"4,0 años",757 €,5.0
Historia,Doble Grado en Geografía y Gestión del Territorio + Historia,Universidad de Málaga,Málaga,Presencial,"5,000",Universidad Pública,"5,0 años",757 €,5.0
Historia,Grado en Historia,Universidad de León,León,Presencial,"5,000",Universidad Pública,"4,0 años",625 €,5.0
Historia,Grado en Historia y Patrimonio,Universidad Pública de Navarra,Navarra,Presencial,"5,000",Universidad Pública,"4,0 años",906 €,5.0
Historia,Grado en Historia,Universidad de Málaga,Málaga,Presencial,"5,000",Universidad Pública,"4,0 años",757 €,5.0
Historia,Grado en Historia,Universidad de Sevilla,Sevilla,Presencial,"5,000",Universidad Pública,"4,0 años",757 €,5.0
Historia,Grado en Historia,Universidad de Castilla - La Mancha,Ciudad Real,Presencial,"5,000",Universidad Pública,"4,0 años",728 €,5.0
Historia,Grado en Historia,Universidad de Zaragoza,Zaragoza,Presencial,"5,000",Universidad Pública,"4,0 años",786 €,5.0
Historia,Grado en Historia,Universidad de Salamanca,Salamanca,Presencial,"5,000",Universidad Pública,"4,0 años",625 €,5.0
Historia,Doble Grado en Historia + Historia del Arte,Universitat de Barcelona,Barcelona,Presencial,"5,000",Universidad Pública,"6,0 años",1.108 €,5.0
Historia,Doble Grado en Turismo + Geografía e Historia,Universidade de Vigo,Ourense,Presencial,"5,000",Universidad Pública,"6,0 años",680 €,5.0
Historia,Grado en Historia,Universidad de Granada,Granada,Presencial,"5,000",Universidad Pública,"4,0 años",757 €,5.0
Historia,Doble Grado en Geografía y Gestión del Territorio + Historia,Universidad de Sevilla,Sevilla,Presencial,"5,000",Universidad Pública,"5,0 años",1.060 €,5.0
Historia,Grado en Historia,Universidad de Huelva,Huelva,Presencial,"5,000",Universidad Pública,"4,0 años",757 €,5.0
Historia,Grado en Historia,Universitat de les Illes Balears,Baleares,Presencial,"5,000",Universidad Pública,"4,0 años",671 €,5.0
Historia,Doble Grado en Historia y Patrimonio + Español: Lengua y Literatura,Universidad de Burgos,Burgos,Presencial,"5,000",Universidad Pública,"4,0 años",702 €,5.0
Historia,Grado en Historia,Universidad de La Laguna,Tenerife,Presencial,"5,000",Universidad Pública,"4,0 años",568 €,5.0
Historia,Grado en Historia,Universitat de Girona,Girona,Presencial,"5,000",Universidad Pública,"4,0 años",1.061 €,5.0
Historia,Grado en Historia,Universitat de Lleida,LLeida,Presencial,"5,000",Universidad Pública,"4,0 años",1.061 €,5.0
Historia,Grado en Historia,Universidad de Córdoba,Córdoba,Presencial,"5,000",Universidad Pública,"4,0 años",757 €,5.0
Historia,Grado en Historia,Universidad de Oviedo,Asturias,Presencial,"5,000",Universidad Pública,"4,0 años",518 €,5.0
Historia,Grado en Historia,Universidad Autónoma de Madrid,Madrid,Presencial,"5,000",Universidad Pública,"4,0 años",1.015 €,5.0
Historia,Grado en Historia,Universidad de Murcia,Murcia,Presencial,"5,000",Universidad Pública,"4,0 años",863 €,5.0
Historia,Grado en Historia y Patrimonio,Universidad de Burgos,Burgos,Presencial,"5,000",Universidad Pública,"4,0 años",625 €,5.0
Historia,Grado en Historia,Universidad de Alcalá,Madrid,Presencial,"5,000",Universidad Pública,"4,0 años",1.015 €,5.0
Historia,Doble Grado en Arqueología + Historia,Universitat de Barcelona,Barcelona,Presencial,"5,000",Universidad Pública,"6,0 años",1.108 €,5.0
Historia,Doble Grado en Historia + Turismo,Universidad Rey Juan Carlos,Madrid,Presencial,"5,000",Universidad Pública,"5,0 años",1.446 €,5.0
Historia,Doble Grado en Ciencias Ambientales + Geografía e Historia,Universidad Pablo de Olavide,Sevilla,Presencial,"5,000",Universidad Pública,"5,0 años",no disponible,5.0
Historia,Grado en Historia,Universidad de Las Palmas de Gran Canaria,Las Palmas,Presencial,"5,000",Universidad Pública,"4,0 años",568 €,5.0
Historia,Grado en Historia,Universidad Rey Juan Carlos,Madrid,Presencial,"5,000",Universidad Pública,"4,0 años",1.015 €,5.0
Historia,Grado en Historia,Universitat de Barcelona,Barcelona,Presencial,"5,000",Universidad Pública,"4,0 años",1.061 €,5.0
Historia,Doble Grado en Historia + Historia del Arte,Universitat de Girona,Girona,Presencial,"5,000",Universidad Pública,"5,0 años",1.061 €,5.0
Historia,Grado en Geografía e Historia,Universidad Pablo de Olavide,Sevilla,Presencial,"5,000",Universidad Pública,"4,0 años",757 €,5.0
Historia,Doble Grado en Historia + Historia del Arte,Universidad de León,León,Presencial,"5,000",Universidad Pública,"5,0 años",no disponible,5.0
Historia,Grado en Geografía e Historia,Universidad de Jaén,Jaén,Presencial,"5,000",Universidad Pública,"4,0 años",757 €,5.0
Filosofia,"Grado en Filosofía, Política y Economía (interuniversitario UC3M-UAB-UPF-UAM)",Universidad Carlos III de Madrid,Madrid,Presencial,"12,764",Universidad Pública,"4,0 años",1.015 €,12.764
Filosofia,"Grado en Filosofía, Política y Economía (Interuniversitario UPF-UC3M-UAM)",Universitat Pompeu Fabra,Barcelona,Presencial,"12,260",Universidad Pública,"4,0 años",1.061 €,12.26
Filosofia,Doble Grado en Filosofía + Historia,Universidad Autónoma de Madrid,Madrid,Presencial,"12,234",Universidad Pública,"5,0 años",no disponible,12.234
Filosofia,"Grado en Filosofía, Política y Economía (Interuniversitario UAM-UAB-UC3M-UPF)",Universidad Autónoma de Madrid,Madrid,Presencial,"12,222",Universidad Pública,"4,0 años",1.015 €,12.222
Filosofia,Doble Grado en Filosofía + Economía,Universidad Rey Juan Carlos,Madrid,Presencial,"11,323",Universidad Pública,"6,0 años",no disponible,11.323
Filosofia,Doble Grado en Derecho + Filosofía,Universidad de Sevilla,Sevilla,Presencial,"10,543",Universidad Pública,"5,0 años",1.136 €,10.543
Filosofia,Doble Grado en Filosofía + Historia y Ciencias de la Música y Tecnología Musical,Universidad Autónoma de Madrid,Madrid,Presencial,"9,220",Universidad Pública,"5,0 años",no disponible,9.22
Filosofia,Grado en Filosofía,Universidad del País Vasco,Guipúzcoa,Presencial,"9,012",Universidad Pública,"4,0 años",805 €,9.012
Filosofia,Doble Grado en Derecho +  Filosofía,Universidad Complutense de Madrid,Madrid,Presencial,"8,075",Universidad Pública,"6,0 años",no disponible,8.075
Filosofia,Doble Grado en Economía + Filosofía,Universitat de Girona,Girona,Presencial,"7,748",Universidad Pública,"5,0 años",1.061 €,7.748
Filosofia,Grado en Filosofía,Universidad Complutense de Madrid,Madrid,Presencial,"7,454",Universidad Pública,"4,0 años",1.015 €,7.454
Filosofia,Grado en Filosofía,Universidad Rey Juan Carlos,Madrid,Presencial,"6,417",Universidad Pública,"4,0 años",1.015 €,6.417
Filosofia,Grado en Filosofía,Universidade de Santiago de Compostela,A Coruña,Presencial,"5,620",Universidad Pública,"4,0 años",591 €,5.62
Filosofia,Grado en Filosofía,Universidad Autónoma de Madrid,Madrid,Presencial,"5,517",Universidad Pública,"4,0 años",1.015 €,5.517
Filosofia,Doble Grado en Filosofía + Ciencia Política y Gestión Pública,Universidad Rey Juan Carlos,Madrid,Presencial,"5,375",Universidad Pública,"6,0 años",no disponible,5.375
Filosofia,Doble Grado en Ciencias Políticas + Filosofía,Universidad Complutense de Madrid,Madrid,Presencial,"5,000",Universidad Pública,"5,0 años",no disponible,5.0
Filosofia,Grado en Filosofía,Universidad de Oviedo,Asturias,Presencial,"5,000",Universidad Pública,"4,0 años",518 €,5.0
Filosofia,Grado en Filosofía,Universitat de les Illes Balears,Baleares,Presencial,"5,000",Universidad Pública,"4,0 años",671 €,5.0
Filosofia,Grado en Filosofía,Universidad de Málaga,Málaga,Presencial,"5,000",Universidad Pública,"4,0 años",757 €,5.0
Filosofia,Grado en Ciencias de las Religiones,Universidad Complutense de Madrid,Madrid,Presencial,"5,000",Universidad Pública,"4,0 años",1.015 €,5.0
Filosofia,Grado en Filosofía,Universitat de Barcelona,Barcelona,Presencial,"5,000",Universidad Pública,"4,0 años",1.061 €,5.0
Filosofia,Grado en Filosofía,Universitat de Girona,Girona,Presencial,"5,000",Universidad Pública,"4,0 años",1.061 €,5.0
Filosofia,Grado en Filosofía,Universidad de Valladolid,Valladolid,Presencial,"5,000",Universidad Pública,"4,0 años",625 €,5.0
Filosofia,Grado en Filosofía,Universitat Autònoma de Barcelona,Barcelona,Presencial,"5,000",Universidad Pública,"4,0 años",1.061 €,5.0
Filosofia,Grado en Filosofía,Universidad de Sevilla,Sevilla,Presencial,"5,000",Universidad Pública,"4,0 años",757 €,5.0
Filosofia,Grado en Filosofía,Universidad de Salamanca,Salamanca,Presencial,"5,000",Universidad Pública,"4,0 años",625 €,5.0
Filosofia,Grado en Filosofía,Universitat de València,Valencia,Presencial,"5,000",Universidad Pública,"4,0 años",767 €,5.0
Filosofia,Grado en Filosofía,Universidad de Granada,Granada,Presencial,"5,000",Universidad Pública,"4,0 años",757 €,5.0
Filosofia,Grado en Filosofía,Universidad de La Laguna,Tenerife,Presencial,"5,000",Universidad Pública,"4,0 años",568 €,5.0
Filosofia,Grado en Filosofía,Universidad de Murcia,Murcia,Presencial,"5,000",Universidad Pública,"4,0 años",863 €,5.0
Filosofia,Grado en Filosofía,Universidad de Zaragoza,Zaragoza,Presencial,"5,000",Universidad Pública,"4,0 años",786 €,5.0
Filosofia,Grado en Filosofía,Universidad Nacional de Educación a Distancia,Madrid,A distancia,"5,000",Universidad Pública,"4,0 años",780 €,5.0
Bellas Artes,Doble Grado en Bellas Artes + Diseño Integral y Gestión de la Imagen,Universidad Rey Juan Carlos,Madrid,Presencial,"12,478",Universidad Pública,"5,0 años",1.446 €,12.478
Bellas Artes,Doble Grado en Diseño y Gestión de Moda + Bellas Artes,Universidad Rey Juan Carlos,Madrid,Presencial,"11,464",Universidad Pública,"5,0 años",1.446 €,11.464
Bellas Artes,Grado en Bellas Artes,Universitat Politècnica de València,Valencia,Presencial,"10,618",Universidad Pública,"4,0 años",842 €,10.618
Bellas Artes,Grado en Bellas Artes,Universidad Complutense de Madrid,Madrid,Presencial,"10,115",Universidad Pública,"4,0 años",1.015 €,10.115
Bellas Artes,Grado en Bellas Artes,Universidad de Sevilla,Sevilla,Presencial,"9,940",Universidad Pública,"4,0 años",757 €,9.94
Bellas Artes,Grado en Bellas Artes,Universidad de Málaga,Málaga,Presencial,"9,585",Universidad Pública,"4,0 años",757 €,9.585
Bellas Artes,Grado en Bellas Artes,Universidad de Granada,Granada,Presencial,"9,552",Universidad Pública,"4,0 años",757 €,9.552
Bellas Artes,Grado en Bellas Artes,Universidad Rey Juan Carlos,Madrid,Presencial,"9,414",Universidad Pública,"4,0 años",1.015 €,9.414
Bellas Artes,Grado en Bellas Artes,Universidad Miguel Hernández de Elche,Alicante,Presencial,"8,491",Universidad Pública,"4,0 años",1.040 €,8.491
Bellas Artes,Grado en Bellas Artes,Universitat de Barcelona,Barcelona,Presencial,"7,622",Universidad Pública,"4,0 años",1.108 €,7.622
Bellas Artes,Grado en Bellas Artes,Universidad de La Laguna,Tenerife,Presencial,"5,325",Universidad Pública,"4,0 años",758 €,5.325
Bellas Artes,Grado en Artes Visuales y Danza,Universidad Rey Juan Carlos,Madrid,Presencial,"5,000",Universidad Pública,"4,0 años",1.015 €,5.0
Bellas Artes,Grado en Bellas Artes,Universidad de Zaragoza,Teruel,Presencial,"5,000",Universidad Pública,"4,0 años",1.201 €,5.0
Bellas Artes,Grado en Bellas Artes,Universidade de Vigo,Pontevedra,Presencial,"5,000",Universidad Pública,"4,0 años",836 €,5.0
Bellas Artes,Grado en Bellas Artes,Universidad de Murcia,Murcia,Presencial,"5,000",Universidad Pública,"4,0 años",1.007 €,5.0
Bellas Artes,Grado en Bellas Artes,Universidad de Castilla - La Mancha,Cuenca,Presencial,"5,000",Universidad Pública,"4,0 años",1.058 €,5.0
Bellas Artes,Grado en Arte,Universidad del País Vasco,Vizcaya,Presencial,"5,000",Universidad Pública,"4,0 años",1.097 €,5.0
Bellas Artes,Grado en Bellas Artes,Universidad de Salamanca,Salamanca,Presencial,"5,000",Universidad Pública,"4,0 años",734 €,5.0
Bellas Artes,Grado en Bellas Artes,Bau - Centro Universitario de Diseño de Barcelona,Barcelona,Presencial,"5,000",Centro Adscrito Privado,"4,0 años",8.820 €,5.0
Bellas Artes,Grado en Bellas Artes + Diplomatura en Diseño Digital,Escuela Universitaria de Artes TAI,Madrid,Presencial,"5,000",Centro Adscrito Privado,"4,0 años",11.070 €,5.0
Bellas Artes,Grado en Bellas Artes,Adema - Escuela Universitaria,Baleares,Presencial,"5,000",Centro Adscrito Privado,"4,0 años",6.736 €,5.0
Bellas Artes,Grado en Arte y Diseño,Escola Massana,Barcelona,Presencial,"5,000",Centro Adscrito Privado,"4,0 años",6.436 €,5.0
Bellas Artes,Grado en Bellas Artes (Bachelor's Degree in Fine Arts),Adema - Escuela Universitaria,Baleares,Presencial,"5,000",Centro Adscrito Privado,"4,0 años",6.736 €,5.0
Bellas Artes,Doble Grado en Bellas Artes + Turismo,Universidad Rey Juan Carlos,Madrid,Semipresencial,"8,314",Universidad Pública,"6,0 años",no disponible,8.314
Geografia,"Doble Grado en Turismo + Geografía, Territorio y Medio Ambiente",Universitat de Girona,Girona,Presencial,"5,000",Universidad Pública,"4,0 años",1.168 €,5.0
Geografia,Grado en Geografía e Historia,Universidad Pablo de Olavide,Sevilla,Presencial,"5,000",Universidad Pública,"4,0 años",757 €,5.0
Geografia,Doble Grado en Turismo + Geografía e Historia,Universidade de Vigo,Ourense,Presencial,"5,000",Universidad Pública,"6,0 años",680 €,5.0
Geografia,Grado en Geografía e Historia,Universidad de La Rioja,La Rioja,Presencial,"5,000",Universidad Pública,"4,0 años",845 €,5.0
Geografia,"Grado en Geografía, Desarrollo Territorial y Sostenibilidad",Universidad de Castilla - La Mancha,Ciudad Real,Presencial,"5,000",Universidad Pública,"4,0 años",728 €,5.0
Geografia,Grado en Geografía e Historia,Universidad de Jaén,Jaén,Presencial,"5,000",Universidad Pública,"4,0 años",757 €,5.0
Geografia,Grado en Ciencia y Tecnología Geográficas,Universidad de Murcia,Murcia,Presencial,"5,000",Universidad Pública,"4,0 años",863 €,5.0
Geografia,Grado en Geografía e Historia,Universidade de Vigo,Ourense,Presencial,"5,000",Universidad Pública,"4,0 años",591 €,5.0
Geografia,Grado en Geografía e Historia,Universidad Nacional de Educación a Distancia,Madrid,A distancia,"5,000",Universidad Pública,"4,0 años",780 €,5.0
Sociologia,Doble Grado en Sociología + Relaciones Internacionales y Experto en Desarrollo,Universidad Complutense de Madrid,Madrid,Presencial,"11,219",Universidad Pública,"5,0 años",no disponible,11.219
Sociologia,"Grado en Estudios Transculturales Europeos: Lenguas, Culturas, Interacciones",Universidad de Málaga,Málaga,Presencial,"10,885",Universidad Pública,"4,0 años",757 €,10.885
Sociologia,Doble Grado en Ciencia Política y Gestión Pública + Sociología,Universitat Autònoma de Barcelona,Barcelona,Presencial,"9,584",Universidad Pública,"5,0 años",1.168 €,9.584
Sociologia,Doble Grado en Ciencia Política y Gestión Pública + Sociología,Universidad del País Vasco,Vizcaya,Presencial,"9,188",Universidad Pública,"5,0 años",805 €,9.188
Sociologia,Doble Grado en Estadística Aplicada + Sociología,Universitat Autònoma de Barcelona,Barcelona,Presencial,"8,802",Universidad Pública,"5,0 años",1.108 €,8.802
Sociologia,Doble Grado en Ciencias Políticas + Sociología,Universidad Carlos III de Madrid,Madrid,Presencial,"8,764",Universidad Pública,"5,0 años",no disponible,8.764
Sociologia,Grado en Sociología,Universidad Carlos III de Madrid,Madrid,Presencial,"7,466",Universidad Pública,"4,0 años",1.015 €,7.466
Sociologia,Grado en Sociología,Universidad de Alicante,Alicante,Presencial,"6,759",Universidad Pública,"4,0 años",767 €,6.759
Sociologia,Doble Grado en Trabajo Social + Sociología,Universidad Pablo de Olavide,Sevilla,Presencial,"6,136",Universidad Pública,"5,0 años",no disponible,6.136
Sociologia,Grado en Sociología,Universitat Autònoma de Barcelona,Barcelona,Presencial,"5,436",Universidad Pública,"4,0 años",1.061 €,5.436
Sociologia,Grado en Sociología,Universitat de Barcelona,Barcelona,Presencial,"5,020",Universidad Pública,"4,0 años",1.061 €,5.02
Sociologia,Grado en Sociología,Universidad de Granada,Granada,Presencial,"5,000",Universidad Pública,"4,0 años",757 €,5.0
Sociologia,Grado en Sociología,Universitat de València,Valencia,Presencial,"5,000",Universidad Pública,"4,0 años",767 €,5.0
Sociologia,Grado en Estudios Socioculturales de Género,Universitat Autònoma de Barcelona,Barcelona,Presencial,"5,000",Universidad Pública,"4,0 años",1.061 €,5.0
Sociologia,Grado en Sociología,Universidad de La Laguna,Tenerife,Presencial,"5,000",Universidad Pública,"4,0 años",610 €,5.0
Sociologia,Grado en Sociología,Universidade da Coruña,A Coruña,Presencial,"5,000",Universidad Pública,"4,0 años",591 €,5.0
Sociologia,Doble Grado en Sociología + Ciencias Políticas y de la Administración,Universidad Pablo de Olavide,Sevilla,Presencial,"5,000",Universidad Pública,"5,0 años",no disponible,5.0
Sociologia,Grado en Sociología,Universidad del País Vasco,Vizcaya,Presencial,"5,000",Universidad Pública,"4,0 años",805 €,5.0
Sociologia,Doble Grado en Ciencias Políticas y de la Administración + Sociología,Universidad de Granada,Granada,Presencial,"5,000",Universidad Pública,"4,0 años",no disponible,5.0
Sociologia,Grado en Sociología,Universidad Complutense de Madrid,Madrid,Presencial,"5,000",Universidad Pública,"4,0 años",1.015 €,5.0
Sociologia,Grado en Sociología,Universidad de Murcia,Murcia,Presencial,"5,000",Universidad Pública,"4,0 años",863 €,5.0
Sociologia,Grado en Sociología,Universidad de Salamanca,Salamanca,Presencial,"5,000",Universidad Pública,"4,0 años",678 €,5.0
Sociologia,Doble Grado en Sociología + Ciencia Política y Administración Pública,Universidad de Salamanca,Salamanca,Presencial,"5,000",Universidad Pública,"6,0 años",1.141 €,5.0
Sociologia,Doble Grado en Sociología + Ciencias Políticas y de la Administración Pública,Universitat de València,Valencia,Presencial,"5,000",Universidad Pública,"5,0 años",no disponible,5.0
Sociologia,Grado en Sociología Aplicada,Universidad Pública de Navarra,Navarra,Presencial,"5,000",Universidad Pública,"4,0 años",906 €,5.0
Sociologia,Grado en Sociología,Universidad Pablo de Olavide,Sevilla,Presencial,"5,000",Universidad Pública,"4,0 años",757 €,5.0
Sociologia,Grado en Gestión de la Sociedad Digital,Universitat de Vic - Universitat Central de Catalunya,Barcelona,Presencial,"5,000",Universidad Privada,"4,0 años",5.261 €,5.0
Sociologia,Grado en Sociología,Universidad Nacional de Educación a Distancia,Madrid,A distancia,"5,000",Universidad Pública,"4,0 años",780 €,5.0
Criminologia,Doble Grado en Criminología + Psicología,Universidad Rey Juan Carlos,Madrid,Presencial,"12,855",Universidad Pública,"5,0 años",1.749 €,12.855
Criminologia,Doble Grado en Criminología + Derecho,Universidad Rey Juan Carlos,Madrid,Presencial,"12,852",Universidad Pública,"5,0 años",1.408 €,12.852
Criminologia,Doble Grado en Criminología + Derecho,Universidad de Salamanca,Salamanca,Presencial,"12,610",Universidad Pública,"6,0 años",916 €,12.61
Criminologia,Doble Grado en Criminología + Trabajo Social,Universidad Rey Juan Carlos,Madrid,Presencial,"12,553",Universidad Pública,"5,0 años",1.522 €,12.553
Criminologia,Grado en Criminalística: Ciencias y Tecnologías Forenses,Universidad de Alcalá,Madrid,Presencial,"12,374",Universidad Pública,"4,0 años",1.241 €,12.374
Criminologia,Grado en Criminología,Universidad Complutense de Madrid,Madrid,Presencial,"11,599",Universidad Pública,"4,0 años",1.166 €,11.599
Criminologia,Doble Grado en Criminología + Ingeniería Informática,Universidad Rey Juan Carlos,Madrid,Presencial,"11,450",Universidad Pública,"6,0 años",1.611 €,11.45
Criminologia,Grado en Criminología,Universidad de Oviedo,Asturias,Presencial,"11,446",Universidad Pública,"4,0 años",771 €,11.446
Criminologia,Doble Grado en Derecho + Criminología (DECRIM),Universidad de Alicante,Alicante,Presencial,"11,378",Universidad Pública,"5,0 años",no disponible,11.378
Criminologia,Doble Grado en Criminología y Políticas Públicas de Prevención + Derecho,Universitat Pompeu Fabra,Barcelona,Presencial,"11,362",Universidad Pública,"5,0 años",1.097 €,11.362
Criminologia,Doble Grado en Derecho + Criminología,Universitat de València,Valencia,Presencial,"11,336",Universidad Pública,"5,0 años",no disponible,11.336
Criminologia,Doble Grado en Criminología + Derecho,Universidad de Oviedo,Asturias,Presencial,"11,305",Universidad Pública,"4,0 años",993 €,11.305
Criminologia,Doble Grado en Derecho + Criminología,Universidad Pablo de Olavide,Sevilla,Presencial,"11,112",Universidad Pública,"5,0 años",no disponible,11.112
Criminologia,Grado en Criminología,Universidad de Granada,Granada,Presencial,"11,085",Universidad Pública,"4,0 años",757 €,11.085
Criminologia,Grado en Criminología,Universidad Rey Juan Carlos,Madrid,Presencial,"11,068",Universidad Pública,"4,0 años",1.166 €,11.068
Criminologia,Doble Grado en Derecho + Criminología,Universitat Autònoma de Barcelona,Barcelona,Presencial,"10,834",Universidad Pública,,1.061 €,10.834
Criminologia,Grado en Criminología,Universidad de Sevilla,Sevilla,Presencial,"10,806",Universidad Pública,"4,0 años",757 €,10.806
Criminologia,Grado en Criminología,Universidad Rey Juan Carlos,Madrid,Presencial,"10,803",Universidad Pública,"4,0 años",1.166 €,10.803
Criminologia,Doble Grado en Derecho + Criminología,Universidad de Málaga,Málaga,Presencial,"10,789",Universidad Pública,"6,0 años",757 €,10.789
Criminologia,Doble Grado en Derecho + Criminología y Seguridad,Universidad de Cádiz,Cádiz,Presencial,"10,762",Universidad Pública,"5,0 años",757 €,10.762
Criminologia,Grado en Criminología,Universidad de Extremadura,Cáceres,Presencial,"10,650",Universidad Pública,"4,0 años",709 €,10.65
Criminologia,Grado en Criminología,Universidad Pablo de Olavide,Sevilla,Presencial,"10,551",Universidad Pública,"4,0 años",757 €,10.551
Criminologia,Grado en Criminología,Universidad del País Vasco,Guipúzcoa,Presencial,"10,534",Universidad Pública,"4,0 años",805 €,10.534
Criminologia,Grado en Criminología,Universidad de Málaga,Málaga,Presencial,"10,534",Universidad Pública,"4,0 años",757 €,10.534
Criminologia,Grado en Criminología,Universidade de Santiago de Compostela,A Coruña,Presencial,"10,492",Universidad Pública,"4,0 años",591 €,10.492
Criminologia,Grado en Criminología,Universidad de Murcia,Murcia,Presencial,"10,377",Universidad Pública,"4,0 años",863 €,10.377
Criminologia,Grado en Criminología y Seguridad,Universidad de Cádiz,Cádiz,Presencial,"10,012",Universidad Pública,"4,0 años",757 €,10.012
Criminologia,PCEO en Criminología + Derecho,Universidad de Extremadura,Cáceres,Presencial,"9,933",Universidad Pública,"6,0 años",1.010 €,9.933
Criminologia,Grado en Criminología,Universitat de València,Valencia,Presencial,"9,852",Universidad Pública,"4,0 años",767 €,9.852
Criminologia,Doble Grado en Criminología + Grado en Seguridad,Universidad de Murcia,Murcia,Presencial,"9,784",Universidad Pública,"5,0 años",no disponible,9.784
Criminologia,Doble Grado en Seguridad + Criminología,ISEN Centro Universitario,Murcia,Presencial,"9,784",Centro Adscrito Privado,"5,0 años",no disponible,9.784
Criminologia,Grado en Criminología,Universitat Autònoma de Barcelona,Barcelona,Presencial,"9,764",Universidad Pública,"4,0 años",1.061 €,9.764
Criminologia,Grado en Criminología y Seguridad,Universitat Jaume I,Castellón,Presencial,"9,674",Universidad Pública,"4,0 años",767 €,9.674
Criminologia,Grado en Criminología,Universidad de Alicante,Alicante,Presencial,"9,645",Universidad Pública,"4,0 años",767 €,9.645
Criminologia,Grado en Criminología,Universidad de Salamanca,Salamanca,Presencial,"9,558",Universidad Pública,"4,0 años",678 €,9.558
Criminologia,Grado en Criminología,Universitat de Barcelona,Barcelona,Presencial,"9,436",Universidad Pública,"4,0 años",1.061 €,9.436
Criminologia,Grado en Criminología y Políticas Públicas de Prevención,Universitat Pompeu Fabra,Barcelona,Presencial,"9,288",Universidad Pública,"4,0 años",1.061 €,9.288
Criminologia,Grado en Criminología,Universidad de Valladolid,Valladolid,Presencial,"9,017",Universidad Pública,"4,0 años",625 €,9.017
Criminologia,Grado en Criminología,Universidad de Castilla - La Mancha,Albacete,Presencial,"8,863",Universidad Pública,"4,0 años",728 €,8.863
Criminologia,Doble Grado en Derecho + Criminología,Universitat de Girona,Girona,Presencial,"8,656",Universidad Pública,"5,0 años",1.061 €,8.656
Criminologia,Grado en Criminología,Universitat de Girona,Girona,Presencial,"8,554",Universidad Pública,"4,0 años",1.061 €,8.554
Criminologia,Doble Grado en Derecho + Criminología,ESERP Digital Business & Law School,Barcelona,Presencial,"5,000",Centro Adscrito Privado,"5,0 años",8.880 €,5.0
Criminologia,Doble Grado en Derecho + Criminología,ESERP Digital Business & Law School,Madrid,Presencial,"5,000",Centro Adscrito Privado,"5,0 años",8.792 €,5.0
Criminologia,Grado en Criminología + Máster en Digital Business,ESERP Digital Business & Law School,Barcelona,Presencial,"5,000",Centro Adscrito Privado,"4,0 años",10.850 €,5.0
Criminologia,Grado en Criminología,ESERP Digital Business & Law School,Madrid,Presencial,"5,000",Centro Adscrito Privado,"4,0 años",7.970 €,5.0
Criminologia,Grado en Criminología,ESERP Digital Business & Law School,Barcelona,Presencial,"5,000",Centro Adscrito Privado,"4,0 años",7.970 €,5.0
Criminologia,Grado en Criminología,Universidad Nacional de Educación a Distancia,Madrid,A distancia,"5,000",Universidad Pública,"4,0 años",957 €,5.0
Criminologia,Grado en Criminología,Universidad de Alicante,Alicante,A distancia,"8,000",Universidad Pública,"4,0 años",767 €,8.0
Protocolo,Doble Grado en Relaciones Internacionales (inglés) + Protocolo y Organización de Eventos,Universidad Rey Juan Carlos,Madrid,Presencial,"13,127",Universidad Pública,"5,0 años",1.510 €,13.127
Protocolo,Grado en Protocolo y Organización de Eventos y Comunicación Corporativa,Universidad Rey Juan Carlos,Madrid,Presencial,"10,195",Universidad Pública,"4,0 años",1.015 €,10.195
Protocolo,Grado en Protocolo y Organización de Eventos y Comunicación Corporativa,Universidad Rey Juan Carlos,Madrid,Presencial,"7,703",Universidad Pública,"4,0 años",1.015 €,7.703
Protocolo,"Grado en Comunicación Estratégica, Protocolo y Organización de Eventos",Centro de Educación Superior Felipe Moreno - Nebrija,Baleares,Presencial,"5,000",Centro Adscrito Privado,"4,0 años",no disponible,5.0
Protocolo,"Grado en Organización de Eventos, Protocolo y Relaciones Institucionales",Instituto Mediterráneo de Estudios de Protocolo (IMEP),Alicante,Presencial,"5,000",Centro Adscrito Privado,"4,0 años",5.785 €,5.0
Protocolo,"Grado en Organización de Eventos, Protocolo y Relaciones Institucionales",Instituto Mediterráneo de Estudios de Protocolo (IMEP),Alicante,A distancia,"5,000",Centro Adscrito Privado,"4,0 años",5.785 €,5.0
Marketing,Doble Grado en Publicidad y Relaciones Públicas + Marketing,Universidad Rey Juan Carlos,Madrid,Presencial,"13,089",Universidad Pública,"5,0 años",1.404 €,13.089
Marketing,Doble Grado en Administración y Dirección de Empresas + Marketing,Universidad Rey Juan Carlos,Madrid,Presencial,"12,486",Universidad Pública,"5,0 años",1.258 €,12.486
Marketing,Doble Grado en Publicidad y Relaciones Públicas + Marketing e Investigación de Mercados,Universidad de Cádiz,Cádiz,Presencial,"11,382",Universidad Pública,"5,0 años",no disponible,11.382
Marketing,Grado en Marketing,Universidad Rey Juan Carlos,Madrid,Presencial,"11,317",Universidad Pública,"4,0 años",1.015 €,11.317
Marketing,Grado en Marketing e Investigación de Mercados,Universidad de Sevilla,Sevilla,Presencial,"11,005",Universidad Pública,"4,0 años",757 €,11.005
Marketing,Doble Grado en Turismo + Marketing,Universidad Rey Juan Carlos,Madrid,Presencial,"10,728",Universidad Pública,"5,0 años",1.484 €,10.728
Marketing,Grado en Marketing e Investigación de Mercados,Universidad de Granada,Granada,Presencial,"10,719",Universidad Pública,"4,0 años",757 €,10.719
Marketing,Grado en Marketing,Universidad Rey Juan Carlos,Madrid,Presencial,"10,653",Universidad Pública,"4,0 años",1.015 €,10.653
Marketing,Grado en Marketing,Universidad de Alicante,Alicante,Presencial,"10,514",Universidad Pública,"4,0 años",767 €,10.514
Marketing,Grado en Marketing,Universidad de Murcia,Murcia,Presencial,"10,464",Universidad Pública,"4,0 años",863 €,10.464
Marketing,Grado en Marketing,Universidad Rey Juan Carlos,Madrid,Presencial,"10,453",Universidad Pública,"4,0 años",1.015 €,10.453
Marketing,"Doble Grado en Ciencia, Gestión e Ingeniería de Servicios + Marketing",Universidad Rey Juan Carlos,Madrid,Presencial,"10,403",Universidad Pública,"5,0 años",1.258 €,10.403
Marketing,Doble Grado en Administración y Dirección de Empresas (ADE) + Marqueting,Universitat Rovira i Virgili,Tarragona,Presencial,"9,930",Universidad Pública,"5,0 años",1.179 €,9.93
Marketing,Grado en Marketing,Universitat Jaume I,Castellón,Presencial,"9,842",Universidad Pública,"4,0 años",767 €,9.842
Marketing,Grado en Marketing,Universidad Rey Juan Carlos,Madrid,Presencial,"9,434",Universidad Pública,"4,0 años",1.015 €,9.434
Marketing,Grado en Marketing,Universidad Rey Juan Carlos,Madrid,Presencial,"9,203",Universidad Pública,"4,0 años",1.015 €,9.203
Marketing,Grado en Marketing,Universidad del País Vasco,Vizcaya,Presencial,"8,718",Universidad Pública,"4,0 años",823 €,8.718
Marketing,Grado en Marketing e Investigación de Mercados,Universidad de Valladolid,Valladolid,Presencial,"8,188",Universidad Pública,"4,0 años",678 €,8.188
Marketing,Grado en Marketing e Investigación de Mercados,Universidad de Málaga,Málaga,Presencial,"8,187",Universidad Pública,"4,0 años",757 €,8.187
Marketing,Grado en Marketing e Investigación de Mercados,Universidad de Almería,Almería,Presencial,"8,178",Universidad Pública,"4,0 años",757 €,8.178
Marketing,Grado en Negocios y Marketing Internacionales,Escuela Superior de Comercio Internacional (ESCI),Barcelona,Presencial,"8,038",Centro Adscrito Público,"4,0 años",7.980 €,8.038
Marketing,Doble Grado en Administración y Dirección de Empresas (ADE) + Marketing,Universitat Rovira i Virgili,Tarragona,Presencial,"7,570",Universidad Pública,"5,0 años",1.179 €,7.57
Marketing,Doble Grado en Administración y Dirección de Empresas (ADE) + Marketing (Sede Tortosa URV),ESIC Barcelona,Barcelona,Presencial,"7,570",Universidad Privada,"5,0 años",12.250 €,7.57
Marketing,Grado en Negocios y Marketing Internacionales,Escuela Superior de Comercio Internacional (ESCI),Barcelona,Presencial,"7,320",Centro Adscrito Público,"4,0 años",7.980 €,7.32
Marketing,Grado en Marketing e Investigación de Mercados,Universidad de León,León,Presencial,"6,817",Universidad Pública,"4,0 años",678 €,6.817
Marketing,"Grado en Marketing, Innovación y Tecnología",Euncet Business School,Barcelona,Presencial,"6,570",Centro Adscrito Privado,"4,0 años",7.200 €,6.57
Marketing,Grado en Gestión Comercial y Marketing,ESIC Valencia,Valencia,Presencial,"6,510",Universidad Privada,"4,0 años",9.200 €,6.51
Marketing,Doble Grado en Marketing e Investigación de Mercados + Turismo,Universidad de Cádiz,Cádiz,Presencial,"5,000",Universidad Pública,"5,0 años",no disponible,5.0
Marketing,Grado en Marketing e Investigación de Mercados,Universidad de Cádiz,Cádiz,Presencial,"5,000",Universidad Pública,"4,0 años",757 €,5.0
Marketing,Grado en Comercio y Marketing,Universidad de Oviedo,Asturias,Presencial,"5,000",Universidad Pública,"4,0 años",738 €,5.0
Marketing,Grado en Marketing e Investigación de Mercados,Universidad de Zaragoza,Zaragoza,Presencial,"5,000",Universidad Pública,"4,0 años",931 €,5.0
Marketing,Grado en Marketing y Comunicación Empresarial,Universitat de Vic - Universitat Central de Catalunya,Barcelona,Presencial,"5,000",Universidad Privada,"4,0 años",5.758 €,5.0
Marketing,Grado en Marketing,ESIC Barcelona,Barcelona,Presencial,"5,000",Universidad Privada,"4,0 años",9.900 €,5.0
Marketing,Grado en Marketing,ESIC Barcelona,Barcelona,Presencial,"5,000",Universidad Privada,"4,0 años",9.000 €,5.0
Marketing,Grado en Marketing,ESERP Digital Business & Law School,Madrid,Presencial,"5,000",Centro Adscrito Privado,"4,0 años",7.970 €,5.0
Marketing,"Grado en Publicidad, Marketing y Relaciones Públicas",ESERP Digital Business & Law School,Barcelona,Presencial,"5,000",Centro Adscrito Privado,"4,0 años",7.970 €,5.0
Marketing,"Grado en Marketing, Innovación y Tecnología",Euncet Business School,Barcelona,Presencial,"5,000",Centro Adscrito Privado,"4,0 años",7.200 €,5.0
Marketing,Grado en Marketing y Comunidades Digitales,TecnoCampus,Barcelona,Presencial,"5,000",Centro Adscrito Privado,"4,0 años",5.685 €,5.0
Marketing,"Grado en Marketing, Innovación y Tecnología",Euncet Business School,Barcelona,Semipresencial,"5,000",Centro Adscrito Privado,"4,0 años",6.600 €,5.0
Marketing,Grado en Marketing,Escola Universitària Mediterrani,Barcelona,Presencial,"5,000",Centro Adscrito Privado,"4,0 años",6.040 €,5.0
Marketing,"Doble Grado en Empresa, Innovación y Tecnología + Marketing, Innovación y Tecnología",Euncet Business School,Barcelona,Presencial,"5,000",Centro Adscrito Privado,"5,0 años",7.200 €,5.0
Marketing,Grado en Gestión y Marketing Empresarial,E.U. Cámara de Comercio de Bilbao,Vizcaya,Presencial,"5,000",Centro Adscrito Privado,"4,0 años",8.240 €,5.0
Marketing,"Doble Grado en Negocios Internacionales + Publicidad, Marketing y Relaciones Públicas",ESERP Digital Business & Law School,Barcelona,Presencial,"5,000",Centro Adscrito Privado,"5,0 años",7.970 €,5.0
Marketing,Simultaneidad de estudios en Administración de Empresas y Gestión de la Innovación + Marketing y Comunidades Digitales,TecnoCampus,Barcelona,Presencial,"5,000",Centro Adscrito Privado,"5,0 años",5.865 €,5.0
Marketing,Doble Grado en Turismo + Marketing,Escola Universitària Mediterrani,Barcelona,Presencial,"5,000",Centro Adscrito Privado,"5,0 años",6.300 €,5.0
Marketing,"Grado en Publicidad, Marketing y Relaciones Públicas + Máster en Digital Business",ESERP Digital Business & Law School,Barcelona,Presencial,"5,000",Centro Adscrito Privado,"4,0 años",10.490 €,5.0
Marketing,"Doble Grado en Empresa, Innovación y Tecnología + Marketing, Innovación y Tecnología",Euncet Business School,Barcelona,Presencial,"5,000",Centro Adscrito Privado,"5,0 años",7.200 €,5.0
Marketing,Grado en Marketing y Comunicación Digital,EAE Business School,Barcelona,Presencial,"5,000",Centro Adscrito Privado,"4,0 años",8.900 €,5.0
